Average Temperature (celsius),Max Temperature (celsius),Min Temperature (celsius),Average Wind Speed (m/s),City_Ізюм,City_Бахмут,City_Богодухів,City_Біловодськ,City_Великий Бурлук,City_Губиниха,City_Дебальцеве,City_Дніпро,City_Донецьк,City_Запоріжжя,City_Коломак,City_Комісарівка,City_Красноград,City_Куп’янськ,City_Лозова,City_Луганськ,City_Маріуполь,City_Нікополь,City_Пришиб,City_Сватове,City_Харків,City_Чаплине,Year,Month,Total Precipitation (mm)
0.2872653344256873,0.32978110494997703,0.4068693982716553,0.7755102040816325,0.0,0.0,0.0,0.0,0.0,0.0,0.0,1.0,0.0,0.0,0.0,0.0,0.0,0.0,0.0,0.0,0.0,0.0,0.0,0.0,0.0,0.0,2010,6,0.20843989769820973
1.2923542182746734,0.8237263722759336,2.0616262205509313,0.6122448979591836,0.0,0.0,0.0,0.0,0.0,0.0,0.0,1.0,0.0,0.0,0.0,0.0,0.0,0.0,0.0,0.0,0.0,0.0,0.0,0.0,0.0,0.0,2010,7,0.29965899403239554
1.7709679724884761,1.638736063363763,-0.13468737992883462,0.7755102040816325,0.0,0.0,0.0,0.0,0.0,0.0,0.0,1.0,0.0,0.0,0.0,0.0,0.0,0.0,0.0,0.0,0.0,0.0,0.0,0.0,0.0,0.0,2010,8,0.04774083546462063
0.43084946068982843,0.15690026138589327,0.07591803381580027,0.6326530612244897,0.0,0.0,0.0,0.0,0.0,0.0,0.0,0.0,0.0,1.0,0.0,0.0,0.0,0.0,0.0,0.0,0.0,0.0,0.0,0.0,0.0,0.0,2010,6,0.29497016197783466
1.6273838462243349,1.0460017425726156,1.9713667575175158,0.5714285714285713,0.0,0.0,0.0,0.0,0.0,0.0,0.0,0.0,0.0,1.0,0.0,0.0,0.0,0.0,0.0,0.0,0.0,0.0,0.0,0.0,0.0,0.0,2010,7,0.08908780903665814
2.1059976004381373,1.5399470098985721,-0.4957252320624951,0.7346938775510203,0.0,0.0,0.0,0.0,0.0,0.0,0.0,0.0,0.0,1.0,0.0,0.0,0.0,0.0,0.0,0.0,0.0,0.0,0.0,0.0,0.0,0.0,2010,8,0.03324808184143223
0.38298808526844746,0.4532674217814662,-0.70633064580713,0.32653061224489793,1.0,0.0,0.0,0.0,0.0,0.0,0.0,0.0,0.0,0.0,0.0,0.0,0.0,0.0,0.0,0.0,0.0,0.0,0.0,0.0,0.0,0.0,2010,6,0.10784313725490197
1.1487700920105324,0.675542792078148,1.3395505162836112,0.22448979591836735,1.0,0.0,0.0,0.0,0.0,0.0,0.0,0.0,0.0,0.0,0.0,0.0,0.0,0.0,0.0,0.0,0.0,0.0,0.0,0.0,0.0,0.0,2010,7,0.7523444160272805
1.1009087165891513,1.2929743762355939,-1.6690982514968904,0.28571428571428564,1.0,0.0,0.0,0.0,0.0,0.0,0.0,0.0,0.0,0.0,0.0,0.0,0.0,0.0,0.0,0.0,0.0,0.0,0.0,0.0,0.0,0.0,2010,8,0.04305200341005968
0.5744335869539695,-0.31234774257376513,1.3094640286058057,0.9387755102040815,0.0,0.0,0.0,0.0,0.0,0.0,0.0,0.0,0.0,0.0,0.0,0.0,0.0,0.0,0.0,0.0,1.0,0.0,0.0,0.0,0.0,0.0,2010,6,0.1257459505541347
1.6752452216457159,0.42857015841516977,2.2120586589399562,0.7142857142857142,0.0,0.0,0.0,0.0,0.0,0.0,0.0,0.0,0.0,0.0,0.0,0.0,0.0,0.0,0.0,0.0,1.0,0.0,0.0,0.0,0.0,0.0,2010,7,0.2847399829497016
2.39316585296642,0.7249373188107426,-0.10460089225102971,0.8367346938775508,0.0,0.0,0.0,0.0,0.0,0.0,0.0,0.0,0.0,0.0,0.0,0.0,0.0,0.0,0.0,0.0,1.0,0.0,0.0,0.0,0.0,0.0,2010,8,0.0
0.5265722115325886,0.28038657821738244,0.3767829105938504,0.7551020408163265,0.0,0.0,0.0,0.0,0.0,0.0,0.0,0.0,0.0,0.0,0.0,0.0,0.0,0.0,0.0,0.0,0.0,0.0,0.0,0.0,1.0,0.0,2010,6,0.08397271952259165
1.7709679724884761,0.7249373188107426,1.7306748560950764,0.6122448979591836,0.0,0.0,0.0,0.0,0.0,0.0,0.0,0.0,0.0,0.0,0.0,0.0,0.0,0.0,0.0,0.0,0.0,0.0,0.0,0.0,1.0,0.0,2010,7,0.26513213981244677
1.9145520987526172,1.4905524831659758,0.13609100917141062,0.6734693877551019,0.0,0.0,0.0,0.0,0.0,0.0,0.0,0.0,0.0,0.0,0.0,0.0,0.0,0.0,0.0,0.0,0.0,0.0,0.0,0.0,1.0,0.0,2010,8,0.06947996589940325
0.33512670984706827,0.08280847128699875,0.07591803381580027,0.8163265306122448,0.0,0.0,0.0,0.0,0.0,0.0,0.0,0.0,1.0,0.0,0.0,0.0,0.0,0.0,0.0,0.0,0.0,0.0,0.0,0.0,0.0,0.0,2010,6,0.11295822676896847
1.579522470802954,0.6014510019792535,1.8811072944841016,0.693877551020408,0.0,0.0,0.0,0.0,0.0,0.0,0.0,0.0,1.0,0.0,0.0,0.0,0.0,0.0,0.0,0.0,0.0,0.0,0.0,0.0,0.0,0.0,2010,7,0.170076726342711
2.0102748495953775,1.2682771128692956,-0.6461576704515202,0.8367346938775508,0.0,0.0,0.0,0.0,0.0,0.0,0.0,0.0,1.0,0.0,0.0,0.0,0.0,0.0,0.0,0.0,0.0,0.0,0.0,0.0,0.0,0.0,2010,8,0.008525149190110827
0.7180177132181107,0.5026619485140625,-0.3753792813512749,0.4489795918367347,0.0,0.0,0.0,0.0,0.0,0.0,0.0,0.0,0.0,0.0,0.0,0.0,0.0,0.0,0.0,1.0,0.0,0.0,0.0,0.0,0.0,0.0,2010,6,0.0865302642796249
1.7709679724884761,1.3670661663344865,1.550155930028246,0.36734693877551017,0.0,0.0,0.0,0.0,0.0,0.0,0.0,0.0,0.0,0.0,0.0,0.0,0.0,0.0,0.0,1.0,0.0,0.0,0.0,0.0,0.0,0.0,2010,7,0.20545609548167096
1.7709679724884761,1.861011433660443,-1.5186658131078654,0.38775510204081626,0.0,0.0,0.0,0.0,0.0,0.0,0.0,0.0,0.0,0.0,0.0,0.0,0.0,0.0,0.0,1.0,0.0,0.0,0.0,0.0,0.0,0.0,2010,8,0.01918158567774936
-0.4306552968950166,-0.23825595247487233,0.2564369598826302,0.6530612244897959,0.0,0.0,0.0,0.0,0.0,0.0,0.0,1.0,0.0,0.0,0.0,0.0,0.0,0.0,0.0,0.0,0.0,0.0,0.0,0.0,0.0,0.0,2011,6,0.48976982097186705
0.8616018394822501,0.5273592118803607,1.3094640286058057,0.6530612244897959,0.0,0.0,0.0,0.0,0.0,0.0,0.0,1.0,0.0,0.0,0.0,0.0,0.0,0.0,0.0,0.0,0.0,0.0,0.0,0.0,0.0,0.0,2011,7,0.2182438192668372
-0.23920979520949454,0.5520564752466589,0.22635047220482532,0.7142857142857142,0.0,0.0,0.0,0.0,0.0,0.0,0.0,1.0,0.0,0.0,0.0,0.0,0.0,0.0,0.0,0.0,0.0,0.0,0.0,0.0,0.0,0.0,2011,8,0.0814151747655584
-0.28707117063087545,-0.48522858613785064,0.5272153489828755,0.5510204081632653,0.0,0.0,0.0,0.0,0.0,0.0,0.0,0.0,0.0,1.0,0.0,0.0,0.0,0.0,0.0,0.0,0.0,0.0,0.0,0.0,0.0,0.0,2011,6,0.4799658994032396
1.053047341167772,0.5273592118803607,1.1289451025389756,0.5510204081632653,0.0,0.0,0.0,0.0,0.0,0.0,0.0,0.0,0.0,1.0,0.0,0.0,0.0,0.0,0.0,0.0,0.0,0.0,0.0,0.0,0.0,0.0,2011,7,0.3252344416027281
-0.04776429352397417,0.42857015841516977,0.34669642291604547,0.6530612244897959,0.0,0.0,0.0,0.0,0.0,0.0,0.0,0.0,0.0,1.0,0.0,0.0,0.0,0.0,0.0,0.0,0.0,0.0,0.0,0.0,0.0,0.0,2011,8,0.05583972719522592
-0.7178235494232972,-0.5346231128704461,-0.10460089225102971,0.28571428571428564,1.0,0.0,0.0,0.0,0.0,0.0,0.0,0.0,0.0,0.0,0.0,0.0,0.0,0.0,0.0,0.0,0.0,0.0,0.0,0.0,0.0,0.0,2011,6,0.5899403239556693
0.8137404640608709,0.42857015841516977,0.49712886130507056,0.26530612244897955,1.0,0.0,0.0,0.0,0.0,0.0,0.0,0.0,0.0,0.0,0.0,0.0,0.0,0.0,0.0,0.0,0.0,0.0,0.0,0.0,0.0,0.0,2011,7,0.32907075873827796
-0.9092690511088192,0.32978110494997703,-1.3381468870410351,0.28571428571428564,1.0,0.0,0.0,0.0,0.0,0.0,0.0,0.0,0.0,0.0,0.0,0.0,0.0,0.0,0.0,0.0,0.0,0.0,0.0,0.0,0.0,0.0,2011,8,0.07757885763000853
-0.14348704436673435,-0.8062930098997225,0.9484261764721458,0.8775510204081631,0.0,0.0,0.0,0.0,0.0,0.0,0.0,0.0,0.0,0.0,0.0,0.0,0.0,0.0,0.0,0.0,1.0,0.0,0.0,0.0,0.0,0.0,2011,6,0.32651321398124467
1.8188293479098554,0.5273592118803607,1.520069442350441,0.7755102040816325,0.0,0.0,0.0,0.0,0.0,0.0,0.0,0.0,0.0,0.0,0.0,0.0,0.0,0.0,0.0,0.0,1.0,0.0,0.0,0.0,0.0,0.0,2011,7,0.023017902813299237
0.23940395900430808,-0.5099258495041488,0.7378207627275108,0.8367346938775508,0.0,0.0,0.0,0.0,0.0,0.0,0.0,0.0,0.0,0.0,0.0,0.0,0.0,0.0,0.0,0.0,1.0,0.0,0.0,0.0,0.0,0.0,2011,8,0.2510656436487639
-0.47851667231639583,-0.6334121663356379,0.7077342750497054,0.6734693877551019,0.0,0.0,0.0,0.0,0.0,0.0,0.0,0.0,0.0,0.0,0.0,0.0,0.0,0.0,0.0,0.0,0.0,0.0,0.0,0.0,1.0,0.0,2011,6,0.5187553282182439
0.9573245903250119,0.2062947881184879,1.4598964669948307,0.6122448979591836,0.0,0.0,0.0,0.0,0.0,0.0,0.0,0.0,0.0,0.0,0.0,0.0,0.0,0.0,0.0,0.0,0.0,0.0,0.0,0.0,1.0,0.0,2011,7,0.5950554134697357
-0.47851667231639583,0.25568931485108426,-0.044427916895419896,0.5918367346938774,0.0,0.0,0.0,0.0,0.0,0.0,0.0,0.0,0.0,0.0,0.0,0.0,0.0,0.0,0.0,0.0,0.0,0.0,0.0,0.0,1.0,0.0,2011,8,0.04646206308610401
-0.7656849248446781,-0.6581094297019352,0.22635047220482532,0.5918367346938774,0.0,0.0,0.0,0.0,0.0,0.0,0.0,0.0,1.0,0.0,0.0,0.0,0.0,0.0,0.0,0.0,0.0,0.0,0.0,0.0,0.0,0.0,2011,6,0.3780903665814152
1.1487700920105324,0.25568931485108426,1.4298099793170258,0.693877551020408,0.0,0.0,0.0,0.0,0.0,0.0,0.0,0.0,1.0,0.0,0.0,0.0,0.0,0.0,0.0,0.0,0.0,0.0,0.0,0.0,0.0,0.0,2011,7,0.23444160272804776
-0.4306552968950166,-0.11476963564338319,-0.34529279367347004,0.7142857142857142,0.0,0.0,0.0,0.0,0.0,0.0,0.0,0.0,1.0,0.0,0.0,0.0,0.0,0.0,0.0,0.0,0.0,0.0,0.0,0.0,0.0,0.0,2011,8,0.08354646206308611
-0.5742394231591577,-0.46053132277155245,0.01574505846019045,0.346938775510204,0.0,0.0,0.0,0.0,0.0,0.0,0.0,0.0,0.0,0.0,0.0,0.0,0.0,0.0,0.0,1.0,0.0,0.0,0.0,0.0,0.0,0.0,2011,6,0.39855072463768115
1.2923542182746734,0.9966072158400191,0.9484261764721458,0.32653061224489793,0.0,0.0,0.0,0.0,0.0,0.0,0.0,0.0,0.0,0.0,0.0,0.0,0.0,0.0,0.0,1.0,0.0,0.0,0.0,0.0,0.0,0.0,2011,7,0.2050298380221654
-0.47851667231639583,0.5520564752466589,-1.3381468870410351,0.346938775510204,0.0,0.0,0.0,0.0,0.0,0.0,0.0,0.0,0.0,0.0,0.0,0.0,0.0,0.0,0.0,1.0,0.0,0.0,0.0,0.0,0.0,0.0,2011,8,0.09164535379369139
0.33512670984706827,0.42857015841516977,-0.43555225670688474,0.7755102040816325,0.0,0.0,0.0,0.0,0.0,0.0,0.0,1.0,0.0,0.0,0.0,0.0,0.0,0.0,0.0,0.0,0.0,0.0,0.0,0.0,0.0,0.0,2012,6,0.13597612958226768
1.6273838462243349,0.7002400554444445,0.49712886130507056,0.8775510204081631,0.0,0.0,0.0,0.0,0.0,0.0,0.0,1.0,0.0,0.0,0.0,0.0,0.0,0.0,0.0,0.0,0.0,0.0,0.0,0.0,0.0,0.0,2012,7,0.2958226768968457
0.23940395900430808,1.1941853227704011,-0.856763084196155,0.8571428571428571,0.0,0.0,0.0,0.0,0.0,0.0,0.0,1.0,0.0,0.0,0.0,0.0,0.0,0.0,0.0,0.0,0.0,0.0,0.0,0.0,0.0,0.0,2012,8,0.5336743393009378
0.5265722115325886,0.3791756316825734,0.01574505846019045,0.7346938775510203,0.0,0.0,0.0,0.0,0.0,0.0,0.0,0.0,0.0,1.0,0.0,0.0,0.0,0.0,0.0,0.0,0.0,0.0,0.0,0.0,0.0,0.0,2012,6,0.05370843989769821
1.9624134741739965,0.87312089900853,0.5873883243384858,0.7346938775510203,0.0,0.0,0.0,0.0,0.0,0.0,0.0,0.0,0.0,1.0,0.0,0.0,0.0,0.0,0.0,0.0,0.0,0.0,0.0,0.0,0.0,0.0,2012,7,0.09676044330775789
0.6222949623753488,0.9966072158400191,-1.0673684979407903,0.7551020408163265,0.0,0.0,0.0,0.0,0.0,0.0,0.0,0.0,0.0,1.0,0.0,0.0,0.0,0.0,0.0,0.0,0.0,0.0,0.0,0.0,0.0,0.0,2012,8,0.7907075873827792
-0.23920979520949454,0.5273592118803607,-1.00719552258518,0.346938775510204,1.0,0.0,0.0,0.0,0.0,0.0,0.0,0.0,0.0,0.0,0.0,0.0,0.0,0.0,0.0,0.0,0.0,0.0,0.0,0.0,0.0,0.0,2012,6,0.31585677749360613
0.9573245903250119,0.15690026138589327,0.22635047220482532,0.36734693877551017,1.0,0.0,0.0,0.0,0.0,0.0,0.0,0.0,0.0,0.0,0.0,0.0,0.0,0.0,0.0,0.0,0.0,0.0,0.0,0.0,0.0,0.0,2012,7,0.23316283034953114
-0.23920979520949454,1.0460017425726156,-1.157627960974205,0.3061224489795918,1.0,0.0,0.0,0.0,0.0,0.0,0.0,0.0,0.0,0.0,0.0,0.0,0.0,0.0,0.0,0.0,0.0,0.0,0.0,0.0,0.0,0.0,2012,8,0.6606990622335891
0.2872653344256873,-0.11476963564338319,0.7679072504053158,0.7142857142857142,0.0,0.0,0.0,0.0,0.0,0.0,0.0,0.0,0.0,0.0,0.0,0.0,0.0,0.0,0.0,0.0,1.0,0.0,0.0,0.0,0.0,0.0,2012,6,0.16624040920716113
1.6273838462243349,0.7990291089096372,1.1289451025389756,0.8571428571428571,0.0,0.0,0.0,0.0,0.0,0.0,0.0,0.0,0.0,0.0,0.0,0.0,0.0,0.0,0.0,0.0,1.0,0.0,0.0,0.0,0.0,0.0,2012,7,0.07757885763000853
0.909463214903631,0.058111207920702325,-0.7364171334849349,0.8571428571428571,0.0,0.0,0.0,0.0,0.0,0.0,0.0,0.0,0.0,0.0,0.0,0.0,0.0,0.0,0.0,0.0,1.0,0.0,0.0,0.0,0.0,0.0,2012,8,0.19735720375106564
-0.1913484197881153,0.08280847128699875,-0.43555225670688474,0.7346938775510203,0.0,0.0,0.0,0.0,0.0,0.0,0.0,0.0,0.0,0.0,0.0,0.0,0.0,0.0,0.0,0.0,0.0,0.0,0.0,0.0,1.0,0.0,2012,6,0.14151747655583974
1.2444928428532924,0.15690026138589327,1.0085991518277555,0.7755102040816325,0.0,0.0,0.0,0.0,0.0,0.0,0.0,0.0,0.0,0.0,0.0,0.0,0.0,0.0,0.0,0.0,0.0,0.0,0.0,0.0,1.0,0.0,2012,7,0.08269394714407502
-0.04776429352397417,0.8237263722759336,-0.7364171334849349,0.693877551020408,0.0,0.0,0.0,0.0,0.0,0.0,0.0,0.0,0.0,0.0,0.0,0.0,0.0,0.0,0.0,0.0,0.0,0.0,0.0,0.0,1.0,0.0,2012,8,0.3789428815004263
-0.09562566894535511,0.18159752475219146,-0.19486035528444495,0.5714285714285713,0.0,0.0,0.0,0.0,0.0,0.0,0.0,0.0,1.0,0.0,0.0,0.0,0.0,0.0,0.0,0.0,0.0,0.0,0.0,0.0,0.0,0.0,2012,6,0.13810741687979539
1.053047341167772,0.6261482653455517,0.2865234475604357,0.7142857142857142,0.0,0.0,0.0,0.0,0.0,0.0,0.0,0.0,1.0,0.0,0.0,0.0,0.0,0.0,0.0,0.0,0.0,0.0,0.0,0.0,0.0,0.0,2012,7,0.30264279624893436
0.2872653344256873,0.774331845543339,-1.48857932543006,0.693877551020408,0.0,0.0,0.0,0.0,0.0,0.0,0.0,0.0,1.0,0.0,0.0,0.0,0.0,0.0,0.0,0.0,0.0,0.0,0.0,0.0,0.0,0.0,2012,8,0.5140664961636828
0.19154258358292714,0.5026619485140625,0.10600452149360517,0.38775510204081626,0.0,0.0,0.0,0.0,0.0,0.0,0.0,0.0,0.0,0.0,0.0,0.0,0.0,0.0,0.0,1.0,0.0,0.0,0.0,0.0,0.0,0.0,2012,6,0.12233589087809037
1.3402155936960527,0.9966072158400191,0.2865234475604357,0.42857142857142855,0.0,0.0,0.0,0.0,0.0,0.0,0.0,0.0,0.0,0.0,0.0,0.0,0.0,0.0,0.0,1.0,0.0,0.0,0.0,0.0,0.0,0.0,2012,7,0.07587382779198637
0.5744335869539695,1.0213044792063173,-1.4584928377522552,0.42857142857142855,0.0,0.0,0.0,0.0,0.0,0.0,0.0,0.0,0.0,0.0,0.0,0.0,0.0,0.0,0.0,1.0,0.0,0.0,0.0,0.0,0.0,0.0,2012,8,0.09079283887468031
1.8188293479098554,-1.0285683801964027,2.9642208508850816,0.4081632653061224,0.0,1.0,0.0,0.0,0.0,0.0,0.0,0.0,0.0,0.0,0.0,0.0,0.0,0.0,0.0,0.0,0.0,0.0,0.0,0.0,0.0,0.0,2013,6,0.012787723785166242
-0.04776429352397417,0.25568931485108426,0.10600452149360517,0.28571428571428564,0.0,1.0,0.0,0.0,0.0,0.0,0.0,0.0,0.0,0.0,0.0,0.0,0.0,0.0,0.0,0.0,0.0,0.0,0.0,0.0,0.0,0.0,2013,7,0.20588235294117646
-0.09562566894535511,0.4038728950488716,-0.044427916895419896,0.3061224489795918,0.0,1.0,0.0,0.0,0.0,0.0,0.0,0.0,0.0,0.0,0.0,0.0,0.0,0.0,0.0,0.0,0.0,0.0,0.0,0.0,0.0,0.0,2013,8,0.17348678601875536
0.6222949623753488,-1.6953944910864438,2.7536154371404464,0.6530612244897959,0.0,0.0,1.0,0.0,0.0,0.0,0.0,0.0,0.0,0.0,0.0,0.0,0.0,0.0,0.0,0.0,0.0,0.0,0.0,0.0,0.0,0.0,2013,6,0.05115089514066497
-0.813546300266059,-0.411136796038957,-0.4957252320624951,0.5306122448979591,0.0,0.0,1.0,0.0,0.0,0.0,0.0,0.0,0.0,0.0,0.0,0.0,0.0,0.0,0.0,0.0,0.0,0.0,0.0,0.0,0.0,0.0,2013,7,0.33120204603580566
-0.7656849248446781,-0.28765047920746867,0.10600452149360517,0.5714285714285713,0.0,0.0,1.0,0.0,0.0,0.0,0.0,0.0,0.0,0.0,0.0,0.0,0.0,0.0,0.0,0.0,0.0,0.0,0.0,0.0,0.0,0.0,2013,8,0.18329070758738278
-0.813546300266059,-0.31234774257376513,-0.19486035528444495,0.5306122448979591,0.0,0.0,0.0,0.0,1.0,0.0,0.0,0.0,0.0,0.0,0.0,0.0,0.0,0.0,0.0,0.0,0.0,0.0,0.0,0.0,0.0,0.0,2013,7,0.26768968456947995
-0.7178235494232972,-0.31234774257376513,0.19626398452702043,0.5510204081632653,0.0,0.0,0.0,0.0,1.0,0.0,0.0,0.0,0.0,0.0,0.0,0.0,0.0,0.0,0.0,0.0,0.0,0.0,0.0,0.0,0.0,0.0,2013,8,0.2847399829497016
1.6273838462243349,-0.9050820633649136,2.362491097328981,0.510204081632653,0.0,0.0,0.0,0.0,0.0,1.0,0.0,0.0,0.0,0.0,0.0,0.0,0.0,0.0,0.0,0.0,0.0,0.0,0.0,0.0,0.0,0.0,2013,6,0.0
-0.28707117063087545,-0.3864395326726597,0.2564369598826302,0.4489795918367347,0.0,0.0,0.0,0.0,0.0,1.0,0.0,0.0,0.0,0.0,0.0,0.0,0.0,0.0,0.0,0.0,0.0,0.0,0.0,0.0,0.0,0.0,2013,7,0.3657289002557545
-0.09562566894535511,-0.040677845544490394,-0.10460089225102971,0.6122448979591836,0.0,0.0,0.0,0.0,0.0,1.0,0.0,0.0,0.0,0.0,0.0,0.0,0.0,0.0,0.0,0.0,0.0,0.0,0.0,0.0,0.0,0.0,2013,8,0.10613810741687979
0.19154258358292714,0.6508455287118499,0.49712886130507056,0.7142857142857142,0.0,0.0,0.0,0.0,0.0,0.0,0.0,1.0,0.0,0.0,0.0,0.0,0.0,0.0,0.0,0.0,0.0,0.0,0.0,0.0,0.0,0.0,2013,6,0.1010230179028133
-0.04776429352397417,0.03341394455440414,0.13609100917141062,0.7142857142857142,0.0,0.0,0.0,0.0,0.0,0.0,0.0,1.0,0.0,0.0,0.0,0.0,0.0,0.0,0.0,0.0,0.0,0.0,0.0,0.0,0.0,0.0,2013,7,0.17647058823529413
0.23940395900430808,0.4038728950488716,0.07591803381580027,0.7755102040816325,0.0,0.0,0.0,0.0,0.0,0.0,0.0,1.0,0.0,0.0,0.0,0.0,0.0,0.0,0.0,0.0,0.0,0.0,0.0,0.0,0.0,0.0,2013,8,0.1308610400682012
0.09581983274016695,0.47796468514776436,0.5272153489828755,0.6122448979591836,0.0,0.0,0.0,0.0,0.0,0.0,0.0,0.0,0.0,1.0,0.0,0.0,0.0,0.0,0.0,0.0,0.0,0.0,0.0,0.0,0.0,0.0,2013,6,0.25660699062233594
9.708189740677297e-05,-0.090072372277085,0.6776477873719006,0.6122448979591836,0.0,0.0,0.0,0.0,0.0,0.0,0.0,0.0,0.0,1.0,0.0,0.0,0.0,0.0,0.0,0.0,0.0,0.0,0.0,0.0,0.0,0.0,2013,7,0.4901960784313726
0.6222949623753488,0.3544783683162752,0.2865234475604357,0.693877551020408,0.0,0.0,0.0,0.0,0.0,0.0,0.0,0.0,0.0,1.0,0.0,0.0,0.0,0.0,0.0,0.0,0.0,0.0,0.0,0.0,0.0,0.0,2013,8,0.02600170502983802
-0.04776429352397417,0.08280847128699875,0.04583154613799536,0.3061224489795918,1.0,0.0,0.0,0.0,0.0,0.0,0.0,0.0,0.0,0.0,0.0,0.0,0.0,0.0,0.0,0.0,0.0,0.0,0.0,0.0,0.0,0.0,2013,6,0.057971014492753624
-0.3349325460522564,0.2062947881184879,-0.3753792813512749,0.26530612244897955,1.0,0.0,0.0,0.0,0.0,0.0,0.0,0.0,0.0,0.0,0.0,0.0,0.0,0.0,0.0,0.0,0.0,0.0,0.0,0.0,0.0,0.0,2013,7,0.17391304347826086
-0.3349325460522564,0.5273592118803607,-0.6160711827737148,0.28571428571428564,1.0,0.0,0.0,0.0,0.0,0.0,0.0,0.0,0.0,0.0,0.0,0.0,0.0,0.0,0.0,0.0,0.0,0.0,0.0,0.0,0.0,0.0,2013,8,0.21355498721227623
-0.38279392147363567,-0.43583405940525516,-0.1647738676066395,0.32653061224489793,0.0,0.0,0.0,0.0,0.0,0.0,0.0,0.0,0.0,0.0,0.0,1.0,0.0,0.0,0.0,0.0,0.0,0.0,0.0,0.0,0.0,0.0,2013,7,0.20076726342711
-0.4306552968950166,-0.2629532158411705,-0.5258117197403,0.38775510204081626,0.0,0.0,0.0,0.0,0.0,0.0,0.0,0.0,0.0,0.0,0.0,1.0,0.0,0.0,0.0,0.0,0.0,0.0,0.0,0.0,0.0,0.0,2013,8,0.11935208866155159
0.909463214903631,-1.5966054376212528,2.001453245195321,0.36734693877551017,0.0,0.0,0.0,0.0,0.0,0.0,0.0,0.0,0.0,0.0,0.0,0.0,1.0,0.0,0.0,0.0,0.0,0.0,0.0,0.0,0.0,0.0,2013,6,0.0
-0.3349325460522564,-0.2629532158411705,-0.044427916895419896,0.28571428571428564,0.0,0.0,0.0,0.0,0.0,0.0,0.0,0.0,0.0,0.0,0.0,0.0,1.0,0.0,0.0,0.0,0.0,0.0,0.0,0.0,0.0,0.0,2013,7,0.13213981244671782
-0.28707117063087545,-0.11476963564338319,0.22635047220482532,0.32653061224489793,0.0,0.0,0.0,0.0,0.0,0.0,0.0,0.0,0.0,0.0,0.0,0.0,1.0,0.0,0.0,0.0,0.0,0.0,0.0,0.0,0.0,0.0,2013,8,0.1709292412617221
1.4359383445388145,-1.1273574336615946,2.3925775850067867,0.18367346938775508,0.0,0.0,0.0,0.0,0.0,0.0,0.0,0.0,0.0,0.0,0.0,0.0,0.0,1.0,0.0,0.0,0.0,0.0,0.0,0.0,0.0,0.0,2013,6,0.0
-0.23920979520949454,-0.015980582178192218,0.19626398452702043,0.2040816326530612,0.0,0.0,0.0,0.0,0.0,0.0,0.0,0.0,0.0,0.0,0.0,0.0,0.0,1.0,0.0,0.0,0.0,0.0,0.0,0.0,0.0,0.0,2013,7,0.32438192668371696
1.579522470802954,-1.2014492237604872,2.1518856835843465,0.5714285714285713,0.0,0.0,0.0,0.0,0.0,0.0,0.0,0.0,0.0,0.0,0.0,0.0,0.0,0.0,1.0,0.0,0.0,0.0,0.0,0.0,0.0,0.0,2013,6,0.0
-0.3349325460522564,-0.31234774257376513,0.04583154613799536,0.42857142857142855,0.0,0.0,0.0,0.0,0.0,0.0,0.0,0.0,0.0,0.0,0.0,0.0,0.0,0.0,1.0,0.0,0.0,0.0,0.0,0.0,0.0,0.0,2013,7,0.1555839727195226
-0.14348704436673435,-0.11476963564338319,0.22635047220482532,0.4693877551020407,0.0,0.0,0.0,0.0,0.0,0.0,0.0,0.0,0.0,0.0,0.0,0.0,0.0,0.0,1.0,0.0,0.0,0.0,0.0,0.0,0.0,0.0,2013,8,0.3111679454390452
0.47871083611120935,-0.43583405940525516,0.5573018366606803,0.7959183673469387,0.0,0.0,0.0,0.0,0.0,0.0,0.0,0.0,0.0,0.0,0.0,0.0,0.0,0.0,0.0,0.0,1.0,0.0,0.0,0.0,0.0,0.0,2013,6,0.06820119352088662
0.909463214903631,-0.3864395326726597,0.8581667134387305,0.7959183673469387,0.0,0.0,0.0,0.0,0.0,0.0,0.0,0.0,0.0,0.0,0.0,0.0,0.0,0.0,0.0,0.0,1.0,0.0,0.0,0.0,0.0,0.0,2013,7,0.09121909633418585
1.1009087165891513,-0.16416416237597956,1.0988586148611708,0.7959183673469387,0.0,0.0,0.0,0.0,0.0,0.0,0.0,0.0,0.0,0.0,0.0,0.0,0.0,0.0,0.0,0.0,1.0,0.0,0.0,0.0,0.0,0.0,2013,8,0.014919011082693948
0.7180177132181107,-1.1026601702952963,1.6103289053838559,0.4081632653061224,0.0,0.0,0.0,0.0,0.0,0.0,0.0,0.0,0.0,0.0,0.0,0.0,0.0,0.0,0.0,0.0,0.0,0.0,1.0,0.0,0.0,0.0,2013,6,0.029838022165387897
0.2872653344256873,0.13220299801959512,0.1661774968492155,0.510204081632653,0.0,0.0,0.0,0.0,0.0,0.0,0.0,0.0,0.0,0.0,0.0,0.0,0.0,0.0,0.0,0.0,0.0,0.0,1.0,0.0,0.0,0.0,2013,7,0.09548167092924126
0.8137404640608709,0.47796468514776436,0.6174748120162907,0.5714285714285713,0.0,0.0,0.0,0.0,0.0,0.0,0.0,0.0,0.0,0.0,0.0,0.0,0.0,0.0,0.0,0.0,0.0,0.0,1.0,0.0,0.0,0.0,2013,8,0.06947996589940325
0.047958457318786014,-0.06537510891078682,0.6475612996940956,0.7142857142857142,0.0,0.0,0.0,0.0,0.0,0.0,0.0,0.0,0.0,0.0,0.0,0.0,0.0,0.0,0.0,0.0,0.0,0.0,0.0,0.0,1.0,0.0,2013,6,0.16197783461210571
-0.4306552968950166,-0.18886142574227596,0.19626398452702043,0.5714285714285713,0.0,0.0,0.0,0.0,0.0,0.0,0.0,0.0,0.0,0.0,0.0,0.0,0.0,0.0,0.0,0.0,0.0,0.0,0.0,0.0,1.0,0.0,2013,7,0.35635123614663256
-0.47851667231639583,-0.015980582178192218,0.4369558859494607,0.6122448979591836,0.0,0.0,0.0,0.0,0.0,0.0,0.0,0.0,0.0,0.0,0.0,0.0,0.0,0.0,0.0,0.0,0.0,0.0,0.0,0.0,1.0,0.0,2013,8,0.2161125319693095
1.4359383445388145,-0.7322012198008289,2.1518856835843465,0.28571428571428564,0.0,0.0,0.0,0.0,0.0,0.0,0.0,0.0,0.0,0.0,0.0,0.0,0.0,0.0,0.0,0.0,0.0,0.0,0.0,0.0,0.0,1.0,2013,6,0.012787723785166242
-0.04776429352397417,0.03341394455440414,0.22635047220482532,0.3061224489795918,0.0,0.0,0.0,0.0,0.0,0.0,0.0,0.0,0.0,0.0,0.0,0.0,0.0,0.0,0.0,0.0,0.0,0.0,0.0,0.0,0.0,1.0,2013,7,0.18797953964194375
0.23940395900430808,0.32978110494997703,0.34669642291604547,0.3061224489795918,0.0,0.0,0.0,0.0,0.0,0.0,0.0,0.0,0.0,0.0,0.0,0.0,0.0,0.0,0.0,0.0,0.0,0.0,0.0,0.0,0.0,1.0,2013,8,0.10400682011935208
1.0051859657463913,-1.3496328039582746,2.9943073385628867,0.346938775510204,0.0,0.0,0.0,0.0,0.0,0.0,1.0,0.0,0.0,0.0,0.0,0.0,0.0,0.0,0.0,0.0,0.0,0.0,0.0,0.0,0.0,0.0,2013,6,0.03836317135549872
-0.38279392147363567,-0.48522858613785064,-0.014341429217614454,0.42857142857142855,0.0,0.0,0.0,0.0,0.0,0.0,1.0,0.0,0.0,0.0,0.0,0.0,0.0,0.0,0.0,0.0,0.0,0.0,0.0,0.0,0.0,0.0,2013,7,0.11381074168797954
-0.23920979520949454,-0.3864395326726597,0.10600452149360517,0.48979591836734687,0.0,0.0,0.0,0.0,0.0,0.0,1.0,0.0,0.0,0.0,0.0,0.0,0.0,0.0,0.0,0.0,0.0,0.0,0.0,0.0,0.0,0.0,2013,8,0.2898550724637681
-0.04776429352397417,0.08280847128699875,0.4068693982716553,0.6326530612244897,0.0,0.0,0.0,0.0,0.0,0.0,0.0,0.0,1.0,0.0,0.0,0.0,0.0,0.0,0.0,0.0,0.0,0.0,0.0,0.0,0.0,0.0,2013,6,0.34910485933503843
9.708189740677297e-05,-0.21355868910857415,0.1661774968492155,0.6530612244897959,0.0,0.0,0.0,0.0,0.0,0.0,0.0,0.0,1.0,0.0,0.0,0.0,0.0,0.0,0.0,0.0,0.0,0.0,0.0,0.0,0.0,0.0,2013,7,0.1389599317988065
0.2872653344256873,0.03341394455440414,0.34669642291604547,0.6734693877551019,0.0,0.0,0.0,0.0,0.0,0.0,0.0,0.0,1.0,0.0,0.0,0.0,0.0,0.0,0.0,0.0,0.0,0.0,0.0,0.0,0.0,0.0,2013,8,0.12915601023017903
0.1436812081615462,0.47796468514776436,0.01574505846019045,0.4081632653061224,0.0,0.0,0.0,0.0,0.0,0.0,0.0,0.0,0.0,0.0,0.0,0.0,0.0,0.0,0.0,1.0,0.0,0.0,0.0,0.0,0.0,0.0,2013,6,0.014066496163682864
0.33512670984706827,0.2062947881184879,0.07591803381580027,0.38775510204081626,0.0,0.0,0.0,0.0,0.0,0.0,0.0,0.0,0.0,0.0,0.0,0.0,0.0,0.0,0.0,1.0,0.0,0.0,0.0,0.0,0.0,0.0,2013,7,0.13512361466325662
0.047958457318786014,0.3050838415836806,0.2564369598826302,0.36734693877551017,0.0,0.0,0.0,0.0,0.0,0.0,0.0,0.0,0.0,0.0,0.0,0.0,0.0,0.0,0.0,1.0,0.0,0.0,0.0,0.0,0.0,0.0,2013,8,0.25447570332480823
-1.483605556165382,-0.06537510891078682,-0.70633064580713,0.346938775510204,0.0,1.0,0.0,0.0,0.0,0.0,0.0,0.0,0.0,0.0,0.0,0.0,0.0,0.0,0.0,0.0,0.0,0.0,0.0,0.0,0.0,0.0,2014,6,0.2774936061381074
0.09581983274016695,-0.13946689900968137,0.4068693982716553,0.346938775510204,0.0,1.0,0.0,0.0,0.0,0.0,0.0,0.0,0.0,0.0,0.0,0.0,0.0,0.0,0.0,0.0,0.0,0.0,0.0,0.0,0.0,0.0,2014,7,0.4769820971867008
0.09581983274016695,1.1200935326715082,-1.2779739116854254,0.24489795918367344,0.0,1.0,0.0,0.0,0.0,0.0,0.0,0.0,0.0,0.0,0.0,0.0,0.0,0.0,0.0,0.0,0.0,0.0,0.0,0.0,0.0,0.0,2014,8,0.13512361466325662
-2.105803436643326,-0.9297793267312118,-0.94702254722957,0.6122448979591836,0.0,0.0,1.0,0.0,0.0,0.0,0.0,0.0,0.0,0.0,0.0,0.0,0.0,0.0,0.0,0.0,0.0,0.0,0.0,0.0,0.0,0.0,2014,6,0.8759590792838875
-0.09562566894535511,0.18159752475219146,-0.7364171334849349,0.4081632653061224,0.0,0.0,1.0,0.0,0.0,0.0,0.0,0.0,0.0,0.0,0.0,0.0,0.0,0.0,0.0,0.0,0.0,0.0,0.0,0.0,0.0,0.0,2014,8,0.2502131287297528
-2.0579420612219446,-0.48522858613785064,-1.0673684979407903,0.7142857142857142,0.0,0.0,0.0,0.0,1.0,0.0,0.0,0.0,0.0,0.0,0.0,0.0,0.0,0.0,0.0,0.0,0.0,0.0,0.0,0.0,0.0,0.0,2014,6,0.5468883205456097
-0.23920979520949454,-0.46053132277155245,0.6776477873719006,0.5918367346938774,0.0,0.0,0.0,0.0,1.0,0.0,0.0,0.0,0.0,0.0,0.0,0.0,0.0,0.0,0.0,0.0,0.0,0.0,0.0,0.0,0.0,0.0,2014,7,0.09633418584825236
-0.23920979520949454,0.5767537386129553,-0.5859846950959098,0.4489795918367347,0.0,0.0,0.0,0.0,1.0,0.0,0.0,0.0,0.0,0.0,0.0,0.0,0.0,0.0,0.0,0.0,0.0,0.0,0.0,0.0,0.0,0.0,2014,8,0.26427962489343565
-1.5314669315867628,-0.7075039564345307,-0.70633064580713,0.5510204081632653,0.0,0.0,0.0,0.0,0.0,1.0,0.0,0.0,0.0,0.0,0.0,0.0,0.0,0.0,0.0,0.0,0.0,0.0,0.0,0.0,0.0,0.0,2014,6,0.35848252344416026
0.43084946068982843,-0.040677845544490394,0.6776477873719006,0.5714285714285713,0.0,0.0,0.0,0.0,0.0,1.0,0.0,0.0,0.0,0.0,0.0,0.0,0.0,0.0,0.0,0.0,0.0,0.0,0.0,0.0,0.0,0.0,2014,7,0.0494458653026428
0.43084946068982843,0.9472126891074227,-0.5258117197403,0.48979591836734687,0.0,0.0,0.0,0.0,0.0,1.0,0.0,0.0,0.0,0.0,0.0,0.0,0.0,0.0,0.0,0.0,0.0,0.0,0.0,0.0,0.0,0.0,2014,8,0.1658141517476556
-1.435744180744001,-0.3617422693063615,-0.5258117197403,0.7959183673469387,0.0,0.0,0.0,0.0,0.0,0.0,0.0,1.0,0.0,0.0,0.0,0.0,0.0,0.0,0.0,0.0,0.0,0.0,0.0,0.0,0.0,0.0,2014,6,0.45652173913043476
0.38298808526844746,0.13220299801959512,0.9785126641499506,0.8775510204081631,0.0,0.0,0.0,0.0,0.0,0.0,0.0,1.0,0.0,0.0,0.0,0.0,0.0,0.0,0.0,0.0,0.0,0.0,0.0,0.0,0.0,0.0,2014,7,0.1709292412617221
0.5265722115325886,1.1200935326715082,-0.2851198183178597,0.6734693877551019,0.0,0.0,0.0,0.0,0.0,0.0,0.0,1.0,0.0,0.0,0.0,0.0,0.0,0.0,0.0,0.0,0.0,0.0,0.0,0.0,0.0,0.0,2014,8,0.18584825234441604
-1.1007145527943396,-0.411136796038957,-0.4054657690290798,0.693877551020408,0.0,0.0,0.0,0.0,0.0,0.0,0.0,0.0,0.0,1.0,0.0,0.0,0.0,0.0,0.0,0.0,0.0,0.0,0.0,0.0,0.0,0.0,2014,6,0.3772378516624041
0.8137404640608709,0.25568931485108426,0.9484261764721458,0.7142857142857142,0.0,0.0,0.0,0.0,0.0,0.0,0.0,0.0,0.0,1.0,0.0,0.0,0.0,0.0,0.0,0.0,0.0,0.0,0.0,0.0,0.0,0.0,2014,7,0.0545609548167093
0.909463214903631,1.2929743762355939,-0.014341429217614454,0.5714285714285713,0.0,0.0,0.0,0.0,0.0,0.0,0.0,0.0,0.0,1.0,0.0,0.0,0.0,0.0,0.0,0.0,0.0,0.0,0.0,0.0,0.0,0.0,2014,8,0.12276214833759591
-1.5314669315867628,-0.28765047920746867,-0.7364171334849349,0.36734693877551017,1.0,0.0,0.0,0.0,0.0,0.0,0.0,0.0,0.0,0.0,0.0,0.0,0.0,0.0,0.0,0.0,0.0,0.0,0.0,0.0,0.0,0.0,2014,6,0.5907928388746803
0.19154258358292714,-0.06537510891078682,0.34669642291604547,0.3061224489795918,1.0,0.0,0.0,0.0,0.0,0.0,0.0,0.0,0.0,0.0,0.0,0.0,0.0,0.0,0.0,0.0,0.0,0.0,0.0,0.0,0.0,0.0,2014,7,0.14194373401534527
-0.09562566894535511,1.0953962693052102,-1.2779739116854254,0.22448979591836735,1.0,0.0,0.0,0.0,0.0,0.0,0.0,0.0,0.0,0.0,0.0,0.0,0.0,0.0,0.0,0.0,0.0,0.0,0.0,0.0,0.0,0.0,2014,8,0.12105711849957375
-1.3878828053226218,-0.43583405940525516,-0.70633064580713,0.42857142857142855,0.0,0.0,0.0,0.0,0.0,0.0,0.0,0.0,0.0,0.0,0.0,1.0,0.0,0.0,0.0,0.0,0.0,0.0,0.0,0.0,0.0,0.0,2014,6,0.32011935208866155
0.47871083611120935,-0.28765047920746867,0.4369558859494607,0.510204081632653,0.0,0.0,0.0,0.0,0.0,0.0,0.0,0.0,0.0,0.0,0.0,1.0,0.0,0.0,0.0,0.0,0.0,0.0,0.0,0.0,0.0,0.0,2014,7,0.014492753623188406
0.33512670984706827,0.675542792078148,-1.037282010262985,0.32653061224489793,0.0,0.0,0.0,0.0,0.0,0.0,0.0,0.0,0.0,0.0,0.0,1.0,0.0,0.0,0.0,0.0,0.0,0.0,0.0,0.0,0.0,0.0,2014,8,0.11636828644501279
-1.6750510578509024,-0.7322012198008289,-0.2550333306400548,0.38775510204081626,0.0,0.0,0.0,0.0,0.0,0.0,0.0,0.0,0.0,0.0,0.0,0.0,1.0,0.0,0.0,0.0,0.0,0.0,0.0,0.0,0.0,0.0,2014,6,0.45012787723785164
0.09581983274016695,-0.46053132277155245,0.8581667134387305,0.36734693877551017,0.0,0.0,0.0,0.0,0.0,0.0,0.0,0.0,0.0,0.0,0.0,0.0,1.0,0.0,0.0,0.0,0.0,0.0,0.0,0.0,0.0,0.0,2014,7,0.2872975277067349
0.2872653344256873,0.5520564752466589,-0.13468737992883462,0.28571428571428564,0.0,0.0,0.0,0.0,0.0,0.0,0.0,0.0,0.0,0.0,0.0,0.0,1.0,0.0,0.0,0.0,0.0,0.0,0.0,0.0,0.0,0.0,2014,8,0.19224211423699916
-1.5314669315867628,0.058111207920702325,-0.7965901088405453,0.32653061224489793,0.0,0.0,0.0,0.0,0.0,0.0,0.0,0.0,0.0,0.0,0.0,0.0,0.0,1.0,0.0,0.0,0.0,0.0,0.0,0.0,0.0,0.0,2014,6,0.4011082693947144
0.23940395900430808,1.1694880594041046,-0.7364171334849349,0.22448979591836735,0.0,0.0,0.0,0.0,0.0,0.0,0.0,0.0,0.0,0.0,0.0,0.0,0.0,1.0,0.0,0.0,0.0,0.0,0.0,0.0,0.0,0.0,2014,8,0.1896845694799659
-1.6750510578509024,-0.7075039564345307,-0.2851198183178597,0.5306122448979591,0.0,0.0,0.0,0.0,0.0,0.0,0.0,0.0,0.0,0.0,0.0,0.0,0.0,0.0,1.0,0.0,0.0,0.0,0.0,0.0,0.0,0.0,2014,6,0.4424552429667519
0.09581983274016695,-0.3370450059400633,0.9484261764721458,0.5510204081632653,0.0,0.0,0.0,0.0,0.0,0.0,0.0,0.0,0.0,0.0,0.0,0.0,0.0,0.0,1.0,0.0,0.0,0.0,0.0,0.0,0.0,0.0,2014,7,0.14066496163682865
0.19154258358292714,0.7249373188107426,-0.13468737992883462,0.38775510204081626,0.0,0.0,0.0,0.0,0.0,0.0,0.0,0.0,0.0,0.0,0.0,0.0,0.0,0.0,1.0,0.0,0.0,0.0,0.0,0.0,0.0,0.0,2014,8,0.16922421142369992
-0.7178235494232972,-0.8309902732660199,0.34669642291604547,0.9183673469387754,0.0,0.0,0.0,0.0,0.0,0.0,0.0,0.0,0.0,0.0,0.0,0.0,0.0,0.0,0.0,0.0,1.0,0.0,0.0,0.0,0.0,0.0,2014,6,0.30477408354646207
1.053047341167772,-0.6087149029693397,1.7908478314506864,0.7959183673469387,0.0,0.0,0.0,0.0,0.0,0.0,0.0,0.0,0.0,0.0,0.0,0.0,0.0,0.0,0.0,0.0,1.0,0.0,0.0,0.0,0.0,0.0,2014,7,0.4398976982097187
1.1487700920105324,0.675542792078148,0.3767829105938504,0.5918367346938774,0.0,0.0,0.0,0.0,0.0,0.0,0.0,0.0,0.0,0.0,0.0,0.0,0.0,0.0,0.0,0.0,1.0,0.0,0.0,0.0,0.0,0.0,2014,8,0.025575447570332484
-1.1007145527943396,0.03341394455440414,-0.1647738676066395,0.5918367346938774,0.0,0.0,0.0,0.0,0.0,0.0,0.0,0.0,0.0,0.0,0.0,0.0,0.0,0.0,0.0,0.0,0.0,0.0,1.0,0.0,0.0,0.0,2014,6,0.3154305200341006
0.6701563377967298,0.18159752475219146,0.7679072504053158,0.693877551020408,0.0,0.0,0.0,0.0,0.0,0.0,0.0,0.0,0.0,0.0,0.0,0.0,0.0,0.0,0.0,0.0,0.0,0.0,1.0,0.0,0.0,0.0,2014,7,0.057971014492753624
0.6701563377967298,1.1447907960378065,-0.3753792813512749,0.4693877551020407,0.0,0.0,0.0,0.0,0.0,0.0,0.0,0.0,0.0,0.0,0.0,0.0,0.0,0.0,0.0,0.0,0.0,0.0,1.0,0.0,0.0,0.0,2014,8,0.15899403239556692
-1.7707738086936642,-0.756898483167127,-0.3753792813512749,0.7551020408163265,0.0,0.0,0.0,0.0,0.0,0.0,0.0,0.0,0.0,0.0,0.0,0.0,0.0,0.0,0.0,0.0,0.0,0.0,0.0,0.0,1.0,0.0,2014,6,0.5856777493606139
0.1436812081615462,-0.21355868910857415,0.8882532011165359,0.6530612244897959,0.0,0.0,0.0,0.0,0.0,0.0,0.0,0.0,0.0,0.0,0.0,0.0,0.0,0.0,0.0,0.0,0.0,0.0,0.0,0.0,1.0,0.0,2014,7,0.17348678601875536
9.708189740677297e-05,0.7496345821770408,-0.10460089225102971,0.5306122448979591,0.0,0.0,0.0,0.0,0.0,0.0,0.0,0.0,0.0,0.0,0.0,0.0,0.0,0.0,0.0,0.0,0.0,0.0,0.0,0.0,1.0,0.0,2014,8,0.19693094629156013
0.23940395900430808,-0.23825595247487233,0.7979937380831207,0.36734693877551017,0.0,0.0,0.0,0.0,0.0,0.0,0.0,0.0,0.0,0.0,0.0,0.0,0.0,0.0,0.0,0.0,0.0,0.0,0.0,0.0,0.0,1.0,2014,7,0.05242966751918159
0.38298808526844746,0.8484236356422318,-0.2550333306400548,0.26530612244897955,0.0,0.0,0.0,0.0,0.0,0.0,0.0,0.0,0.0,0.0,0.0,0.0,0.0,0.0,0.0,0.0,0.0,0.0,0.0,0.0,0.0,1.0,2014,8,0.2710997442455243
-2.0100806858005655,-0.5593203762367442,-1.00719552258518,0.6122448979591836,0.0,0.0,0.0,0.0,0.0,0.0,1.0,0.0,0.0,0.0,0.0,0.0,0.0,0.0,0.0,0.0,0.0,0.0,0.0,0.0,0.0,0.0,2014,6,0.504688832054561
-0.28707117063087545,-0.6087149029693397,0.6776477873719006,0.6326530612244897,0.0,0.0,0.0,0.0,0.0,0.0,1.0,0.0,0.0,0.0,0.0,0.0,0.0,0.0,0.0,0.0,0.0,0.0,0.0,0.0,0.0,0.0,2014,7,0.3691389599317988
-1.2442986790584807,0.25568931485108426,-0.5558982074181049,0.510204081632653,0.0,0.0,0.0,0.0,0.0,0.0,0.0,0.0,0.0,0.0,0.0,0.0,0.0,0.0,0.0,1.0,0.0,0.0,0.0,0.0,0.0,0.0,2014,6,0.2161125319693095
-0.1913484197881153,-0.3864395326726597,1.2192045655723909,0.4489795918367347,0.0,0.0,0.0,0.0,0.0,0.0,0.0,0.0,0.0,0.0,0.0,0.0,0.0,0.0,0.0,1.0,0.0,0.0,0.0,0.0,0.0,0.0,2014,7,0.2557544757033248
-0.23920979520949454,-0.23825595247487233,-0.856763084196155,0.24489795918367344,0.0,1.0,0.0,0.0,0.0,0.0,0.0,0.0,0.0,0.0,0.0,0.0,0.0,0.0,0.0,0.0,0.0,0.0,0.0,0.0,0.0,0.0,2015,6,0.3354646206308611
0.047958457318786014,0.87312089900853,0.04583154613799536,0.26530612244897955,0.0,1.0,0.0,0.0,0.0,0.0,0.0,0.0,0.0,0.0,0.0,0.0,0.0,0.0,0.0,0.0,0.0,0.0,0.0,0.0,0.0,0.0,2015,7,0.1918158567774936
-0.09562566894535511,0.7002400554444445,-2.0000496159527454,0.3061224489795918,0.0,1.0,0.0,0.0,0.0,0.0,0.0,0.0,0.0,0.0,0.0,0.0,0.0,0.0,0.0,0.0,0.0,0.0,0.0,0.0,0.0,0.0,2015,8,0.0639386189258312
-0.8614076756874383,-0.5346231128704461,0.3166099352382406,0.5306122448979591,0.0,0.0,1.0,0.0,0.0,0.0,0.0,0.0,0.0,0.0,0.0,0.0,0.0,0.0,0.0,0.0,0.0,0.0,0.0,0.0,0.0,0.0,2015,6,0.3742540494458653
-0.6699621740019179,-0.040677845544490394,-0.13468737992883462,0.5918367346938774,0.0,0.0,1.0,0.0,0.0,0.0,0.0,0.0,0.0,0.0,0.0,0.0,0.0,0.0,0.0,0.0,0.0,0.0,0.0,0.0,0.0,0.0,2015,7,0.3098891730605286
-0.5263780477377767,-0.06537510891078682,-0.7665036211627397,0.5306122448979591,0.0,0.0,1.0,0.0,0.0,0.0,0.0,0.0,0.0,0.0,0.0,0.0,0.0,0.0,0.0,0.0,0.0,0.0,0.0,0.0,0.0,0.0,2015,8,0.017050298380221655
-0.6221007985805369,-0.46053132277155245,-0.43555225670688474,0.510204081632653,0.0,0.0,0.0,0.0,1.0,0.0,0.0,0.0,0.0,0.0,0.0,0.0,0.0,0.0,0.0,0.0,0.0,0.0,0.0,0.0,0.0,0.0,2015,6,0.24595055413469738
-0.5742394231591577,0.7249373188107426,0.19626398452702043,0.5714285714285713,0.0,0.0,0.0,0.0,1.0,0.0,0.0,0.0,0.0,0.0,0.0,0.0,0.0,0.0,0.0,0.0,0.0,0.0,0.0,0.0,0.0,0.0,2015,7,0.190537084398977
-0.47851667231639583,0.23099205148478608,-1.3682333747188402,0.5714285714285713,0.0,0.0,0.0,0.0,1.0,0.0,0.0,0.0,0.0,0.0,0.0,0.0,0.0,0.0,0.0,0.0,0.0,0.0,0.0,0.0,0.0,0.0,2015,8,0.0
-0.5742394231591577,-0.7322012198008289,0.4369558859494607,0.38775510204081626,0.0,0.0,0.0,0.0,0.0,1.0,0.0,0.0,0.0,0.0,0.0,0.0,0.0,0.0,0.0,0.0,0.0,0.0,0.0,0.0,0.0,0.0,2015,6,0.5144927536231885
-0.04776429352397417,0.5273592118803607,0.34669642291604547,0.4489795918367347,0.0,0.0,0.0,0.0,0.0,1.0,0.0,0.0,0.0,0.0,0.0,0.0,0.0,0.0,0.0,0.0,0.0,0.0,0.0,0.0,0.0,0.0,2015,7,0.06905370843989769
0.047958457318786014,0.5273592118803607,-0.7364171334849349,0.5510204081632653,0.0,0.0,0.0,0.0,0.0,1.0,0.0,0.0,0.0,0.0,0.0,0.0,0.0,0.0,0.0,0.0,0.0,0.0,0.0,0.0,0.0,0.0,2015,8,0.15174765558397274
-0.38279392147363567,-0.46053132277155245,0.19626398452702043,0.6530612244897959,0.0,0.0,0.0,0.0,0.0,0.0,0.0,1.0,0.0,0.0,0.0,0.0,0.0,0.0,0.0,0.0,0.0,0.0,0.0,0.0,0.0,0.0,2015,6,0.22549019607843138
0.2872653344256873,0.774331845543339,-0.07451440457322481,0.693877551020408,0.0,0.0,0.0,0.0,0.0,0.0,0.0,1.0,0.0,0.0,0.0,0.0,0.0,0.0,0.0,0.0,0.0,0.0,0.0,0.0,0.0,0.0,2015,7,0.12276214833759591
0.19154258358292714,0.9472126891074227,0.19626398452702043,0.8979591836734694,0.0,0.0,0.0,0.0,0.0,0.0,0.0,1.0,0.0,0.0,0.0,0.0,0.0,0.0,0.0,0.0,0.0,0.0,0.0,0.0,0.0,0.0,2015,8,0.20460358056265987
-0.3349325460522564,-0.5840176396030415,0.2564369598826302,0.5510204081632653,0.0,0.0,0.0,0.0,0.0,0.0,0.0,0.0,0.0,1.0,0.0,0.0,0.0,0.0,0.0,0.0,0.0,0.0,0.0,0.0,0.0,0.0,2015,6,0.29923273657289007
0.47871083611120935,0.47796468514776436,0.5573018366606803,0.5918367346938774,0.0,0.0,0.0,0.0,0.0,0.0,0.0,0.0,0.0,1.0,0.0,0.0,0.0,0.0,0.0,0.0,0.0,0.0,0.0,0.0,0.0,0.0,2015,7,0.10656436487638535
0.5744335869539695,0.9472126891074227,0.04583154613799536,0.7346938775510203,0.0,0.0,0.0,0.0,0.0,0.0,0.0,0.0,0.0,1.0,0.0,0.0,0.0,0.0,0.0,0.0,0.0,0.0,0.0,0.0,0.0,0.0,2015,8,0.1445012787723785
-0.3349325460522564,-0.18886142574227596,-0.676244158129325,0.26530612244897955,1.0,0.0,0.0,0.0,0.0,0.0,0.0,0.0,0.0,0.0,0.0,0.0,0.0,0.0,0.0,0.0,0.0,0.0,0.0,0.0,0.0,0.0,2015,6,0.26726342710997447
9.708189740677297e-05,0.8484236356422318,-0.22494684296224987,0.32653061224489793,1.0,0.0,0.0,0.0,0.0,0.0,0.0,0.0,0.0,0.0,0.0,0.0,0.0,0.0,0.0,0.0,0.0,0.0,0.0,0.0,0.0,0.0,2015,7,0.08951406649616368
-0.23920979520949454,0.7002400554444445,-1.9699631282749406,0.28571428571428564,1.0,0.0,0.0,0.0,0.0,0.0,0.0,0.0,0.0,0.0,0.0,0.0,0.0,0.0,0.0,0.0,0.0,0.0,0.0,0.0,0.0,0.0,2015,8,0.06820119352088662
-0.813546300266059,-0.7322012198008289,-0.4054657690290798,0.32653061224489793,0.0,0.0,0.0,0.0,0.0,0.0,0.0,0.0,0.0,0.0,0.0,1.0,0.0,0.0,0.0,0.0,0.0,0.0,0.0,0.0,0.0,0.0,2015,6,0.5554134697357205
-0.14348704436673435,0.28038657821738244,-0.2550333306400548,0.3061224489795918,0.0,0.0,0.0,0.0,0.0,0.0,0.0,0.0,0.0,0.0,0.0,1.0,0.0,0.0,0.0,0.0,0.0,0.0,0.0,0.0,0.0,0.0,2015,7,0.159846547314578
-0.5742394231591577,0.2062947881184879,-1.1877144486520101,0.38775510204081626,0.0,0.0,0.0,0.0,0.0,0.0,0.0,0.0,0.0,0.0,0.0,1.0,0.0,0.0,0.0,0.0,0.0,0.0,0.0,0.0,0.0,0.0,2015,8,0.29411764705882354
-0.5263780477377767,-0.3617422693063615,0.6776477873719006,0.28571428571428564,0.0,0.0,0.0,0.0,0.0,0.0,0.0,0.0,0.0,0.0,0.0,0.0,1.0,0.0,0.0,0.0,0.0,0.0,0.0,0.0,0.0,0.0,2015,6,0.2591645353793691
-0.3349325460522564,0.13220299801959512,0.3166099352382406,0.28571428571428564,0.0,0.0,0.0,0.0,0.0,0.0,0.0,0.0,0.0,0.0,0.0,0.0,1.0,0.0,0.0,0.0,0.0,0.0,0.0,0.0,0.0,0.0,2015,7,0.17945439045183292
-0.09562566894535511,0.4038728950488716,-0.3753792813512749,0.346938775510204,0.0,0.0,0.0,0.0,0.0,0.0,0.0,0.0,0.0,0.0,0.0,0.0,1.0,0.0,0.0,0.0,0.0,0.0,0.0,0.0,0.0,0.0,2015,8,0.12233589087809037
-0.04776429352397417,-0.3864395326726597,-0.19486035528444495,0.22448979591836735,0.0,0.0,0.0,0.0,0.0,0.0,0.0,0.0,0.0,0.0,0.0,0.0,0.0,1.0,0.0,0.0,0.0,0.0,0.0,0.0,0.0,0.0,2015,6,0.19650468883205457
0.047958457318786014,1.0706990059389119,-2.0602225913083556,0.22448979591836735,0.0,0.0,0.0,0.0,0.0,0.0,0.0,0.0,0.0,0.0,0.0,0.0,0.0,1.0,0.0,0.0,0.0,0.0,0.0,0.0,0.0,0.0,2015,7,0.1504688832054561
-0.14348704436673435,0.675542792078148,-1.5788387884634754,0.28571428571428564,0.0,0.0,0.0,0.0,0.0,0.0,0.0,0.0,0.0,0.0,0.0,0.0,0.0,1.0,0.0,0.0,0.0,0.0,0.0,0.0,0.0,0.0,2015,8,0.06820119352088662
-0.47851667231639583,-0.43583405940525516,0.22635047220482532,0.38775510204081626,0.0,0.0,0.0,0.0,0.0,0.0,0.0,0.0,0.0,0.0,0.0,0.0,0.0,0.0,1.0,0.0,0.0,0.0,0.0,0.0,0.0,0.0,2015,6,0.2753623188405797
-0.04776429352397417,0.5520564752466589,0.49712886130507056,0.4081632653061224,0.0,0.0,0.0,0.0,0.0,0.0,0.0,0.0,0.0,0.0,0.0,0.0,0.0,0.0,1.0,0.0,0.0,0.0,0.0,0.0,0.0,0.0,2015,7,0.19863597612958228
-0.09562566894535511,0.3791756316825734,-0.4957252320624951,0.42857142857142855,0.0,0.0,0.0,0.0,0.0,0.0,0.0,0.0,0.0,0.0,0.0,0.0,0.0,0.0,1.0,0.0,0.0,0.0,0.0,0.0,0.0,0.0,2015,8,0.04475703324808184
-0.3349325460522564,-0.411136796038957,0.6475612996940956,0.6122448979591836,0.0,0.0,0.0,0.0,0.0,0.0,0.0,0.0,0.0,0.0,0.0,0.0,0.0,0.0,0.0,0.0,0.0,0.0,0.0,0.0,1.0,0.0,2015,6,0.3081841432225064
-0.3349325460522564,0.5273592118803607,0.2865234475604357,0.6122448979591836,0.0,0.0,0.0,0.0,0.0,0.0,0.0,0.0,0.0,0.0,0.0,0.0,0.0,0.0,0.0,0.0,0.0,0.0,0.0,0.0,1.0,0.0,2015,7,0.45780051150895146
-0.23920979520949454,0.5520564752466589,-0.43555225670688474,0.6122448979591836,0.0,0.0,0.0,0.0,0.0,0.0,0.0,0.0,0.0,0.0,0.0,0.0,0.0,0.0,0.0,0.0,0.0,0.0,0.0,0.0,1.0,0.0,2015,8,0.008525149190110827
-0.38279392147363567,-0.5099258495041488,-0.07451440457322481,0.24489795918367344,0.0,0.0,0.0,0.0,0.0,0.0,0.0,0.0,0.0,0.0,0.0,0.0,0.0,0.0,0.0,0.0,0.0,0.0,0.0,0.0,0.0,1.0,2015,6,0.21355498721227623
0.19154258358292714,0.5767537386129553,-0.014341429217614454,0.32653061224489793,0.0,0.0,0.0,0.0,0.0,0.0,0.0,0.0,0.0,0.0,0.0,0.0,0.0,0.0,0.0,0.0,0.0,0.0,0.0,0.0,0.0,1.0,2015,7,0.35294117647058826
-0.1913484197881153,0.9719099524737209,-0.9169360595517652,0.28571428571428564,0.0,0.0,0.0,0.0,0.0,0.0,0.0,0.0,0.0,0.0,0.0,0.0,0.0,0.0,0.0,0.0,0.0,0.0,0.0,0.0,0.0,1.0,2015,8,0.10315430520034101
-1.3878828053226218,-2.0905507049472094,0.3767829105938504,0.16326530612244897,0.0,0.0,0.0,0.0,0.0,0.0,0.0,0.0,0.0,0.0,1.0,0.0,0.0,0.0,0.0,0.0,0.0,0.0,0.0,0.0,0.0,0.0,2015,6,0.0
9.708189740677297e-05,-1.7447890178190402,2.422664072684591,0.5306122448979591,0.0,0.0,0.0,0.0,0.0,0.0,0.0,0.0,0.0,0.0,1.0,0.0,0.0,0.0,0.0,0.0,0.0,0.0,0.0,0.0,0.0,0.0,2015,7,0.0
-0.5742394231591577,-0.040677845544490394,-1.2779739116854254,0.28571428571428564,0.0,1.0,0.0,0.0,0.0,0.0,0.0,0.0,0.0,0.0,0.0,0.0,0.0,0.0,0.0,0.0,0.0,0.0,0.0,0.0,0.0,0.0,2016,6,0.10703324808184143
0.5265722115325886,1.4411579564333794,-0.13468737992883462,0.3061224489795918,0.0,1.0,0.0,0.0,0.0,0.0,0.0,0.0,0.0,0.0,0.0,0.0,0.0,0.0,0.0,0.0,0.0,0.0,0.0,0.0,0.0,0.0,2016,7,0.0896845694799659
0.8137404640608709,0.6014510019792535,0.4068693982716553,0.3061224489795918,0.0,1.0,0.0,0.0,0.0,0.0,0.0,0.0,0.0,0.0,0.0,0.0,0.0,0.0,0.0,0.0,0.0,0.0,0.0,0.0,0.0,0.0,2016,8,0.1735294117647059
-1.1964373036370997,-0.8309902732660199,-1.157627960974205,0.510204081632653,0.0,0.0,1.0,0.0,0.0,0.0,0.0,0.0,0.0,0.0,0.0,0.0,0.0,0.0,0.0,0.0,0.0,0.0,0.0,0.0,0.0,0.0,2016,6,0.28525149190110827
0.047958457318786014,0.7496345821770408,0.46704237362726564,0.510204081632653,0.0,0.0,1.0,0.0,0.0,0.0,0.0,0.0,0.0,0.0,0.0,0.0,0.0,0.0,0.0,0.0,0.0,0.0,0.0,0.0,0.0,0.0,2016,7,0.2297527706734868
-0.3349325460522564,-0.2629532158411705,-0.014341429217614454,0.5510204081632653,0.0,0.0,1.0,0.0,0.0,0.0,0.0,0.0,0.0,0.0,0.0,0.0,0.0,0.0,0.0,0.0,0.0,0.0,0.0,0.0,0.0,0.0,2016,8,0.5231031543052004
-1.2921600544798617,-0.5346231128704461,-1.48857932543006,0.4489795918367347,0.0,0.0,0.0,0.0,1.0,0.0,0.0,0.0,0.0,0.0,0.0,0.0,0.0,0.0,0.0,0.0,0.0,0.0,0.0,0.0,0.0,0.0,2016,6,0.1428388746803069
9.708189740677297e-05,1.2188825861366992,-0.014341429217614454,0.4693877551020407,0.0,0.0,0.0,0.0,1.0,0.0,0.0,0.0,0.0,0.0,0.0,0.0,0.0,0.0,0.0,0.0,0.0,0.0,0.0,0.0,0.0,0.0,2016,7,0.25123614663256605
9.708189740677297e-05,0.3544783683162752,0.13609100917141062,0.5918367346938774,0.0,0.0,0.0,0.0,1.0,0.0,0.0,0.0,0.0,0.0,0.0,0.0,0.0,0.0,0.0,0.0,0.0,0.0,0.0,0.0,0.0,0.0,2016,8,0.24654731457800513
-0.7178235494232972,-0.28765047920746867,-1.3080603993632303,0.4693877551020407,0.0,0.0,0.0,0.0,0.0,1.0,0.0,0.0,0.0,0.0,0.0,0.0,0.0,0.0,0.0,0.0,0.0,0.0,0.0,0.0,0.0,0.0,2016,6,0.15601023017902815
0.38298808526844746,1.1200935326715082,0.19626398452702043,0.4489795918367347,0.0,0.0,0.0,0.0,0.0,1.0,0.0,0.0,0.0,0.0,0.0,0.0,0.0,0.0,0.0,0.0,0.0,0.0,0.0,0.0,0.0,0.0,2016,7,0.028601875532821827
0.47871083611120935,0.3791756316825734,0.10600452149360517,0.5918367346938774,0.0,0.0,0.0,0.0,0.0,1.0,0.0,0.0,0.0,0.0,0.0,0.0,0.0,0.0,0.0,0.0,0.0,0.0,0.0,0.0,0.0,0.0,2016,8,0.23239556692242117
-0.7178235494232972,-0.31234774257376513,-1.1275414732964002,0.693877551020408,0.0,0.0,0.0,0.0,0.0,0.0,0.0,1.0,0.0,0.0,0.0,0.0,0.0,0.0,0.0,0.0,0.0,0.0,0.0,0.0,0.0,0.0,2016,6,0.2161125319693095
0.5265722115325886,1.0953962693052102,0.3767829105938504,0.6530612244897959,0.0,0.0,0.0,0.0,0.0,0.0,0.0,1.0,0.0,0.0,0.0,0.0,0.0,0.0,0.0,0.0,0.0,0.0,0.0,0.0,0.0,0.0,2016,7,0.2173913043478261
0.7180177132181107,1.1200935326715082,0.5272153489828755,0.8775510204081631,0.0,0.0,0.0,0.0,0.0,0.0,0.0,1.0,0.0,0.0,0.0,0.0,0.0,0.0,0.0,0.0,0.0,0.0,0.0,0.0,0.0,0.0,2016,8,0.09420289855072465
-0.23920979520949454,-0.090072372277085,-1.3080603993632303,0.5918367346938774,0.0,0.0,0.0,0.0,0.0,0.0,0.0,0.0,0.0,1.0,0.0,0.0,0.0,0.0,0.0,0.0,0.0,0.0,0.0,0.0,0.0,0.0,2016,6,0.21184995737425408
0.8616018394822501,1.3423689029681884,0.5873883243384858,0.6326530612244897,0.0,0.0,0.0,0.0,0.0,0.0,0.0,0.0,0.0,1.0,0.0,0.0,0.0,0.0,0.0,0.0,0.0,0.0,0.0,0.0,0.0,0.0,2016,7,0.05285592497868713
1.2444928428532924,0.8484236356422318,0.5873883243384858,0.7959183673469387,0.0,0.0,0.0,0.0,0.0,0.0,0.0,0.0,0.0,1.0,0.0,0.0,0.0,0.0,0.0,0.0,0.0,0.0,0.0,0.0,0.0,0.0,2016,8,0.035379369138959935
-0.6221007985805369,0.008716681188105962,-1.4284063500744504,0.26530612244897955,1.0,0.0,0.0,0.0,0.0,0.0,0.0,0.0,0.0,0.0,0.0,0.0,0.0,0.0,0.0,0.0,0.0,0.0,0.0,0.0,0.0,0.0,2016,6,0.1658141517476556
0.2872653344256873,1.4411579564333794,-0.044427916895419896,0.26530612244897955,1.0,0.0,0.0,0.0,0.0,0.0,0.0,0.0,0.0,0.0,0.0,0.0,0.0,0.0,0.0,0.0,0.0,0.0,0.0,0.0,0.0,0.0,2016,7,0.1679454390451833
0.38298808526844746,0.42857015841516977,0.19626398452702043,0.3061224489795918,1.0,0.0,0.0,0.0,0.0,0.0,0.0,0.0,0.0,0.0,0.0,0.0,0.0,0.0,0.0,0.0,0.0,0.0,0.0,0.0,0.0,0.0,2016,8,0.40281329923273657
-0.813546300266059,-0.411136796038957,-1.6991847391746953,0.346938775510204,0.0,0.0,0.0,0.0,0.0,0.0,0.0,0.0,0.0,0.0,0.0,1.0,0.0,0.0,0.0,0.0,0.0,0.0,0.0,0.0,0.0,0.0,2016,6,0.1636828644501279
0.33512670984706827,0.8237263722759336,0.04583154613799536,0.3061224489795918,0.0,0.0,0.0,0.0,0.0,0.0,0.0,0.0,0.0,0.0,0.0,1.0,0.0,0.0,0.0,0.0,0.0,0.0,0.0,0.0,0.0,0.0,2016,7,0.05801364023870418
0.19154258358292714,0.3050838415836806,0.5272153489828755,0.42857142857142855,0.0,0.0,0.0,0.0,0.0,0.0,0.0,0.0,0.0,0.0,0.0,1.0,0.0,0.0,0.0,0.0,0.0,0.0,0.0,0.0,0.0,0.0,2016,8,0.27024722932651324
-0.7656849248446781,-0.7075039564345307,-1.157627960974205,0.3061224489795918,0.0,0.0,0.0,0.0,0.0,0.0,0.0,0.0,0.0,0.0,0.0,0.0,1.0,0.0,0.0,0.0,0.0,0.0,0.0,0.0,0.0,0.0,2016,6,0.406692242114237
0.38298808526844746,1.1200935326715082,0.6475612996940956,0.3061224489795918,0.0,0.0,0.0,0.0,0.0,0.0,0.0,0.0,0.0,0.0,0.0,0.0,1.0,0.0,0.0,0.0,0.0,0.0,0.0,0.0,0.0,0.0,2016,7,0.15481670929241262
0.1436812081615462,0.3544783683162752,0.4068693982716553,0.32653061224489793,0.0,0.0,0.0,0.0,0.0,0.0,0.0,0.0,0.0,0.0,0.0,0.0,1.0,0.0,0.0,0.0,0.0,0.0,0.0,0.0,0.0,0.0,2016,8,0.15191815856777494
-0.5263780477377767,-0.06537510891078682,-0.9771090349073752,0.22448979591836735,0.0,0.0,0.0,0.0,0.0,0.0,0.0,0.0,0.0,0.0,0.0,0.0,0.0,1.0,0.0,0.0,0.0,0.0,0.0,0.0,0.0,0.0,2016,6,0.14893435635123614
0.5744335869539695,1.4905524831659758,0.10600452149360517,0.2040816326530612,0.0,0.0,0.0,0.0,0.0,0.0,0.0,0.0,0.0,0.0,0.0,0.0,0.0,1.0,0.0,0.0,0.0,0.0,0.0,0.0,0.0,0.0,2016,7,0.3202046035805627
0.5265722115325886,0.32978110494997703,0.3767829105938504,0.24489795918367344,0.0,0.0,0.0,0.0,0.0,0.0,0.0,0.0,0.0,0.0,0.0,0.0,0.0,1.0,0.0,0.0,0.0,0.0,0.0,0.0,0.0,0.0,2016,8,0.24317988064791135
-0.813546300266059,-0.46053132277155245,-1.037282010262985,0.4489795918367347,0.0,0.0,0.0,0.0,0.0,0.0,0.0,0.0,0.0,0.0,0.0,0.0,0.0,0.0,1.0,0.0,0.0,0.0,0.0,0.0,0.0,0.0,2016,6,0.2796248934356351
0.38298808526844746,0.9966072158400191,0.8280802257609255,0.4693877551020407,0.0,0.0,0.0,0.0,0.0,0.0,0.0,0.0,0.0,0.0,0.0,0.0,0.0,0.0,1.0,0.0,0.0,0.0,0.0,0.0,0.0,0.0,2016,7,0.24782608695652175
0.1436812081615462,0.13220299801959512,0.34669642291604547,0.48979591836734687,0.0,0.0,0.0,0.0,0.0,0.0,0.0,0.0,0.0,0.0,0.0,0.0,0.0,0.0,1.0,0.0,0.0,0.0,0.0,0.0,0.0,0.0,2016,8,0.45997442455242965
0.19154258358292714,0.4038728950488716,-0.9169360595517652,0.7755102040816325,0.0,0.0,0.0,0.0,0.0,0.0,0.0,0.0,0.0,0.0,0.0,0.0,0.0,0.0,0.0,0.0,1.0,0.0,0.0,0.0,0.0,0.0,2016,6,0.05200341005967604
1.1009087165891513,0.28038657821738244,1.3094640286058057,0.7959183673469387,0.0,0.0,0.0,0.0,0.0,0.0,0.0,0.0,0.0,0.0,0.0,0.0,0.0,0.0,0.0,0.0,1.0,0.0,0.0,0.0,0.0,0.0,2016,7,0.08098891730605286
1.6752452216457159,0.008716681188105962,1.038685639505561,0.8979591836734694,0.0,0.0,0.0,0.0,0.0,0.0,0.0,0.0,0.0,0.0,0.0,0.0,0.0,0.0,0.0,0.0,1.0,0.0,0.0,0.0,0.0,0.0,2016,8,0.08098891730605286
-0.38279392147363567,0.058111207920702325,-0.9771090349073752,0.48979591836734687,0.0,0.0,0.0,0.0,0.0,0.0,0.0,0.0,0.0,0.0,0.0,0.0,0.0,0.0,0.0,0.0,0.0,0.0,1.0,0.0,0.0,0.0,2016,6,0.16457800511508952
0.7180177132181107,1.1694880594041046,0.01574505846019045,0.510204081632653,0.0,0.0,0.0,0.0,0.0,0.0,0.0,0.0,0.0,0.0,0.0,0.0,0.0,0.0,0.0,0.0,0.0,0.0,1.0,0.0,0.0,0.0,2016,7,0.08397271952259165
1.1966314674319132,0.6508455287118499,0.46704237362726564,0.6122448979591836,0.0,0.0,0.0,0.0,0.0,0.0,0.0,0.0,0.0,0.0,0.0,0.0,0.0,0.0,0.0,0.0,0.0,0.0,1.0,0.0,0.0,0.0,2016,8,0.14812446717817562
-0.9092690511088192,-0.411136796038957,-1.0673684979407903,0.5714285714285713,0.0,0.0,0.0,0.0,0.0,0.0,0.0,0.0,0.0,0.0,0.0,0.0,0.0,0.0,0.0,0.0,0.0,0.0,0.0,0.0,1.0,0.0,2016,6,0.22890025575447573
0.2872653344256873,1.2188825861366992,0.5272153489828755,0.5306122448979591,0.0,0.0,0.0,0.0,0.0,0.0,0.0,0.0,0.0,0.0,0.0,0.0,0.0,0.0,0.0,0.0,0.0,0.0,0.0,0.0,1.0,0.0,2016,7,0.3900255754475703
0.047958457318786014,0.13220299801959512,0.13609100917141062,0.6326530612244897,0.0,0.0,0.0,0.0,0.0,0.0,0.0,0.0,0.0,0.0,0.0,0.0,0.0,0.0,0.0,0.0,0.0,0.0,0.0,0.0,1.0,0.0,2016,8,0.26982097186700765
-0.5263780477377767,-0.2629532158411705,-0.9169360595517652,0.3061224489795918,0.0,0.0,0.0,0.0,0.0,0.0,0.0,0.0,0.0,0.0,0.0,0.0,0.0,0.0,0.0,0.0,0.0,0.0,0.0,0.0,0.0,1.0,2016,6,0.17357203751065645
0.7180177132181107,1.2435798495029975,0.5873883243384858,0.36734693877551017,0.0,0.0,0.0,0.0,0.0,0.0,0.0,0.0,0.0,0.0,0.0,0.0,0.0,0.0,0.0,0.0,0.0,0.0,0.0,0.0,0.0,1.0,2016,7,0.12387041773231032
0.6701563377967298,0.3791756316825734,0.1661774968492155,0.346938775510204,0.0,0.0,0.0,0.0,0.0,0.0,0.0,0.0,0.0,0.0,0.0,0.0,0.0,0.0,0.0,0.0,0.0,0.0,0.0,0.0,0.0,1.0,2016,8,0.1559676044330776
-1.0049918019515793,0.03341394455440414,-2.1504820543417704,0.3061224489795918,0.0,1.0,0.0,0.0,0.0,0.0,0.0,0.0,0.0,0.0,0.0,0.0,0.0,0.0,0.0,0.0,0.0,0.0,0.0,0.0,0.0,0.0,2017,6,0.17067348678601876
9.708189740677297e-05,0.9719099524737209,-0.7665036211627397,0.32653061224489793,0.0,1.0,0.0,0.0,0.0,0.0,0.0,0.0,0.0,0.0,0.0,0.0,0.0,0.0,0.0,0.0,0.0,0.0,0.0,0.0,0.0,0.0,2017,7,0.16287297527706737
0.9573245903250119,1.3917634297007848,-0.1647738676066395,0.346938775510204,0.0,1.0,0.0,0.0,0.0,0.0,0.0,0.0,0.0,0.0,0.0,0.0,0.0,0.0,0.0,0.0,0.0,0.0,0.0,0.0,0.0,0.0,2017,8,0.0699914748508099
-1.5314669315867628,-0.5346231128704461,-1.6390117638190853,0.6326530612244897,0.0,0.0,1.0,0.0,0.0,0.0,0.0,0.0,0.0,0.0,0.0,0.0,0.0,0.0,0.0,0.0,0.0,0.0,0.0,0.0,0.0,0.0,2017,6,0.11027280477408355
-0.6699621740019179,-0.090072372277085,-0.22494684296224987,0.5918367346938774,0.0,0.0,1.0,0.0,0.0,0.0,0.0,0.0,0.0,0.0,0.0,0.0,0.0,0.0,0.0,0.0,0.0,0.0,0.0,0.0,0.0,0.0,2017,7,0.11436487638533674
0.38298808526844746,0.15690026138589327,-0.1647738676066395,0.6326530612244897,0.0,0.0,1.0,0.0,0.0,0.0,0.0,0.0,0.0,0.0,0.0,0.0,0.0,0.0,0.0,0.0,0.0,0.0,0.0,0.0,0.0,0.0,2017,8,0.09650468883205457
-1.7229124332722832,-0.5099258495041488,-1.8797036652415255,0.5918367346938774,0.0,0.0,0.0,0.0,1.0,0.0,0.0,0.0,0.0,0.0,0.0,0.0,0.0,0.0,0.0,0.0,0.0,0.0,0.0,0.0,0.0,0.0,2017,6,0.12578857630008528
-0.6221007985805369,0.6014510019792535,-0.70633064580713,0.5918367346938774,0.0,0.0,0.0,0.0,1.0,0.0,0.0,0.0,0.0,0.0,0.0,0.0,0.0,0.0,0.0,0.0,0.0,0.0,0.0,0.0,0.0,0.0,2017,7,0.12425404944586531
0.19154258358292714,0.10750573465329692,-0.4957252320624951,0.6326530612244897,0.0,0.0,0.0,0.0,1.0,0.0,0.0,0.0,0.0,0.0,0.0,0.0,0.0,0.0,0.0,0.0,0.0,0.0,0.0,0.0,0.0,0.0,2017,8,0.025362318840579712
-0.9092690511088192,-0.21355868910857415,-1.3381468870410351,0.510204081632653,0.0,0.0,0.0,0.0,0.0,1.0,0.0,0.0,0.0,0.0,0.0,0.0,0.0,0.0,0.0,0.0,0.0,0.0,0.0,0.0,0.0,0.0,2017,6,0.060528559249786874
-0.4306552968950166,0.32978110494997703,-0.2851198183178597,0.4693877551020407,0.0,0.0,0.0,0.0,0.0,1.0,0.0,0.0,0.0,0.0,0.0,0.0,0.0,0.0,0.0,0.0,0.0,0.0,0.0,0.0,0.0,0.0,2017,7,0.2557544757033248
0.9573245903250119,0.5273592118803607,-0.044427916895419896,0.5714285714285713,0.0,0.0,0.0,0.0,0.0,1.0,0.0,0.0,0.0,0.0,0.0,0.0,0.0,0.0,0.0,0.0,0.0,0.0,0.0,0.0,0.0,0.0,2017,8,0.021312872975277068
-0.6221007985805369,-0.18886142574227596,-1.037282010262985,0.7142857142857142,0.0,0.0,0.0,0.0,0.0,0.0,0.0,1.0,0.0,0.0,0.0,0.0,0.0,0.0,0.0,0.0,0.0,0.0,0.0,0.0,0.0,0.0,2017,6,0.16155157715260018
-0.28707117063087545,0.2062947881184879,0.04583154613799536,0.6734693877551019,0.0,0.0,0.0,0.0,0.0,0.0,0.0,1.0,0.0,0.0,0.0,0.0,0.0,0.0,0.0,0.0,0.0,0.0,0.0,0.0,0.0,0.0,2017,7,0.1896845694799659
1.1009087165891513,0.9225154257411263,-0.34529279367347004,0.8979591836734694,0.0,0.0,0.0,0.0,0.0,0.0,0.0,1.0,0.0,0.0,0.0,0.0,0.0,0.0,0.0,0.0,0.0,0.0,0.0,0.0,0.0,0.0,2017,8,0.054987212276214836
-0.3349325460522564,-0.040677845544490394,-0.43555225670688474,0.6326530612244897,0.0,0.0,0.0,0.0,0.0,0.0,0.0,0.0,0.0,1.0,0.0,0.0,0.0,0.0,0.0,0.0,0.0,0.0,0.0,0.0,0.0,0.0,2017,6,0.1568627450980392
0.19154258358292714,0.6261482653455517,0.10600452149360517,0.6734693877551019,0.0,0.0,0.0,0.0,0.0,0.0,0.0,0.0,0.0,1.0,0.0,0.0,0.0,0.0,0.0,0.0,0.0,0.0,0.0,0.0,0.0,0.0,2017,7,0.1585677749360614
1.5316610953815748,0.9966072158400191,0.34669642291604547,0.8367346938775508,0.0,0.0,0.0,0.0,0.0,0.0,0.0,0.0,0.0,1.0,0.0,0.0,0.0,0.0,0.0,0.0,0.0,0.0,0.0,0.0,0.0,0.0,2017,8,0.03367433930093777
-0.9571304265301984,0.008716681188105962,-2.0000496159527454,0.3061224489795918,1.0,0.0,0.0,0.0,0.0,0.0,0.0,0.0,0.0,0.0,0.0,0.0,0.0,0.0,0.0,0.0,0.0,0.0,0.0,0.0,0.0,0.0,2017,6,0.11295822676896847
-0.04776429352397417,0.87312089900853,-1.037282010262985,0.346938775510204,1.0,0.0,0.0,0.0,0.0,0.0,0.0,0.0,0.0,0.0,0.0,0.0,0.0,0.0,0.0,0.0,0.0,0.0,0.0,0.0,0.0,0.0,2017,7,0.08567774936061381
0.6701563377967298,0.87312089900853,-0.7364171334849349,0.32653061224489793,1.0,0.0,0.0,0.0,0.0,0.0,0.0,0.0,0.0,0.0,0.0,0.0,0.0,0.0,0.0,0.0,0.0,0.0,0.0,0.0,0.0,0.0,2017,8,0.020034100596760446
-0.7178235494232972,-0.3370450059400633,-1.6690982514968904,0.28571428571428564,0.0,0.0,0.0,0.0,0.0,0.0,0.0,0.0,0.0,0.0,0.0,1.0,0.0,0.0,0.0,0.0,0.0,0.0,0.0,0.0,0.0,0.0,2017,6,0.08269394714407502
-0.5263780477377767,0.3050838415836806,-0.46563874438468966,0.28571428571428564,0.0,0.0,0.0,0.0,0.0,0.0,0.0,0.0,0.0,0.0,0.0,1.0,0.0,0.0,0.0,0.0,0.0,0.0,0.0,0.0,0.0,0.0,2017,7,0.30140664961636826
0.6701563377967298,0.774331845543339,-0.19486035528444495,0.4489795918367347,0.0,0.0,0.0,0.0,0.0,0.0,0.0,0.0,0.0,0.0,0.0,1.0,0.0,0.0,0.0,0.0,0.0,0.0,0.0,0.0,0.0,0.0,2017,8,0.023870417732310314
-0.9571304265301984,-0.411136796038957,-1.1877144486520101,0.3061224489795918,0.0,0.0,0.0,0.0,0.0,0.0,0.0,0.0,0.0,0.0,0.0,0.0,1.0,0.0,0.0,0.0,0.0,0.0,0.0,0.0,0.0,0.0,2017,6,0.09019607843137255
-0.3349325460522564,0.058111207920702325,0.10600452149360517,0.3061224489795918,0.0,0.0,0.0,0.0,0.0,0.0,0.0,0.0,0.0,0.0,0.0,0.0,1.0,0.0,0.0,0.0,0.0,0.0,0.0,0.0,0.0,0.0,2017,7,0.16675191815856777
0.76587908863949,0.25568931485108426,-0.34529279367347004,0.346938775510204,0.0,0.0,0.0,0.0,0.0,0.0,0.0,0.0,0.0,0.0,0.0,0.0,1.0,0.0,0.0,0.0,0.0,0.0,0.0,0.0,0.0,0.0,2017,8,0.027450980392156866
-1.0528531773729604,-0.23825595247487233,-1.6991847391746953,0.26530612244897955,0.0,0.0,0.0,0.0,0.0,0.0,0.0,0.0,0.0,0.0,0.0,0.0,0.0,1.0,0.0,0.0,0.0,0.0,0.0,0.0,0.0,0.0,2017,6,0.2136828644501279
9.708189740677297e-05,0.675542792078148,-0.43555225670688474,0.24489795918367344,0.0,0.0,0.0,0.0,0.0,0.0,0.0,0.0,0.0,0.0,0.0,0.0,0.0,1.0,0.0,0.0,0.0,0.0,0.0,0.0,0.0,0.0,2017,7,0.12459505541346974
0.6701563377967298,0.5273592118803607,-0.4957252320624951,0.32653061224489793,0.0,0.0,0.0,0.0,0.0,0.0,0.0,0.0,0.0,0.0,0.0,0.0,0.0,1.0,0.0,0.0,0.0,0.0,0.0,0.0,0.0,0.0,2017,8,0.048380221653878945
-0.813546300266059,-0.11476963564338319,-1.2178009363298152,0.48979591836734687,0.0,0.0,0.0,0.0,0.0,0.0,0.0,0.0,0.0,0.0,0.0,0.0,0.0,0.0,1.0,0.0,0.0,0.0,0.0,0.0,0.0,0.0,2017,6,0.09087809036658143
-0.1913484197881153,0.2062947881184879,0.34669642291604547,0.48979591836734687,0.0,0.0,0.0,0.0,0.0,0.0,0.0,0.0,0.0,0.0,0.0,0.0,0.0,0.0,1.0,0.0,0.0,0.0,0.0,0.0,0.0,0.0,2017,7,0.1735294117647059
0.8137404640608709,0.3791756316825734,0.4068693982716553,0.5714285714285713,0.0,0.0,0.0,0.0,0.0,0.0,0.0,0.0,0.0,0.0,0.0,0.0,0.0,0.0,1.0,0.0,0.0,0.0,0.0,0.0,0.0,0.0,2017,8,0.143691389599318
-0.5263780477377767,-0.756898483167127,-0.7364171334849349,0.7755102040816325,0.0,0.0,0.0,0.0,0.0,0.0,0.0,0.0,0.0,0.0,0.0,0.0,0.0,0.0,0.0,0.0,1.0,0.0,0.0,0.0,0.0,0.0,2017,6,0.2131287297527707
0.5744335869539695,-0.23825595247487233,0.5873883243384858,0.7959183673469387,0.0,0.0,0.0,0.0,0.0,0.0,0.0,0.0,0.0,0.0,0.0,0.0,0.0,0.0,0.0,0.0,1.0,0.0,0.0,0.0,0.0,0.0,2017,7,0.10272804774083548
1.6752452216457159,0.5026619485140625,0.13609100917141062,1.0,0.0,0.0,0.0,0.0,0.0,0.0,0.0,0.0,0.0,0.0,0.0,0.0,0.0,0.0,0.0,0.0,1.0,0.0,0.0,0.0,0.0,0.0,2017,8,0.0
-0.4306552968950166,0.13220299801959512,-1.5186658131078654,0.510204081632653,0.0,0.0,0.0,0.0,0.0,0.0,0.0,0.0,0.0,0.0,0.0,0.0,0.0,0.0,0.0,0.0,0.0,0.0,1.0,0.0,0.0,0.0,2017,6,0.043222506393861895
0.09581983274016695,0.7249373188107426,0.13609100917141062,0.5510204081632653,0.0,0.0,0.0,0.0,0.0,0.0,0.0,0.0,0.0,0.0,0.0,0.0,0.0,0.0,0.0,0.0,0.0,0.0,1.0,0.0,0.0,0.0,2017,7,0.3254049445865303
1.2923542182746734,1.1447907960378065,-0.34529279367347004,0.6734693877551019,0.0,0.0,0.0,0.0,0.0,0.0,0.0,0.0,0.0,0.0,0.0,0.0,0.0,0.0,0.0,0.0,0.0,0.0,1.0,0.0,0.0,0.0,2017,8,0.10025575447570333
-1.1964373036370997,-0.21355868910857415,-1.3381468870410351,0.693877551020408,0.0,0.0,0.0,0.0,0.0,0.0,0.0,0.0,0.0,0.0,0.0,0.0,0.0,0.0,0.0,0.0,0.0,0.0,0.0,0.0,1.0,0.0,2017,6,0.0741687979539642
-0.28707117063087545,0.18159752475219146,0.07591803381580027,0.6734693877551019,0.0,0.0,0.0,0.0,0.0,0.0,0.0,0.0,0.0,0.0,0.0,0.0,0.0,0.0,0.0,0.0,0.0,0.0,0.0,0.0,1.0,0.0,2017,7,0.16197783461210571
0.6701563377967298,0.18159752475219146,0.10600452149360517,0.7346938775510203,0.0,0.0,0.0,0.0,0.0,0.0,0.0,0.0,0.0,0.0,0.0,0.0,0.0,0.0,0.0,0.0,0.0,0.0,0.0,0.0,1.0,0.0,2017,8,0.04774083546462063
-0.7656849248446781,-0.11476963564338319,-1.4584928377522552,0.28571428571428564,0.0,0.0,0.0,0.0,0.0,0.0,0.0,0.0,0.0,0.0,0.0,0.0,0.0,0.0,0.0,0.0,0.0,0.0,0.0,0.0,0.0,1.0,2017,6,0.3370417732310315
-0.14348704436673435,0.2062947881184879,0.2865234475604357,0.24489795918367344,0.0,0.0,0.0,0.0,0.0,0.0,0.0,0.0,0.0,0.0,0.0,0.0,0.0,0.0,0.0,0.0,0.0,0.0,0.0,0.0,0.0,1.0,2017,7,0.19381926683716966
0.8137404640608709,0.8484236356422318,-0.014341429217614454,0.26530612244897955,0.0,0.0,0.0,0.0,0.0,0.0,0.0,0.0,0.0,0.0,0.0,0.0,0.0,0.0,0.0,0.0,0.0,0.0,0.0,0.0,0.0,1.0,2017,8,0.03431372549019608
-0.4306552968950166,0.6508455287118499,-2.0000496159527454,0.28571428571428564,0.0,1.0,0.0,0.0,0.0,0.0,0.0,0.0,0.0,0.0,0.0,0.0,0.0,0.0,0.0,0.0,0.0,0.0,0.0,0.0,0.0,0.0,2018,6,0.12531969309462915
0.38298808526844746,-0.015980582178192218,0.01574505846019045,0.22448979591836735,0.0,1.0,0.0,0.0,0.0,0.0,0.0,0.0,0.0,0.0,0.0,0.0,0.0,0.0,0.0,0.0,0.0,0.0,0.0,0.0,0.0,0.0,2018,7,0.30179028132992325
0.1436812081615462,0.2062947881184879,-1.3381468870410351,0.24489795918367344,0.0,1.0,0.0,0.0,0.0,0.0,0.0,0.0,0.0,0.0,0.0,0.0,0.0,0.0,0.0,0.0,0.0,0.0,0.0,0.0,0.0,0.0,2018,8,0.0
-1.0049918019515793,-0.43583405940525516,-1.24788742400762,0.6326530612244897,0.0,0.0,1.0,0.0,0.0,0.0,0.0,0.0,0.0,0.0,0.0,0.0,0.0,0.0,0.0,0.0,0.0,0.0,0.0,0.0,0.0,0.0,2018,6,0.13810741687979539
-0.28707117063087545,-0.6828066930682334,-0.07451440457322481,0.5510204081632653,0.0,0.0,1.0,0.0,0.0,0.0,0.0,0.0,0.0,0.0,0.0,0.0,0.0,0.0,0.0,0.0,0.0,0.0,0.0,0.0,0.0,0.0,2018,7,0.5179028132992327
0.23940395900430808,-0.06537510891078682,0.07591803381580027,0.5510204081632653,0.0,0.0,1.0,0.0,0.0,0.0,0.0,0.0,0.0,0.0,0.0,0.0,0.0,0.0,0.0,0.0,0.0,0.0,0.0,0.0,0.0,0.0,2018,8,0.0
-1.2921600544798617,0.008716681188105962,-2.1504820543417704,0.6122448979591836,0.0,0.0,0.0,0.0,1.0,0.0,0.0,0.0,0.0,0.0,0.0,0.0,0.0,0.0,0.0,0.0,0.0,0.0,0.0,0.0,0.0,0.0,2018,6,0.12404092071611254
-0.1913484197881153,-0.23825595247487233,-0.044427916895419896,0.510204081632653,0.0,0.0,0.0,0.0,1.0,0.0,0.0,0.0,0.0,0.0,0.0,0.0,0.0,0.0,0.0,0.0,0.0,0.0,0.0,0.0,0.0,0.0,2018,7,0.43307757885763
-0.28707117063087545,-0.06537510891078682,-0.6160711827737148,0.42857142857142855,0.0,0.0,0.0,0.0,1.0,0.0,0.0,0.0,0.0,0.0,0.0,0.0,0.0,0.0,0.0,0.0,0.0,0.0,0.0,0.0,0.0,0.0,2018,8,0.003410059676044331
-0.47851667231639583,-0.16416416237597956,-1.1877144486520101,0.5714285714285713,0.0,0.0,0.0,0.0,0.0,1.0,0.0,0.0,0.0,0.0,0.0,0.0,0.0,0.0,0.0,0.0,0.0,0.0,0.0,0.0,0.0,0.0,2018,6,0.23657289002557547
0.09581983274016695,-0.7075039564345307,0.10600452149360517,0.4489795918367347,0.0,0.0,0.0,0.0,0.0,1.0,0.0,0.0,0.0,0.0,0.0,0.0,0.0,0.0,0.0,0.0,0.0,0.0,0.0,0.0,0.0,0.0,2018,7,0.32693947144075025
0.6222949623753488,0.13220299801959512,-0.014341429217614454,0.4081632653061224,0.0,0.0,0.0,0.0,0.0,1.0,0.0,0.0,0.0,0.0,0.0,0.0,0.0,0.0,0.0,0.0,0.0,0.0,0.0,0.0,0.0,0.0,2018,8,0.017050298380221655
-0.1913484197881153,0.2062947881184879,-0.6461576704515202,0.7959183673469387,0.0,0.0,0.0,0.0,0.0,0.0,0.0,1.0,0.0,0.0,0.0,0.0,0.0,0.0,0.0,0.0,0.0,0.0,0.0,0.0,0.0,0.0,2018,6,0.22591645353793693
0.19154258358292714,-0.48522858613785064,0.7979937380831207,0.6326530612244897,0.0,0.0,0.0,0.0,0.0,0.0,0.0,1.0,0.0,0.0,0.0,0.0,0.0,0.0,0.0,0.0,0.0,0.0,0.0,0.0,0.0,0.0,2018,7,0.3380221653878943
0.6222949623753488,-0.015980582178192218,0.5272153489828755,0.7346938775510203,0.0,0.0,0.0,0.0,0.0,0.0,0.0,1.0,0.0,0.0,0.0,0.0,0.0,0.0,0.0,0.0,0.0,0.0,0.0,0.0,0.0,0.0,2018,8,0.0
0.33512670984706827,0.5520564752466589,-0.6461576704515202,0.7142857142857142,0.0,0.0,0.0,0.0,0.0,0.0,0.0,0.0,0.0,1.0,0.0,0.0,0.0,0.0,0.0,0.0,0.0,0.0,0.0,0.0,0.0,0.0,2018,6,0.10443307757885764
0.8137404640608709,-0.11476963564338319,0.6475612996940956,0.6326530612244897,0.0,0.0,0.0,0.0,0.0,0.0,0.0,0.0,0.0,1.0,0.0,0.0,0.0,0.0,0.0,0.0,0.0,0.0,0.0,0.0,0.0,0.0,2018,7,0.2847399829497016
1.2444928428532924,0.42857015841516977,0.9785126641499506,0.6734693877551019,0.0,0.0,0.0,0.0,0.0,0.0,0.0,0.0,0.0,1.0,0.0,0.0,0.0,0.0,0.0,0.0,0.0,0.0,0.0,0.0,0.0,0.0,2018,8,0.004262574595055414
-0.6221007985805369,0.058111207920702325,-2.0903090789861607,0.32653061224489793,1.0,0.0,0.0,0.0,0.0,0.0,0.0,0.0,0.0,0.0,0.0,0.0,0.0,0.0,0.0,0.0,0.0,0.0,0.0,0.0,0.0,0.0,2018,6,0.1636828644501279
0.5265722115325886,0.03341394455440414,-0.07451440457322481,0.28571428571428564,1.0,0.0,0.0,0.0,0.0,0.0,0.0,0.0,0.0,0.0,0.0,0.0,0.0,0.0,0.0,0.0,0.0,0.0,0.0,0.0,0.0,0.0,2018,7,0.123614663256607
-0.04776429352397417,0.10750573465329692,-1.4584928377522552,0.24489795918367344,1.0,0.0,0.0,0.0,0.0,0.0,0.0,0.0,0.0,0.0,0.0,0.0,0.0,0.0,0.0,0.0,0.0,0.0,0.0,0.0,0.0,0.0,2018,8,0.0
-0.38279392147363567,-0.040677845544490394,-1.5487523007856703,0.42857142857142855,0.0,0.0,0.0,0.0,0.0,0.0,0.0,0.0,0.0,0.0,0.0,1.0,0.0,0.0,0.0,0.0,0.0,0.0,0.0,0.0,0.0,0.0,2018,6,0.4884910485933504
0.1436812081615462,-0.6334121663356379,0.22635047220482532,0.28571428571428564,0.0,0.0,0.0,0.0,0.0,0.0,0.0,0.0,0.0,0.0,0.0,1.0,0.0,0.0,0.0,0.0,0.0,0.0,0.0,0.0,0.0,0.0,2018,7,0.20161977834612105
0.38298808526844746,0.2062947881184879,-0.8266765965183501,0.3061224489795918,0.0,0.0,0.0,0.0,0.0,0.0,0.0,0.0,0.0,0.0,0.0,1.0,0.0,0.0,0.0,0.0,0.0,0.0,0.0,0.0,0.0,0.0,2018,8,0.0
-0.5742394231591577,-0.090072372277085,-0.6461576704515202,0.4489795918367347,0.0,0.0,0.0,0.0,0.0,0.0,0.0,0.0,0.0,0.0,0.0,0.0,1.0,0.0,0.0,0.0,0.0,0.0,0.0,0.0,0.0,0.0,2018,6,0.17348678601875536
0.1436812081615462,-0.3370450059400633,-0.13468737992883462,0.36734693877551017,0.0,0.0,0.0,0.0,0.0,0.0,0.0,0.0,0.0,0.0,0.0,0.0,1.0,0.0,0.0,0.0,0.0,0.0,0.0,0.0,0.0,0.0,2018,7,0.355924978687127
0.6222949623753488,-0.090072372277085,0.34669642291604547,0.38775510204081626,0.0,0.0,0.0,0.0,0.0,0.0,0.0,0.0,0.0,0.0,0.0,0.0,1.0,0.0,0.0,0.0,0.0,0.0,0.0,0.0,0.0,0.0,2018,8,0.0
-0.5263780477377767,0.42857015841516977,-1.6390117638190853,0.3061224489795918,0.0,0.0,0.0,0.0,0.0,0.0,0.0,0.0,0.0,0.0,0.0,0.0,0.0,1.0,0.0,0.0,0.0,0.0,0.0,0.0,0.0,0.0,2018,6,0.1862745098039216
0.5744335869539695,0.03341394455440414,0.10600452149360517,0.24489795918367344,0.0,0.0,0.0,0.0,0.0,0.0,0.0,0.0,0.0,0.0,0.0,0.0,0.0,1.0,0.0,0.0,0.0,0.0,0.0,0.0,0.0,0.0,2018,7,0.32011935208866155
0.1436812081615462,0.32978110494997703,-0.856763084196155,0.24489795918367344,0.0,0.0,0.0,0.0,0.0,0.0,0.0,0.0,0.0,0.0,0.0,0.0,0.0,1.0,0.0,0.0,0.0,0.0,0.0,0.0,0.0,0.0,2018,8,0.0
-0.6221007985805369,-0.18886142574227596,-0.856763084196155,0.5510204081632653,0.0,0.0,0.0,0.0,0.0,0.0,0.0,0.0,0.0,0.0,0.0,0.0,0.0,0.0,1.0,0.0,0.0,0.0,0.0,0.0,0.0,0.0,2018,6,0.20119352088661555
0.23940395900430808,-0.6828066930682334,0.34669642291604547,0.42857142857142855,0.0,0.0,0.0,0.0,0.0,0.0,0.0,0.0,0.0,0.0,0.0,0.0,0.0,0.0,1.0,0.0,0.0,0.0,0.0,0.0,0.0,0.0,2018,7,0.24850809889173062
0.43084946068982843,-0.040677845544490394,-0.19486035528444495,0.4489795918367347,0.0,0.0,0.0,0.0,0.0,0.0,0.0,0.0,0.0,0.0,0.0,0.0,0.0,0.0,1.0,0.0,0.0,0.0,0.0,0.0,0.0,0.0,2018,8,0.0
0.33512670984706827,-0.090072372277085,-0.2550333306400548,0.8979591836734694,0.0,0.0,0.0,0.0,0.0,0.0,0.0,0.0,0.0,0.0,0.0,0.0,0.0,0.0,0.0,0.0,1.0,0.0,0.0,0.0,0.0,0.0,2018,6,0.0792838874680307
1.5316610953815748,-0.18886142574227596,1.6705018807394656,0.8367346938775508,0.0,0.0,0.0,0.0,0.0,0.0,0.0,0.0,0.0,0.0,0.0,0.0,0.0,0.0,0.0,0.0,1.0,0.0,0.0,0.0,0.0,0.0,2018,7,0.05711849957374254
1.4359383445388145,-0.43583405940525516,1.520069442350441,1.0,0.0,0.0,0.0,0.0,0.0,0.0,0.0,0.0,0.0,0.0,0.0,0.0,0.0,0.0,0.0,0.0,1.0,0.0,0.0,0.0,0.0,0.0,2018,8,0.0
0.19154258358292714,0.9472126891074227,-1.1275414732964002,0.6122448979591836,0.0,0.0,0.0,0.0,0.0,0.0,0.0,0.0,0.0,0.0,0.0,0.0,0.0,0.0,0.0,0.0,0.0,0.0,1.0,0.0,0.0,0.0,2018,6,0.0370843989769821
0.909463214903631,0.008716681188105962,0.4068693982716553,0.48979591836734687,0.0,0.0,0.0,0.0,0.0,0.0,0.0,0.0,0.0,0.0,0.0,0.0,0.0,0.0,0.0,0.0,0.0,0.0,1.0,0.0,0.0,0.0,2018,7,0.2553282182438193
1.1487700920105324,0.5520564752466589,0.04583154613799536,0.5918367346938774,0.0,0.0,0.0,0.0,0.0,0.0,0.0,0.0,0.0,0.0,0.0,0.0,0.0,0.0,0.0,0.0,0.0,0.0,1.0,0.0,0.0,0.0,2018,8,0.0
-0.7656849248446781,-0.06537510891078682,-0.856763084196155,0.693877551020408,0.0,0.0,0.0,0.0,0.0,0.0,0.0,0.0,0.0,0.0,0.0,0.0,0.0,0.0,0.0,0.0,0.0,0.0,0.0,0.0,1.0,0.0,2018,6,0.16666666666666669
0.2872653344256873,-0.28765047920746867,-0.34529279367347004,0.6326530612244897,0.0,0.0,0.0,0.0,0.0,0.0,0.0,0.0,0.0,0.0,0.0,0.0,0.0,0.0,0.0,0.0,0.0,0.0,0.0,0.0,1.0,0.0,2018,7,0.21696504688832055
0.47871083611120935,0.03341394455440414,0.04583154613799536,0.6122448979591836,0.0,0.0,0.0,0.0,0.0,0.0,0.0,0.0,0.0,0.0,0.0,0.0,0.0,0.0,0.0,0.0,0.0,0.0,0.0,0.0,1.0,0.0,2018,8,0.0
0.047958457318786014,0.32978110494997703,-1.48857932543006,0.28571428571428564,0.0,0.0,0.0,0.0,0.0,0.0,0.0,0.0,0.0,0.0,0.0,0.0,0.0,0.0,0.0,0.0,0.0,0.0,0.0,0.0,0.0,1.0,2018,6,0.031543052003410066
0.38298808526844746,-0.2629532158411705,0.49712886130507056,0.22448979591836735,0.0,0.0,0.0,0.0,0.0,0.0,0.0,0.0,0.0,0.0,0.0,0.0,0.0,0.0,0.0,0.0,0.0,0.0,0.0,0.0,0.0,1.0,2018,7,0.45098039215686275
0.5744335869539695,0.18159752475219146,-0.3753792813512749,0.22448979591836735,0.0,0.0,0.0,0.0,0.0,0.0,0.0,0.0,0.0,0.0,0.0,0.0,0.0,0.0,0.0,0.0,0.0,0.0,0.0,0.0,0.0,1.0,2018,8,0.0
0.5744335869539695,0.3050838415836806,-0.5258117197403,0.32653061224489793,0.0,1.0,0.0,0.0,0.0,0.0,0.0,0.0,0.0,0.0,0.0,0.0,0.0,0.0,0.0,0.0,0.0,0.0,0.0,0.0,0.0,0.0,2019,6,0.017050298380221655
-0.47851667231639583,0.42857015841516977,-0.19486035528444495,0.3061224489795918,0.0,1.0,0.0,0.0,0.0,0.0,0.0,0.0,0.0,0.0,0.0,0.0,0.0,0.0,0.0,0.0,0.0,0.0,0.0,0.0,0.0,0.0,2019,7,0.21142369991474852
-0.813546300266059,-0.11476963564338319,-1.7593577145303054,0.32653061224489793,0.0,1.0,0.0,0.0,0.0,0.0,0.0,0.0,0.0,0.0,0.0,0.0,0.0,0.0,0.0,0.0,0.0,0.0,0.0,0.0,0.0,0.0,2019,8,0.41048593350383633
0.47871083611120935,-0.040677845544490394,-0.1647738676066395,0.6122448979591836,0.0,0.0,1.0,0.0,0.0,0.0,0.0,0.0,0.0,0.0,0.0,0.0,0.0,0.0,0.0,0.0,0.0,0.0,0.0,0.0,0.0,0.0,2019,6,0.12233589087809037
-1.1007145527943396,-0.7322012198008289,0.22635047220482532,0.5918367346938774,0.0,0.0,1.0,0.0,0.0,0.0,0.0,0.0,0.0,0.0,0.0,0.0,0.0,0.0,0.0,0.0,0.0,0.0,0.0,0.0,0.0,0.0,2019,7,0.3115942028985507
-0.7178235494232972,-0.21355868910857415,-0.856763084196155,0.5918367346938774,0.0,0.0,1.0,0.0,0.0,0.0,0.0,0.0,0.0,0.0,0.0,0.0,0.0,0.0,0.0,0.0,0.0,0.0,0.0,0.0,0.0,0.0,2019,8,0.0076726342710997444
0.09581983274016695,0.15690026138589327,-0.34529279367347004,0.5510204081632653,0.0,0.0,0.0,0.0,1.0,0.0,0.0,0.0,0.0,0.0,0.0,0.0,0.0,0.0,0.0,0.0,0.0,0.0,0.0,0.0,0.0,0.0,2019,6,0.043478260869565216
-1.1964373036370997,-0.43583405940525516,-0.70633064580713,0.48979591836734687,0.0,0.0,0.0,0.0,1.0,0.0,0.0,0.0,0.0,0.0,0.0,0.0,0.0,0.0,0.0,0.0,0.0,0.0,0.0,0.0,0.0,0.0,2019,7,0.22804774083546464
-1.0049918019515793,0.08280847128699875,-1.00719552258518,0.510204081632653,0.0,0.0,0.0,0.0,1.0,0.0,0.0,0.0,0.0,0.0,0.0,0.0,0.0,0.0,0.0,0.0,0.0,0.0,0.0,0.0,0.0,0.0,2019,8,0.14279624893435636
0.909463214903631,0.18159752475219146,-0.4054657690290798,0.5510204081632653,0.0,0.0,0.0,0.0,0.0,1.0,0.0,0.0,0.0,0.0,0.0,0.0,0.0,0.0,0.0,0.0,0.0,0.0,0.0,0.0,0.0,0.0,2019,6,0.04774083546462063
-0.47851667231639583,0.13220299801959512,-0.10460089225102971,0.4081632653061224,0.0,0.0,0.0,0.0,0.0,1.0,0.0,0.0,0.0,0.0,0.0,0.0,0.0,0.0,0.0,0.0,0.0,0.0,0.0,0.0,0.0,0.0,2019,7,0.15430520034100598
-0.38279392147363567,-0.2629532158411705,-0.7665036211627397,0.48979591836734687,0.0,0.0,0.0,0.0,0.0,1.0,0.0,0.0,0.0,0.0,0.0,0.0,0.0,0.0,0.0,0.0,0.0,0.0,0.0,0.0,0.0,0.0,2019,8,0.12915601023017903
0.909463214903631,0.47796468514776436,0.10600452149360517,0.8571428571428571,0.0,0.0,0.0,0.0,0.0,0.0,0.0,1.0,0.0,0.0,0.0,0.0,0.0,0.0,0.0,0.0,0.0,0.0,0.0,0.0,0.0,0.0,2019,6,0.1278772378516624
-0.23920979520949454,0.42857015841516977,0.3767829105938504,0.5306122448979591,0.0,0.0,0.0,0.0,0.0,0.0,0.0,1.0,0.0,0.0,0.0,0.0,0.0,0.0,0.0,0.0,0.0,0.0,0.0,0.0,0.0,0.0,2019,7,0.2531969309462916
-0.38279392147363567,-0.015980582178192218,-0.5558982074181049,0.7142857142857142,0.0,0.0,0.0,0.0,0.0,0.0,0.0,1.0,0.0,0.0,0.0,0.0,0.0,0.0,0.0,0.0,0.0,0.0,0.0,0.0,0.0,0.0,2019,8,0.24893435635123615
1.1009087165891513,0.3791756316825734,-0.31520630599566457,0.7551020408163265,0.0,0.0,0.0,0.0,0.0,0.0,0.0,0.0,0.0,1.0,0.0,0.0,0.0,0.0,0.0,0.0,0.0,0.0,0.0,0.0,0.0,0.0,2019,6,0.10997442455242967
9.708189740677297e-05,0.18159752475219146,0.6475612996940956,0.5510204081632653,0.0,0.0,0.0,0.0,0.0,0.0,0.0,0.0,0.0,1.0,0.0,0.0,0.0,0.0,0.0,0.0,0.0,0.0,0.0,0.0,0.0,0.0,2019,7,0.2020460358056266
-0.09562566894535511,-0.28765047920746867,-0.2851198183178597,0.6734693877551019,0.0,0.0,0.0,0.0,0.0,0.0,0.0,0.0,0.0,1.0,0.0,0.0,0.0,0.0,0.0,0.0,0.0,0.0,0.0,0.0,0.0,0.0,2019,8,0.5332480818414322
0.8616018394822501,0.7002400554444445,-0.9771090349073752,0.346938775510204,1.0,0.0,0.0,0.0,0.0,0.0,0.0,0.0,0.0,0.0,0.0,0.0,0.0,0.0,0.0,0.0,0.0,0.0,0.0,0.0,0.0,0.0,2019,6,0.0025575447570332483
-0.6699621740019179,0.13220299801959512,-0.22494684296224987,0.22448979591836735,1.0,0.0,0.0,0.0,0.0,0.0,0.0,0.0,0.0,0.0,0.0,0.0,0.0,0.0,0.0,0.0,0.0,0.0,0.0,0.0,0.0,0.0,2019,7,0.20758738277919866
-0.6699621740019179,-0.06537510891078682,-1.7894442022081103,0.24489795918367344,1.0,0.0,0.0,0.0,0.0,0.0,0.0,0.0,0.0,0.0,0.0,0.0,0.0,0.0,0.0,0.0,0.0,0.0,0.0,0.0,0.0,0.0,2019,8,0.15942028985507248
0.5744335869539695,0.23099205148478608,-0.46563874438468966,0.42857142857142855,0.0,0.0,0.0,0.0,0.0,0.0,0.0,0.0,0.0,0.0,0.0,1.0,0.0,0.0,0.0,0.0,0.0,0.0,0.0,0.0,0.0,0.0,2019,6,0.18925831202046037
-0.6699621740019179,0.3791756316825734,-0.19486035528444495,0.2040816326530612,0.0,0.0,0.0,0.0,0.0,0.0,0.0,0.0,0.0,0.0,0.0,1.0,0.0,0.0,0.0,0.0,0.0,0.0,0.0,0.0,0.0,0.0,2019,7,0.4471440750213129
-0.7178235494232972,-0.3617422693063615,-1.157627960974205,0.3061224489795918,0.0,0.0,0.0,0.0,0.0,0.0,0.0,0.0,0.0,0.0,0.0,1.0,0.0,0.0,0.0,0.0,0.0,0.0,0.0,0.0,0.0,0.0,2019,8,0.12190963341858484
0.8616018394822501,0.03341394455440414,0.01574505846019045,0.4489795918367347,0.0,0.0,0.0,0.0,0.0,0.0,0.0,0.0,0.0,0.0,0.0,0.0,1.0,0.0,0.0,0.0,0.0,0.0,0.0,0.0,0.0,0.0,2019,6,0.15217391304347827
-0.5742394231591577,-0.21355868910857415,0.2865234475604357,0.36734693877551017,0.0,0.0,0.0,0.0,0.0,0.0,0.0,0.0,0.0,0.0,0.0,0.0,1.0,0.0,0.0,0.0,0.0,0.0,0.0,0.0,0.0,0.0,2019,7,0.20630861040068202
-0.38279392147363567,-0.411136796038957,-0.5258117197403,0.42857142857142855,0.0,0.0,0.0,0.0,0.0,0.0,0.0,0.0,0.0,0.0,0.0,0.0,1.0,0.0,0.0,0.0,0.0,0.0,0.0,0.0,0.0,0.0,2019,8,0.08780903665814153
0.9573245903250119,0.6508455287118499,-0.4054657690290798,0.346938775510204,0.0,0.0,0.0,0.0,0.0,0.0,0.0,0.0,0.0,0.0,0.0,0.0,0.0,1.0,0.0,0.0,0.0,0.0,0.0,0.0,0.0,0.0,2019,6,0.021312872975277068
-0.6221007985805369,0.10750573465329692,-0.43555225670688474,0.26530612244897955,0.0,0.0,0.0,0.0,0.0,0.0,0.0,0.0,0.0,0.0,0.0,0.0,0.0,1.0,0.0,0.0,0.0,0.0,0.0,0.0,0.0,0.0,2019,7,0.3162830349531117
-0.6699621740019179,0.08280847128699875,-1.2178009363298152,0.3061224489795918,0.0,0.0,0.0,0.0,0.0,0.0,0.0,0.0,0.0,0.0,0.0,0.0,0.0,1.0,0.0,0.0,0.0,0.0,0.0,0.0,0.0,0.0,2019,8,0.17860187553282184
0.6222949623753488,-0.2629532158411705,0.10600452149360517,0.5306122448979591,0.0,0.0,0.0,0.0,0.0,0.0,0.0,0.0,0.0,0.0,0.0,0.0,0.0,0.0,1.0,0.0,0.0,0.0,0.0,0.0,0.0,0.0,2019,6,0.1636828644501279
-0.4306552968950166,0.008716681188105962,0.46704237362726564,0.38775510204081626,0.0,0.0,0.0,0.0,0.0,0.0,0.0,0.0,0.0,0.0,0.0,0.0,0.0,0.0,1.0,0.0,0.0,0.0,0.0,0.0,0.0,0.0,2019,7,0.08908780903665814
-0.47851667231639583,-0.3864395326726597,-0.5558982074181049,0.48979591836734687,0.0,0.0,0.0,0.0,0.0,0.0,0.0,0.0,0.0,0.0,0.0,0.0,0.0,0.0,1.0,0.0,0.0,0.0,0.0,0.0,0.0,0.0,2019,8,0.2173913043478261
1.4359383445388145,-0.48522858613785064,0.2865234475604357,0.8979591836734694,0.0,0.0,0.0,0.0,0.0,0.0,0.0,0.0,0.0,0.0,0.0,0.0,0.0,0.0,0.0,0.0,1.0,0.0,0.0,0.0,0.0,0.0,2019,6,0.02855924978687127
0.33512670984706827,-0.5593203762367442,1.249291053250196,0.7551020408163265,0.0,0.0,0.0,0.0,0.0,0.0,0.0,0.0,0.0,0.0,0.0,0.0,0.0,0.0,0.0,0.0,1.0,0.0,0.0,0.0,0.0,0.0,2019,7,0.1679454390451833
0.5744335869539695,0.4532674217814662,0.5573018366606803,0.8979591836734694,0.0,0.0,0.0,0.0,0.0,0.0,0.0,0.0,0.0,0.0,0.0,0.0,0.0,0.0,0.0,0.0,1.0,0.0,0.0,0.0,0.0,0.0,2019,8,0.07502131287297528
0.6222949623753488,0.28038657821738244,-0.07451440457322481,0.5714285714285713,0.0,0.0,0.0,0.0,0.0,0.0,0.0,0.0,0.0,0.0,0.0,0.0,0.0,0.0,0.0,0.0,0.0,0.0,1.0,0.0,0.0,0.0,2019,6,0.20758738277919866
0.047958457318786014,0.32978110494997703,-0.13468737992883462,0.38775510204081626,0.0,0.0,0.0,0.0,0.0,0.0,0.0,0.0,0.0,0.0,0.0,0.0,0.0,0.0,0.0,0.0,0.0,0.0,1.0,0.0,0.0,0.0,2019,7,0.050724637681159424
-0.04776429352397417,-0.06537510891078682,-0.31520630599566457,0.5306122448979591,0.0,0.0,0.0,0.0,0.0,0.0,0.0,0.0,0.0,0.0,0.0,0.0,0.0,0.0,0.0,0.0,0.0,0.0,1.0,0.0,0.0,0.0,2019,8,0.35805626598465473
0.76587908863949,0.008716681188105962,0.04583154613799536,0.7346938775510203,0.0,0.0,0.0,0.0,0.0,0.0,0.0,0.0,0.0,0.0,0.0,0.0,0.0,0.0,0.0,0.0,0.0,0.0,0.0,0.0,1.0,0.0,2019,6,0.07715260017050299
-0.6221007985805369,-0.31234774257376513,0.34669642291604547,0.5714285714285713,0.0,0.0,0.0,0.0,0.0,0.0,0.0,0.0,0.0,0.0,0.0,0.0,0.0,0.0,0.0,0.0,0.0,0.0,0.0,0.0,1.0,0.0,2019,7,0.2728047740835465
-0.47851667231639583,-0.015980582178192218,-0.5258117197403,0.6326530612244897,0.0,0.0,0.0,0.0,0.0,0.0,0.0,0.0,0.0,0.0,0.0,0.0,0.0,0.0,0.0,0.0,0.0,0.0,0.0,0.0,1.0,0.0,2019,8,0.03410059676044331
0.76587908863949,0.15690026138589327,-0.2550333306400548,0.26530612244897955,0.0,0.0,0.0,0.0,0.0,0.0,0.0,0.0,0.0,0.0,0.0,0.0,0.0,0.0,0.0,0.0,0.0,0.0,0.0,0.0,0.0,1.0,2019,6,0.04475703324808184
-0.28707117063087545,0.13220299801959512,0.4369558859494607,0.24489795918367344,0.0,0.0,0.0,0.0,0.0,0.0,0.0,0.0,0.0,0.0,0.0,0.0,0.0,0.0,0.0,0.0,0.0,0.0,0.0,0.0,0.0,1.0,2019,7,0.4023870417732311
-0.5742394231591577,-0.3370450059400633,-0.9771090349073752,0.26530612244897955,0.0,0.0,0.0,0.0,0.0,0.0,0.0,0.0,0.0,0.0,0.0,0.0,0.0,0.0,0.0,0.0,0.0,0.0,0.0,0.0,0.0,1.0,2019,8,0.344842284739983
0.19154258358292714,0.2062947881184879,0.07591803381580027,0.32653061224489793,0.0,1.0,0.0,0.0,0.0,0.0,0.0,0.0,0.0,0.0,0.0,0.0,0.0,0.0,0.0,0.0,0.0,0.0,0.0,0.0,0.0,0.0,2020,6,0.03324808184143223
0.6222949623753488,1.1447907960378065,-0.014341429217614454,0.32653061224489793,0.0,1.0,0.0,0.0,0.0,0.0,0.0,0.0,0.0,0.0,0.0,0.0,0.0,0.0,0.0,0.0,0.0,0.0,0.0,0.0,0.0,0.0,2020,7,0.12489343563512362
-0.3349325460522564,0.15690026138589327,-1.48857932543006,0.28571428571428564,0.0,1.0,0.0,0.0,0.0,0.0,0.0,0.0,0.0,0.0,0.0,0.0,0.0,0.0,0.0,0.0,0.0,0.0,0.0,0.0,0.0,0.0,2020,8,0.0545609548167093
-0.14348704436673435,-0.3370450059400633,-0.4957252320624951,0.693877551020408,0.0,0.0,1.0,0.0,0.0,0.0,0.0,0.0,0.0,0.0,0.0,0.0,0.0,0.0,0.0,0.0,0.0,0.0,0.0,0.0,0.0,0.0,2020,6,0.1368286445012788
-0.14348704436673435,0.23099205148478608,0.34669642291604547,0.5714285714285713,0.0,0.0,1.0,0.0,0.0,0.0,0.0,0.0,0.0,0.0,0.0,0.0,0.0,0.0,0.0,0.0,0.0,0.0,0.0,0.0,0.0,0.0,2020,7,0.40068201193520886
-0.813546300266059,-0.3617422693063615,-0.5558982074181049,0.5918367346938774,0.0,0.0,1.0,0.0,0.0,0.0,0.0,0.0,0.0,0.0,0.0,0.0,0.0,0.0,0.0,0.0,0.0,0.0,0.0,0.0,0.0,0.0,2020,8,0.030690537084398978
-0.3349325460522564,0.008716681188105962,0.07591803381580027,0.6734693877551019,0.0,0.0,0.0,0.0,1.0,0.0,0.0,0.0,0.0,0.0,0.0,0.0,0.0,0.0,0.0,0.0,0.0,0.0,0.0,0.0,0.0,0.0,2020,6,0.3431372549019608
-0.04776429352397417,0.6014510019792535,0.01574505846019045,0.5510204081632653,0.0,0.0,0.0,0.0,1.0,0.0,0.0,0.0,0.0,0.0,0.0,0.0,0.0,0.0,0.0,0.0,0.0,0.0,0.0,0.0,0.0,0.0,2020,7,0.24296675191815859
-0.813546300266059,-0.28765047920746867,-0.5558982074181049,0.5510204081632653,0.0,0.0,0.0,0.0,1.0,0.0,0.0,0.0,0.0,0.0,0.0,0.0,0.0,0.0,0.0,0.0,0.0,0.0,0.0,0.0,0.0,0.0,2020,8,0.07672634271099744
-0.04776429352397417,-0.015980582178192218,-0.8266765965183501,0.48979591836734687,0.0,0.0,0.0,0.0,0.0,1.0,0.0,0.0,0.0,0.0,0.0,0.0,0.0,0.0,0.0,0.0,0.0,0.0,0.0,0.0,0.0,0.0,2020,6,0.25618073316283035
0.43084946068982843,0.8237263722759336,0.13609100917141062,0.4081632653061224,0.0,0.0,0.0,0.0,0.0,1.0,0.0,0.0,0.0,0.0,0.0,0.0,0.0,0.0,0.0,0.0,0.0,0.0,0.0,0.0,0.0,0.0,2020,7,0.17050298380221654
-0.28707117063087545,-0.040677845544490394,-0.34529279367347004,0.38775510204081626,0.0,0.0,0.0,0.0,0.0,1.0,0.0,0.0,0.0,0.0,0.0,0.0,0.0,0.0,0.0,0.0,0.0,0.0,0.0,0.0,0.0,0.0,2020,8,0.14919011082693948
-0.1913484197881153,-0.090072372277085,-0.3753792813512749,0.693877551020408,0.0,0.0,0.0,0.0,0.0,0.0,0.0,1.0,0.0,0.0,0.0,0.0,0.0,0.0,0.0,0.0,0.0,0.0,0.0,0.0,0.0,0.0,2020,6,0.20375106564364875
0.6701563377967298,0.9966072158400191,0.6776477873719006,0.7142857142857142,0.0,0.0,0.0,0.0,0.0,0.0,0.0,1.0,0.0,0.0,0.0,0.0,0.0,0.0,0.0,0.0,0.0,0.0,0.0,0.0,0.0,0.0,2020,7,0.13341858482523444
9.708189740677297e-05,0.4532674217814662,-0.13468737992883462,0.6530612244897959,0.0,0.0,0.0,0.0,0.0,0.0,0.0,1.0,0.0,0.0,0.0,0.0,0.0,0.0,0.0,0.0,0.0,0.0,0.0,0.0,0.0,0.0,2020,8,0.05413469735720375
0.09581983274016695,0.08280847128699875,-0.4054657690290798,0.5510204081632653,0.0,0.0,0.0,0.0,0.0,0.0,0.0,0.0,0.0,1.0,0.0,0.0,0.0,0.0,0.0,0.0,0.0,0.0,0.0,0.0,0.0,0.0,2020,6,0.5711849957374254
0.8137404640608709,0.87312089900853,0.6174748120162907,0.6122448979591836,0.0,0.0,0.0,0.0,0.0,0.0,0.0,0.0,0.0,1.0,0.0,0.0,0.0,0.0,0.0,0.0,0.0,0.0,0.0,0.0,0.0,0.0,2020,7,0.2421142369991475
0.23940395900430808,0.4038728950488716,-0.22494684296224987,0.5714285714285713,0.0,0.0,0.0,0.0,0.0,0.0,0.0,0.0,0.0,1.0,0.0,0.0,0.0,0.0,0.0,0.0,0.0,0.0,0.0,0.0,0.0,0.0,2020,8,0.0843989769820972
0.33512670984706827,0.4038728950488716,-0.19486035528444495,0.3061224489795918,1.0,0.0,0.0,0.0,0.0,0.0,0.0,0.0,0.0,0.0,0.0,0.0,0.0,0.0,0.0,0.0,0.0,0.0,0.0,0.0,0.0,0.0,2020,6,0.0988917306052856
0.5265722115325886,1.1694880594041046,-0.3753792813512749,0.26530612244897955,1.0,0.0,0.0,0.0,0.0,0.0,0.0,0.0,0.0,0.0,0.0,0.0,0.0,0.0,0.0,0.0,0.0,0.0,0.0,0.0,0.0,0.0,2020,7,0.20758738277919866
-0.47851667231639583,0.13220299801959512,-1.5186658131078654,0.24489795918367344,1.0,0.0,0.0,0.0,0.0,0.0,0.0,0.0,0.0,0.0,0.0,0.0,0.0,0.0,0.0,0.0,0.0,0.0,0.0,0.0,0.0,0.0,2020,8,0.011508951406649618
-0.04776429352397417,-0.11476963564338319,-0.8266765965183501,0.36734693877551017,0.0,0.0,0.0,0.0,0.0,0.0,0.0,0.0,0.0,0.0,0.0,1.0,0.0,0.0,0.0,0.0,0.0,0.0,0.0,0.0,0.0,0.0,2020,6,0.1999147485080989
0.5265722115325886,0.87312089900853,-0.19486035528444495,0.32653061224489793,0.0,0.0,0.0,0.0,0.0,0.0,0.0,0.0,0.0,0.0,0.0,1.0,0.0,0.0,0.0,0.0,0.0,0.0,0.0,0.0,0.0,0.0,2020,7,0.01790281329923274
-0.23920979520949454,0.03341394455440414,-1.00719552258518,0.28571428571428564,0.0,0.0,0.0,0.0,0.0,0.0,0.0,0.0,0.0,0.0,0.0,1.0,0.0,0.0,0.0,0.0,0.0,0.0,0.0,0.0,0.0,0.0,2020,8,0.05541346973572038
-0.04776429352397417,-0.16416416237597956,-0.2550333306400548,0.4693877551020407,0.0,0.0,0.0,0.0,0.0,0.0,0.0,0.0,0.0,0.0,0.0,0.0,1.0,0.0,0.0,0.0,0.0,0.0,0.0,0.0,0.0,0.0,2020,6,0.17135549872122763
0.38298808526844746,0.5767537386129553,0.5873883243384858,0.4081632653061224,0.0,0.0,0.0,0.0,0.0,0.0,0.0,0.0,0.0,0.0,0.0,0.0,1.0,0.0,0.0,0.0,0.0,0.0,0.0,0.0,0.0,0.0,2020,7,0.13597612958226768
-0.28707117063087545,-0.13946689900968137,-0.19486035528444495,0.38775510204081626,0.0,0.0,0.0,0.0,0.0,0.0,0.0,0.0,0.0,0.0,0.0,0.0,1.0,0.0,0.0,0.0,0.0,0.0,0.0,0.0,0.0,0.0,2020,8,0.08994032395566924
0.47871083611120935,0.7249373188107426,0.01574505846019045,0.42857142857142855,0.0,0.0,0.0,0.0,0.0,0.0,0.0,0.0,0.0,0.0,0.0,0.0,0.0,1.0,0.0,0.0,0.0,0.0,0.0,0.0,0.0,0.0,2020,6,0.13512361466325662
0.5744335869539695,1.2188825861366992,-0.13468737992883462,0.346938775510204,0.0,0.0,0.0,0.0,0.0,0.0,0.0,0.0,0.0,0.0,0.0,0.0,0.0,1.0,0.0,0.0,0.0,0.0,0.0,0.0,0.0,0.0,2020,7,0.12489343563512362
-0.3349325460522564,0.03341394455440414,-1.157627960974205,0.346938775510204,0.0,0.0,0.0,0.0,0.0,0.0,0.0,0.0,0.0,0.0,0.0,0.0,0.0,1.0,0.0,0.0,0.0,0.0,0.0,0.0,0.0,0.0,2020,8,0.021312872975277068
-0.04776429352397417,-0.21355868910857415,-0.014341429217614454,0.5918367346938774,0.0,0.0,0.0,0.0,0.0,0.0,0.0,0.0,0.0,0.0,0.0,0.0,0.0,0.0,1.0,0.0,0.0,0.0,0.0,0.0,0.0,0.0,2020,6,0.08098891730605286
0.5744335869539695,0.7990291089096372,0.8882532011165359,0.4693877551020407,0.0,0.0,0.0,0.0,0.0,0.0,0.0,0.0,0.0,0.0,0.0,0.0,0.0,0.0,1.0,0.0,0.0,0.0,0.0,0.0,0.0,0.0,2020,7,0.19266837169650472
-0.28707117063087545,-0.18886142574227596,-0.2550333306400548,0.42857142857142855,0.0,0.0,0.0,0.0,0.0,0.0,0.0,0.0,0.0,0.0,0.0,0.0,0.0,0.0,1.0,0.0,0.0,0.0,0.0,0.0,0.0,0.0,2020,8,0.02728047740835465
0.23940395900430808,-0.756898483167127,0.2865234475604357,0.8571428571428571,0.0,0.0,0.0,0.0,0.0,0.0,0.0,0.0,0.0,0.0,0.0,0.0,0.0,0.0,0.0,0.0,1.0,0.0,0.0,0.0,0.0,0.0,2020,6,0.10784313725490197
1.3402155936960527,0.13220299801959512,0.7679072504053158,0.8571428571428571,0.0,0.0,0.0,0.0,0.0,0.0,0.0,0.0,0.0,0.0,0.0,0.0,0.0,0.0,0.0,0.0,1.0,0.0,0.0,0.0,0.0,0.0,2020,7,0.14535379369138962
0.5744335869539695,-0.06537510891078682,0.3767829105938504,0.7755102040816325,0.0,0.0,0.0,0.0,0.0,0.0,0.0,0.0,0.0,0.0,0.0,0.0,0.0,0.0,0.0,0.0,1.0,0.0,0.0,0.0,0.0,0.0,2020,8,0.018329070758738276
-0.1913484197881153,0.13220299801959512,-0.5558982074181049,0.510204081632653,0.0,0.0,0.0,0.0,0.0,0.0,0.0,0.0,0.0,0.0,0.0,0.0,0.0,0.0,0.0,0.0,0.0,0.0,1.0,0.0,0.0,0.0,2020,6,0.22762148337595908
0.7180177132181107,1.0706990059389119,0.4068693982716553,0.4489795918367347,0.0,0.0,0.0,0.0,0.0,0.0,0.0,0.0,0.0,0.0,0.0,0.0,0.0,0.0,0.0,0.0,0.0,0.0,1.0,0.0,0.0,0.0,2020,7,0.19607843137254902
9.708189740677297e-05,0.25568931485108426,-0.4054657690290798,0.42857142857142855,0.0,0.0,0.0,0.0,0.0,0.0,0.0,0.0,0.0,0.0,0.0,0.0,0.0,0.0,0.0,0.0,0.0,0.0,1.0,0.0,0.0,0.0,2020,8,0.06820119352088662
9.708189740677297e-05,-0.3617422693063615,-0.22494684296224987,0.7959183673469387,0.0,0.0,0.0,0.0,0.0,0.0,0.0,0.0,0.0,0.0,0.0,0.0,0.0,0.0,0.0,0.0,0.0,0.0,0.0,0.0,1.0,0.0,2020,6,0.2915601023017903
0.33512670984706827,0.5767537386129553,0.34669642291604547,0.5714285714285713,0.0,0.0,0.0,0.0,0.0,0.0,0.0,0.0,0.0,0.0,0.0,0.0,0.0,0.0,0.0,0.0,0.0,0.0,0.0,0.0,1.0,0.0,2020,7,0.45481670929241264
-0.5263780477377767,-0.2629532158411705,-0.07451440457322481,0.5510204081632653,0.0,0.0,0.0,0.0,0.0,0.0,0.0,0.0,0.0,0.0,0.0,0.0,0.0,0.0,0.0,0.0,0.0,0.0,0.0,0.0,1.0,0.0,2020,8,0.026854219948849106
0.047958457318786014,0.15690026138589327,-0.2550333306400548,0.3061224489795918,0.0,0.0,0.0,0.0,0.0,0.0,0.0,0.0,0.0,0.0,0.0,0.0,0.0,0.0,0.0,0.0,0.0,0.0,0.0,0.0,0.0,1.0,2020,6,0.1206308610400682
0.6701563377967298,1.0706990059389119,0.6475612996940956,0.24489795918367344,0.0,0.0,0.0,0.0,0.0,0.0,0.0,0.0,0.0,0.0,0.0,0.0,0.0,0.0,0.0,0.0,0.0,0.0,0.0,0.0,0.0,1.0,2020,7,0.20034100596760443
-0.09562566894535511,0.3050838415836806,-0.4957252320624951,0.22448979591836735,0.0,0.0,0.0,0.0,0.0,0.0,0.0,0.0,0.0,0.0,0.0,0.0,0.0,0.0,0.0,0.0,0.0,0.0,0.0,0.0,0.0,1.0,2020,8,0.04390451832907077
-0.7656849248446781,-0.015980582178192218,0.3166099352382406,0.32653061224489793,0.0,1.0,0.0,0.0,0.0,0.0,0.0,0.0,0.0,0.0,0.0,0.0,0.0,0.0,0.0,0.0,0.0,0.0,0.0,0.0,0.0,0.0,2021,6,0.6679454390451832
1.1966314674319132,0.8237263722759336,0.22635047220482532,0.32653061224489793,0.0,1.0,0.0,0.0,0.0,0.0,0.0,0.0,0.0,0.0,0.0,0.0,0.0,0.0,0.0,0.0,0.0,0.0,0.0,0.0,0.0,0.0,2021,7,0.029838022165387897
0.8137404640608709,0.6261482653455517,0.22635047220482532,0.28571428571428564,0.0,1.0,0.0,0.0,0.0,0.0,0.0,0.0,0.0,0.0,0.0,0.0,0.0,0.0,0.0,0.0,0.0,0.0,0.0,0.0,0.0,0.0,2021,8,0.30264279624893436
-1.0528531773729604,0.008716681188105962,-0.6160711827737148,0.6326530612244897,0.0,0.0,1.0,0.0,0.0,0.0,0.0,0.0,0.0,0.0,0.0,0.0,0.0,0.0,0.0,0.0,0.0,0.0,0.0,0.0,0.0,0.0,2021,6,0.45524296675191817
0.909463214903631,-0.090072372277085,0.46704237362726564,0.5510204081632653,0.0,0.0,1.0,0.0,0.0,0.0,0.0,0.0,0.0,0.0,0.0,0.0,0.0,0.0,0.0,0.0,0.0,0.0,0.0,0.0,0.0,0.0,2021,7,0.2092924126172208
0.23940395900430808,0.008716681188105962,0.46704237362726564,0.5918367346938774,0.0,0.0,1.0,0.0,0.0,0.0,0.0,0.0,0.0,0.0,0.0,0.0,0.0,0.0,0.0,0.0,0.0,0.0,0.0,0.0,0.0,0.0,2021,8,0.27877237851662406
-1.0049918019515793,0.058111207920702325,-0.46563874438468966,0.5918367346938774,0.0,0.0,0.0,0.0,1.0,0.0,0.0,0.0,0.0,0.0,0.0,0.0,0.0,0.0,0.0,0.0,0.0,0.0,0.0,0.0,0.0,0.0,2021,6,0.13000852514919012
0.7180177132181107,0.3050838415836806,0.49712886130507056,0.48979591836734687,0.0,0.0,0.0,0.0,1.0,0.0,0.0,0.0,0.0,0.0,0.0,0.0,0.0,0.0,0.0,0.0,0.0,0.0,0.0,0.0,0.0,0.0,2021,7,0.14919011082693948
0.6701563377967298,0.3791756316825734,0.5272153489828755,0.510204081632653,0.0,0.0,0.0,0.0,1.0,0.0,0.0,0.0,0.0,0.0,0.0,0.0,0.0,0.0,0.0,0.0,0.0,0.0,0.0,0.0,0.0,0.0,2021,8,0.17647058823529413
-1.0049918019515793,-0.11476963564338319,-0.8266765965183501,0.5306122448979591,0.0,0.0,0.0,0.0,0.0,1.0,0.0,0.0,0.0,0.0,0.0,0.0,0.0,0.0,0.0,0.0,0.0,0.0,0.0,0.0,0.0,0.0,2021,6,0.3614663256606991
0.8616018394822501,-0.015980582178192218,0.9484261764721458,0.4693877551020407,0.0,0.0,0.0,0.0,0.0,1.0,0.0,0.0,0.0,0.0,0.0,0.0,0.0,0.0,0.0,0.0,0.0,0.0,0.0,0.0,0.0,0.0,2021,7,0.13981244671781756
0.43084946068982843,0.08280847128699875,0.34669642291604547,0.38775510204081626,0.0,0.0,0.0,0.0,0.0,1.0,0.0,0.0,0.0,0.0,0.0,0.0,0.0,0.0,0.0,0.0,0.0,0.0,0.0,0.0,0.0,0.0,2021,8,0.24850809889173062
-1.2442986790584807,-0.040677845544490394,-0.43555225670688474,0.7551020408163265,0.0,0.0,0.0,0.0,0.0,0.0,0.0,1.0,0.0,0.0,0.0,0.0,0.0,0.0,0.0,0.0,0.0,0.0,0.0,0.0,0.0,0.0,2021,6,0.8631713554987213
0.7180177132181107,0.32978110494997703,1.1289451025389756,0.7346938775510203,0.0,0.0,0.0,0.0,0.0,0.0,0.0,1.0,0.0,0.0,0.0,0.0,0.0,0.0,0.0,0.0,0.0,0.0,0.0,0.0,0.0,0.0,2021,7,0.30179028132992325
0.33512670984706827,0.08280847128699875,1.068772127183366,0.6734693877551019,0.0,0.0,0.0,0.0,0.0,0.0,0.0,1.0,0.0,0.0,0.0,0.0,0.0,0.0,0.0,0.0,0.0,0.0,0.0,0.0,0.0,0.0,2021,8,0.21781756180733164
-0.7178235494232972,-0.18886142574227596,0.19626398452702043,0.5510204081632653,0.0,0.0,0.0,0.0,0.0,0.0,0.0,0.0,0.0,1.0,0.0,0.0,0.0,0.0,0.0,0.0,0.0,0.0,0.0,0.0,0.0,0.0,2021,6,1.0
1.1966314674319132,0.15690026138589327,1.0988586148611708,0.5918367346938774,0.0,0.0,0.0,0.0,0.0,0.0,0.0,0.0,0.0,1.0,0.0,0.0,0.0,0.0,0.0,0.0,0.0,0.0,0.0,0.0,0.0,0.0,2021,7,0.26342710997442453
0.8137404640608709,0.10750573465329692,1.3094640286058057,0.5306122448979591,0.0,0.0,0.0,0.0,0.0,0.0,0.0,0.0,0.0,1.0,0.0,0.0,0.0,0.0,0.0,0.0,0.0,0.0,0.0,0.0,0.0,0.0,2021,8,0.27195225916453536
-0.6699621740019179,0.28038657821738244,0.04583154613799536,0.3061224489795918,1.0,0.0,0.0,0.0,0.0,0.0,0.0,0.0,0.0,0.0,0.0,0.0,0.0,0.0,0.0,0.0,0.0,0.0,0.0,0.0,0.0,0.0,2021,6,0.691389599317988
1.1009087165891513,0.6014510019792535,0.34669642291604547,0.28571428571428564,1.0,0.0,0.0,0.0,0.0,0.0,0.0,0.0,0.0,0.0,0.0,0.0,0.0,0.0,0.0,0.0,0.0,0.0,0.0,0.0,0.0,0.0,2021,7,0.17391304347826086
0.8616018394822501,0.32978110494997703,0.3166099352382406,0.2040816326530612,1.0,0.0,0.0,0.0,0.0,0.0,0.0,0.0,0.0,0.0,0.0,0.0,0.0,0.0,0.0,0.0,0.0,0.0,0.0,0.0,0.0,0.0,2021,8,0.13000852514919012
-1.0528531773729604,0.058111207920702325,-0.46563874438468966,0.38775510204081626,0.0,0.0,0.0,0.0,0.0,0.0,0.0,0.0,0.0,0.0,0.0,1.0,0.0,0.0,0.0,0.0,0.0,0.0,0.0,0.0,0.0,0.0,2021,6,0.618073316283035
0.8616018394822501,0.03341394455440414,0.46704237362726564,0.32653061224489793,0.0,0.0,0.0,0.0,0.0,0.0,0.0,0.0,0.0,0.0,0.0,1.0,0.0,0.0,0.0,0.0,0.0,0.0,0.0,0.0,0.0,0.0,2021,7,0.20034100596760443
0.23940395900430808,-0.015980582178192218,-0.43555225670688474,0.3061224489795918,0.0,0.0,0.0,0.0,0.0,0.0,0.0,0.0,0.0,0.0,0.0,1.0,0.0,0.0,0.0,0.0,0.0,0.0,0.0,0.0,0.0,0.0,2021,8,0.1504688832054561
-0.813546300266059,0.32978110494997703,-0.5558982074181049,0.4693877551020407,0.0,0.0,0.0,0.0,0.0,0.0,0.0,0.0,0.0,0.0,0.0,0.0,1.0,0.0,0.0,0.0,0.0,0.0,0.0,0.0,0.0,0.0,2021,6,0.4560954816709293
1.053047341167772,0.008716681188105962,0.7979937380831207,0.4081632653061224,0.0,0.0,0.0,0.0,0.0,0.0,0.0,0.0,0.0,0.0,0.0,0.0,1.0,0.0,0.0,0.0,0.0,0.0,0.0,0.0,0.0,0.0,2021,7,0.12489343563512362
0.5265722115325886,-0.015980582178192218,1.0085991518277555,0.38775510204081626,0.0,0.0,0.0,0.0,0.0,0.0,0.0,0.0,0.0,0.0,0.0,0.0,1.0,0.0,0.0,0.0,0.0,0.0,0.0,0.0,0.0,0.0,2021,8,0.22890025575447573
-0.4306552968950166,0.8978181623748281,0.04583154613799536,0.4081632653061224,0.0,0.0,0.0,0.0,0.0,0.0,0.0,0.0,0.0,0.0,0.0,0.0,0.0,1.0,0.0,0.0,0.0,0.0,0.0,0.0,0.0,0.0,2021,6,0.17817561807331628
1.3402155936960527,0.774331845543339,0.6776477873719006,0.38775510204081626,0.0,0.0,0.0,0.0,0.0,0.0,0.0,0.0,0.0,0.0,0.0,0.0,0.0,1.0,0.0,0.0,0.0,0.0,0.0,0.0,0.0,0.0,2021,7,0.09335038363171355
1.2923542182746734,0.5273592118803607,0.8581667134387305,0.346938775510204,0.0,0.0,0.0,0.0,0.0,0.0,0.0,0.0,0.0,0.0,0.0,0.0,0.0,1.0,0.0,0.0,0.0,0.0,0.0,0.0,0.0,0.0,2021,8,0.0784313725490196
-1.1485759282157204,-0.21355868910857415,-0.31520630599566457,0.5918367346938774,0.0,0.0,0.0,0.0,0.0,0.0,0.0,0.0,0.0,0.0,0.0,0.0,0.0,0.0,1.0,0.0,0.0,0.0,0.0,0.0,0.0,0.0,2021,6,0.6487638533674339
0.76587908863949,0.03341394455440414,0.9484261764721458,0.42857142857142855,0.0,0.0,0.0,0.0,0.0,0.0,0.0,0.0,0.0,0.0,0.0,0.0,0.0,0.0,1.0,0.0,0.0,0.0,0.0,0.0,0.0,0.0,2021,7,0.3789428815004263
0.76587908863949,-0.06537510891078682,0.5272153489828755,0.4081632653061224,0.0,0.0,0.0,0.0,0.0,0.0,0.0,0.0,0.0,0.0,0.0,0.0,0.0,0.0,1.0,0.0,0.0,0.0,0.0,0.0,0.0,0.0,2021,8,0.049019607843137254
-0.4306552968950166,-1.0532656435627008,0.3767829105938504,0.8571428571428571,0.0,0.0,0.0,0.0,0.0,0.0,0.0,0.0,0.0,0.0,0.0,0.0,0.0,0.0,0.0,0.0,1.0,0.0,0.0,0.0,0.0,0.0,2021,6,0.8601875532821825
1.6752452216457159,0.5767537386129553,1.2793775409280008,0.7551020408163265,0.0,0.0,0.0,0.0,0.0,0.0,0.0,0.0,0.0,0.0,0.0,0.0,0.0,0.0,0.0,0.0,1.0,0.0,0.0,0.0,0.0,0.0,2021,7,0.7340153452685422
0.909463214903631,-0.6087149029693397,1.6705018807394656,0.7551020408163265,0.0,0.0,0.0,0.0,0.0,0.0,0.0,0.0,0.0,0.0,0.0,0.0,0.0,0.0,0.0,0.0,1.0,0.0,0.0,0.0,0.0,0.0,2021,8,0.46121057118499575
-0.9092690511088192,-0.23825595247487233,0.34669642291604547,0.4693877551020407,0.0,0.0,0.0,0.0,0.0,0.0,0.0,0.0,0.0,0.0,0.0,0.0,0.0,0.0,0.0,0.0,0.0,0.0,1.0,0.0,0.0,0.0,2021,6,0.6483375959079284
1.1966314674319132,0.23099205148478608,0.9183396887943408,0.48979591836734687,0.0,0.0,0.0,0.0,0.0,0.0,0.0,0.0,0.0,0.0,0.0,0.0,0.0,0.0,0.0,0.0,0.0,0.0,1.0,0.0,0.0,0.0,2021,7,0.27877237851662406
0.8616018394822501,0.23099205148478608,1.249291053250196,0.4489795918367347,0.0,0.0,0.0,0.0,0.0,0.0,0.0,0.0,0.0,0.0,0.0,0.0,0.0,0.0,0.0,0.0,0.0,0.0,1.0,0.0,0.0,0.0,2021,8,0.10144927536231885
-0.7656849248446781,0.18159752475219146,-0.43555225670688474,0.7346938775510203,0.0,0.0,0.0,0.0,0.0,0.0,0.0,0.0,0.0,0.0,0.0,0.0,0.0,0.0,0.0,0.0,0.0,0.0,0.0,0.0,1.0,0.0,2021,6,0.2915601023017903
1.2444928428532924,0.18159752475219146,1.369637003961416,0.6122448979591836,0.0,0.0,0.0,0.0,0.0,0.0,0.0,0.0,0.0,0.0,0.0,0.0,0.0,0.0,0.0,0.0,0.0,0.0,0.0,0.0,1.0,0.0,2021,7,0.03111679454390452
0.8137404640608709,0.28038657821738244,0.3767829105938504,0.6326530612244897,0.0,0.0,0.0,0.0,0.0,0.0,0.0,0.0,0.0,0.0,0.0,0.0,0.0,0.0,0.0,0.0,0.0,0.0,0.0,0.0,1.0,0.0,2021,8,0.08823529411764706
-1.1007145527943396,-0.11476963564338319,0.10600452149360517,0.28571428571428564,0.0,0.0,0.0,0.0,0.0,0.0,0.0,0.0,0.0,0.0,0.0,0.0,0.0,0.0,0.0,0.0,0.0,0.0,0.0,0.0,0.0,1.0,2021,6,0.8589087809036658
0.909463214903631,0.13220299801959512,0.8280802257609255,0.26530612244897955,0.0,0.0,0.0,0.0,0.0,0.0,0.0,0.0,0.0,0.0,0.0,0.0,0.0,0.0,0.0,0.0,0.0,0.0,0.0,0.0,0.0,1.0,2021,7,0.5626598465473146
0.7180177132181107,0.25568931485108426,0.6776477873719006,0.24489795918367344,0.0,0.0,0.0,0.0,0.0,0.0,0.0,0.0,0.0,0.0,0.0,0.0,0.0,0.0,0.0,0.0,0.0,0.0,0.0,0.0,0.0,1.0,2021,8,0.09931798806479114
0.047958457318786014,-0.5593203762367442,0.22635047220482532,0.6326530612244897,0.0,0.0,0.0,0.0,0.0,0.0,0.0,1.0,0.0,0.0,0.0,0.0,0.0,0.0,0.0,0.0,0.0,0.0,0.0,0.0,0.0,0.0,2022,6,0.08695652173913043
0.1436812081615462,-0.090072372277085,0.7979937380831207,0.6530612244897959,0.0,0.0,0.0,0.0,0.0,0.0,0.0,1.0,0.0,0.0,0.0,0.0,0.0,0.0,0.0,0.0,0.0,0.0,0.0,0.0,0.0,0.0,2022,7,0.14961636828644503
1.1966314674319132,-0.13946689900968137,1.8811072944841016,0.8163265306122448,0.0,0.0,0.0,0.0,0.0,0.0,0.0,1.0,0.0,0.0,0.0,0.0,0.0,0.0,0.0,0.0,0.0,0.0,0.0,0.0,0.0,0.0,2022,8,0.19607843137254902
