Average Temperature (celsius),Max Temperature (celsius),Min Temperature (celsius),Average Wind Speed (m/s),City_Бориспіль,City_Білопілля,City_Житомир,City_Звягель,City_Київ,City_Конотоп,City_Миронівка,City_Ніжин,City_Овруч,City_Олевськ,City_Прилуки,City_Ромни,City_Семенівка,City_Суми,City_Чернігів,City_Чорнобиль,Year,Month,Total Precipitation (mm)
-0.058195468317199524,0.016613236123668447,-0.39165995785593305,0.4166666666666667,0.0,0.0,1.0,0.0,0.0,0.0,0.0,0.0,0.0,0.0,0.0,0.0,0.0,0.0,0.0,0.0,2010,6,0.45403334835511483
1.4339960269956067,0.5580816727469413,1.50488603912687,0.2777777777777778,0.0,0.0,1.0,0.0,0.0,0.0,0.0,0.0,0.0,0.0,0.0,0.0,0.0,0.0,0.0,0.0,2010,7,0.4827625056331681
1.0161824083080213,1.219876428619829,-0.09988365062780921,0.3333333333333333,0.0,0.0,1.0,0.0,0.0,0.0,0.0,0.0,0.0,0.0,0.0,0.0,0.0,0.0,0.0,0.0,2010,8,0.21969355565570076
1.0161824083080213,0.4377553534973256,1.0672215782846848,0.6666666666666666,0.0,0.0,0.0,0.0,1.0,0.0,0.0,0.0,0.0,0.0,0.0,0.0,0.0,0.0,0.0,0.0,2010,6,0.14646237043713384
2.5083739036208277,0.7084895718089615,2.5261031144253026,0.5,0.0,0.0,0.0,0.0,1.0,0.0,0.0,0.0,0.0,0.0,0.0,0.0,0.0,0.0,0.0,0.0,2010,7,0.5661333934204597
2.5680615634333406,1.851589604680314,0.3377808102143759,0.5833333333333334,0.0,0.0,0.0,0.0,1.0,0.0,0.0,0.0,0.0,0.0,0.0,0.0,0.0,0.0,0.0,0.0,2010,8,0.1402658855340243
0.8371194288704842,0.4678369333097279,-0.24577180424187112,0.6388888888888888,0.0,0.0,0.0,0.0,0.0,1.0,0.0,0.0,0.0,0.0,0.0,0.0,0.0,0.0,0.0,0.0,2010,6,0.3988283010365029
2.6874368830583646,0.8889790506833861,2.30727088400421,0.4444444444444445,0.0,0.0,0.0,0.0,0.0,1.0,0.0,0.0,0.0,0.0,0.0,0.0,0.0,0.0,0.0,0.0,2010,7,0.4422036953582695
2.0905602849332423,1.9719159239299298,-0.2092997658383558,0.4444444444444445,0.0,0.0,0.0,0.0,0.0,1.0,0.0,0.0,0.0,0.0,0.0,0.0,0.0,0.0,0.0,0.0,2010,8,0.10928346101847677
0.7774317690579732,0.16702113518568756,0.3377808102143759,0.6111111111111112,0.0,0.0,0.0,0.0,0.0,0.0,1.0,0.0,0.0,0.0,0.0,0.0,0.0,0.0,0.0,0.0,2010,6,0.3498197386210004
2.0905602849332423,0.9792237901205973,1.833134384758509,0.4722222222222222,0.0,0.0,0.0,0.0,0.0,0.0,1.0,0.0,0.0,0.0,0.0,0.0,0.0,0.0,0.0,0.0,2010,7,0.28785488958990535
2.3889985839958032,2.0320790835547387,0.3377808102143759,0.5555555555555556,0.0,0.0,0.0,0.0,0.0,0.0,1.0,0.0,0.0,0.0,0.0,0.0,0.0,0.0,0.0,0.0,2010,8,0.07548445245606128
0.7177441092454601,0.49791851312213237,-0.42813199625944837,1.0,0.0,0.0,0.0,0.0,0.0,0.0,0.0,0.0,0.0,0.0,0.0,0.0,0.0,1.0,0.0,0.0,2010,6,0.07323118521856692
2.6874368830583646,1.159713268995022,2.70846330644288,0.6944444444444444,0.0,0.0,0.0,0.0,0.0,0.0,0.0,0.0,0.0,0.0,0.0,0.0,0.0,1.0,0.0,0.0,2010,7,0.5976791347453807
2.3293109241832903,2.0922422431795478,-0.6469642266805412,0.888888888888889,0.0,0.0,0.0,0.0,0.0,0.0,0.0,0.0,0.0,0.0,0.0,0.0,0.0,1.0,0.0,0.0,2010,8,0.18420459666516448
1.7324343260581678,1.7011817056182938,-0.02693957382077857,0.6666666666666666,0.0,0.0,0.0,0.0,0.0,0.0,0.0,0.0,0.0,0.0,0.0,0.0,0.0,0.0,1.0,0.0,2010,8,0.21237043713384407
-0.2372584477547367,-0.5248552004996044,0.775445271056561,0.3055555555555556,0.0,0.0,1.0,0.0,0.0,0.0,0.0,0.0,0.0,0.0,0.0,0.0,0.0,0.0,0.0,0.0,2011,6,0.5661333934204597
0.2402428307453617,-0.22403940237556405,0.4107248870214065,0.3333333333333333,0.0,0.0,1.0,0.0,0.0,0.0,0.0,0.0,0.0,0.0,0.0,0.0,0.0,0.0,0.0,0.0,2011,7,0.7616043262730958
-0.8938227056923701,-1.1264867967476853,0.08247654138976802,0.3333333333333333,0.0,0.0,1.0,0.0,0.0,0.0,0.0,0.0,0.0,0.0,0.0,0.0,0.0,0.0,0.0,0.0,2011,8,0.2934880576836413
0.478993469995412,0.04669481593607184,1.3225258471092927,0.7222222222222223,0.0,0.0,0.0,0.0,1.0,0.0,0.0,0.0,0.0,0.0,0.0,0.0,0.0,0.0,0.0,0.0,2011,6,0.7492113564668769
0.8371194288704842,0.0767763957484763,0.3013087718108606,0.4444444444444445,0.0,0.0,0.0,0.0,1.0,0.0,0.0,0.0,0.0,0.0,0.0,0.0,0.0,0.0,0.0,0.0,2011,7,0.8573681838666064
-0.5953844066298088,-0.8557525784360492,0.921333424670623,0.6111111111111112,0.0,0.0,0.0,0.0,1.0,0.0,0.0,0.0,0.0,0.0,0.0,0.0,0.0,0.0,0.0,0.0,2011,8,0.2889815232086525
0.061179851307824544,0.016613236123668447,0.4836689638284378,0.5,0.0,0.0,0.0,0.0,0.0,1.0,0.0,0.0,0.0,0.0,0.0,0.0,0.0,0.0,0.0,0.0,2011,6,0.5221946822893195
1.1952453877455584,0.10685797556088077,1.541358077530386,0.4444444444444445,0.0,0.0,0.0,0.0,0.0,1.0,0.0,0.0,0.0,0.0,0.0,0.0,0.0,0.0,0.0,0.0,2011,7,0.46079315006759797
-0.8341350458798592,-0.6150999399368168,0.04600450298625206,0.4444444444444445,0.0,0.0,0.0,0.0,0.0,1.0,0.0,0.0,0.0,0.0,0.0,0.0,0.0,0.0,0.0,0.0,2011,8,0.24278954484001802
0.061179851307824544,0.04669481593607184,0.6660291558460151,0.6666666666666666,0.0,0.0,0.0,0.0,0.0,0.0,1.0,0.0,0.0,0.0,0.0,0.0,0.0,0.0,0.0,0.0,2011,6,0.8748310049571879
0.8968070886829973,0.0767763957484763,0.4471969254249225,0.4722222222222222,0.0,0.0,0.0,0.0,0.0,0.0,1.0,0.0,0.0,0.0,0.0,0.0,0.0,0.0,0.0,0.0,2011,7,0.933979269941415
-0.7744473860673461,-0.7354262591864325,0.4836689638284378,0.6666666666666666,0.0,0.0,0.0,0.0,0.0,0.0,1.0,0.0,0.0,0.0,0.0,0.0,0.0,0.0,0.0,0.0,2011,8,0.37911221270842715
-0.17757078794222358,-0.2842025620003719,0.2283646950038293,0.8055555555555556,0.0,0.0,0.0,0.0,0.0,0.0,0.0,0.0,0.0,0.0,0.0,0.0,0.0,1.0,0.0,0.0,2011,6,0.4912122577737719
1.1355577279330453,0.40767377368492114,2.0154945767760863,0.7500000000000001,0.0,0.0,0.0,0.0,0.0,0.0,0.0,0.0,0.0,0.0,0.0,0.0,0.0,1.0,0.0,0.0,2011,7,0.6128886885984677
-0.7744473860673461,0.016613236123668447,-0.13635568903132517,0.7777777777777778,0.0,0.0,0.0,0.0,0.0,0.0,0.0,0.0,0.0,0.0,0.0,0.0,0.0,1.0,0.0,0.0,2011,8,0.15096890491212256
0.0014921914953135696,0.0767763957484763,1.0307495398811695,0.7500000000000001,0.0,0.0,0.0,0.0,0.0,0.0,0.0,0.0,0.0,0.0,0.0,0.0,0.0,0.0,1.0,0.0,2011,6,0.5728931951329428
0.658056449432947,0.13693955537328523,0.26483673340734526,0.5,0.0,0.0,0.0,0.0,0.0,0.0,0.0,0.0,0.0,0.0,0.0,0.0,0.0,0.0,1.0,0.0,2011,7,0.9069400630914826
-1.0728856851299073,-0.8256709986236448,0.3742528486178912,0.6944444444444444,0.0,0.0,0.0,0.0,0.0,0.0,0.0,0.0,0.0,0.0,0.0,0.0,0.0,0.0,1.0,0.0,2011,8,0.5458539882830103
-0.5953844066298088,-0.10371308312594835,-0.2092997658383558,0.3888888888888889,0.0,0.0,1.0,0.0,0.0,0.0,0.0,0.0,0.0,0.0,0.0,0.0,0.0,0.0,0.0,0.0,2012,6,0.6224650743578188
1.0758700681205344,0.738571151621366,0.8483893478635923,0.3055555555555556,0.0,0.0,1.0,0.0,0.0,0.0,0.0,0.0,0.0,0.0,0.0,0.0,0.0,0.0,0.0,0.0,2012,7,0.3785488958990536
-0.17757078794222358,-0.13379466293835174,0.4471969254249225,0.6666666666666666,0.0,0.0,0.0,0.0,1.0,0.0,0.0,0.0,0.0,0.0,0.0,0.0,0.0,0.0,0.0,0.0,2012,6,0.5041685443893645
2.030872625120729,0.8588974708709817,1.8696064231620244,0.6388888888888888,0.0,0.0,0.0,0.0,1.0,0.0,0.0,0.0,0.0,0.0,0.0,0.0,0.0,0.0,0.0,0.0,2012,7,0.202794051374493
0.12086751112033764,1.4605290671190625,0.4471969254249225,0.7222222222222223,0.0,0.0,0.0,0.0,1.0,0.0,0.0,0.0,0.0,0.0,0.0,0.0,0.0,0.0,0.0,0.0,2012,8,0.651194231635872
-0.655072066442322,-0.6150999399368168,-1.0116846107156956,0.4722222222222222,0.0,0.0,0.0,0.0,0.0,1.0,0.0,0.0,0.0,0.0,0.0,0.0,0.0,0.0,0.0,0.0,2012,6,0.25799909869310494
1.3743083671830956,0.2873474544353054,0.921333424670623,0.4444444444444445,0.0,0.0,0.0,0.0,0.0,1.0,0.0,0.0,0.0,0.0,0.0,0.0,0.0,0.0,0.0,0.0,2012,7,0.202794051374493
-0.29694610756724765,1.159713268995022,-1.0846286875227267,0.4444444444444445,0.0,0.0,0.0,0.0,0.0,1.0,0.0,0.0,0.0,0.0,0.0,0.0,0.0,0.0,0.0,0.0,2012,8,0.488395673726904
0.2402428307453617,0.678407991996557,0.4107248870214065,0.6111111111111112,0.0,0.0,0.0,0.0,0.0,0.0,1.0,0.0,0.0,0.0,0.0,0.0,0.0,0.0,0.0,0.0,2012,6,0.4067147363677332
1.792121985870681,1.0393869497454062,1.1766376934952314,0.6388888888888888,0.0,0.0,0.0,0.0,0.0,0.0,1.0,0.0,0.0,0.0,0.0,0.0,0.0,0.0,0.0,0.0,2012,7,0.3030644434429923
0.061179851307824544,1.4906106469314668,-0.464604034662964,0.6111111111111112,0.0,0.0,0.0,0.0,0.0,0.0,1.0,0.0,0.0,0.0,0.0,0.0,0.0,0.0,0.0,0.0,2012,8,0.39206849932401977
-0.5953844066298088,-0.37444730143758426,-0.8293244186981185,0.888888888888889,0.0,0.0,0.0,0.0,0.0,0.0,0.0,0.0,0.0,0.0,0.0,0.0,0.0,1.0,0.0,0.0,2012,6,0.22645335736818387
1.3146207073705827,0.25726587462290096,0.775445271056561,0.7777777777777778,0.0,0.0,0.0,0.0,0.0,0.0,0.0,0.0,0.0,0.0,0.0,0.0,0.0,1.0,0.0,0.0,2012,7,0.40502478593961244
-0.35663376737976077,1.2800395882446378,-1.1940448027332728,0.8333333333333334,0.0,0.0,0.0,0.0,0.0,0.0,0.0,0.0,0.0,0.0,0.0,0.0,0.0,1.0,0.0,0.0,2012,8,0.3695358269490761
1.1952453877455584,0.7084895718089615,0.9578054630741383,0.5833333333333334,0.0,0.0,0.0,0.0,0.0,0.0,0.0,0.0,0.0,0.0,0.0,0.0,0.0,0.0,1.0,0.0,2012,7,0.23602974312753489
-0.5953844066298088,1.009305369933002,-1.121100725926242,0.8055555555555556,0.0,0.0,0.0,0.0,0.0,0.0,0.0,0.0,0.0,0.0,0.0,0.0,0.0,0.0,1.0,0.0,2012,8,0.6782334384858044
-0.5953844066298088,-0.8256709986236448,0.4836689638284378,0.5277777777777778,0.0,1.0,0.0,0.0,0.0,0.0,0.0,0.0,0.0,0.0,0.0,0.0,0.0,0.0,0.0,0.0,2013,7,0.3086976115367282
-1.1325733449424205,-0.4045288812499887,-0.8293244186981185,0.3333333333333333,0.0,1.0,0.0,0.0,0.0,0.0,0.0,0.0,0.0,0.0,0.0,0.0,0.0,0.0,0.0,0.0,2013,8,0.3098242451554754
-0.535696746817298,-0.7053446793740291,0.5566130406354685,0.3333333333333333,0.0,0.0,1.0,0.0,0.0,0.0,0.0,0.0,0.0,0.0,0.0,0.0,0.0,0.0,0.0,0.0,2013,7,0.282785038305543
-1.0728856851299073,-0.4045288812499887,-0.6834362650840565,0.22222222222222224,0.0,0.0,1.0,0.0,0.0,0.0,0.0,0.0,0.0,0.0,0.0,0.0,0.0,0.0,0.0,0.0,2013,8,0.47262280306444343
0.7774317690579732,-0.22403940237556405,1.2131097318987467,0.6111111111111112,0.0,0.0,0.0,0.0,1.0,0.0,0.0,0.0,0.0,0.0,0.0,0.0,0.0,0.0,0.0,0.0,2013,6,0.5086750788643533
0.2999304905578748,-0.4947736206872,1.0307495398811695,0.7222222222222223,0.0,0.0,0.0,0.0,1.0,0.0,0.0,0.0,0.0,0.0,0.0,0.0,0.0,0.0,0.0,0.0,2013,7,0.11210004506534474
-0.2372584477547367,-0.22403940237556405,0.3742528486178912,0.5833333333333334,0.0,0.0,0.0,0.0,1.0,0.0,0.0,0.0,0.0,0.0,0.0,0.0,0.0,0.0,0.0,0.0,2013,8,0.28672825597115814
0.598368789620436,0.197102714998092,1.1766376934952314,0.4722222222222222,0.0,0.0,0.0,0.0,0.0,1.0,0.0,0.0,0.0,0.0,0.0,0.0,0.0,0.0,0.0,0.0,2013,6,0.38136547994592157
-0.29694610756724765,-0.2541209821879685,0.5201410022319531,0.3888888888888889,0.0,0.0,0.0,0.0,0.0,1.0,0.0,0.0,0.0,0.0,0.0,0.0,0.0,0.0,0.0,0.0,2013,7,0.31996394772420006
-0.535696746817298,-0.07363150331354387,0.5930850790389838,0.3888888888888889,0.0,0.0,0.0,0.0,0.0,1.0,0.0,0.0,0.0,0.0,0.0,0.0,0.0,0.0,0.0,0.0,2013,8,0.47600270392068494
0.658056449432947,-0.04354992350113941,0.5930850790389838,0.5833333333333334,0.0,0.0,0.0,0.0,0.0,0.0,1.0,0.0,0.0,0.0,0.0,0.0,0.0,0.0,0.0,0.0,2013,6,0.322780531771068
0.12086751112033764,0.016613236123668447,0.5930850790389838,0.5555555555555556,0.0,0.0,0.0,0.0,0.0,0.0,1.0,0.0,0.0,0.0,0.0,0.0,0.0,0.0,0.0,0.0,2013,7,0.2912347904461469
-0.4163214271922717,-0.2842025620003719,-0.28224384264538643,0.4722222222222222,0.0,0.0,0.0,0.0,0.0,0.0,1.0,0.0,0.0,0.0,0.0,0.0,0.0,0.0,0.0,0.0,2013,8,0.19828751689950427
0.478993469995412,-2.119178930557019,2.890823498460457,0.6944444444444444,0.0,0.0,0.0,0.0,0.0,0.0,0.0,1.0,0.0,0.0,0.0,0.0,0.0,0.0,0.0,0.0,2013,6,0.0
-0.7744473860673461,-0.7053446793740291,0.15542061819679867,0.3888888888888889,0.0,0.0,0.0,1.0,0.0,0.0,0.0,0.0,0.0,0.0,0.0,0.0,0.0,0.0,0.0,0.0,2013,7,0.6726002703920685
-0.1178831281297105,-2.5403210479306746,2.380214960811241,0.36111111111111116,0.0,0.0,0.0,0.0,0.0,0.0,0.0,0.0,1.0,0.0,0.0,0.0,0.0,0.0,0.0,0.0,2013,6,0.0
-0.535696746817298,-0.1939578225631596,0.4107248870214065,0.2777777777777778,0.0,0.0,0.0,0.0,0.0,0.0,0.0,0.0,1.0,0.0,0.0,0.0,0.0,0.0,0.0,0.0,2013,7,0.11942316358720143
-1.1922610047549314,-0.10371308312594835,-0.5740201498735102,0.22222222222222224,0.0,0.0,0.0,0.0,0.0,0.0,0.0,0.0,1.0,0.0,0.0,0.0,0.0,0.0,0.0,0.0,2013,8,0.20617395223073456
-0.8938227056923701,-0.7354262591864325,-0.464604034662964,0.6111111111111112,0.0,0.0,0.0,0.0,0.0,0.0,0.0,0.0,0.0,1.0,0.0,0.0,0.0,0.0,0.0,0.0,2013,7,0.4517800811176205
-1.3116363243799554,-0.04354992350113941,-1.3399329563473346,0.4444444444444445,0.0,0.0,0.0,0.0,0.0,0.0,0.0,0.0,0.0,1.0,0.0,0.0,0.0,0.0,0.0,0.0,2013,8,0.07661108607480846
0.5386811298079229,-2.2395052498066343,2.4896310760217872,0.7777777777777778,0.0,0.0,0.0,0.0,0.0,0.0,0.0,0.0,0.0,0.0,1.0,0.0,0.0,0.0,0.0,0.0,2013,6,0.002253267237494367
-0.655072066442322,-0.07363150331354387,-0.6834362650840565,0.5,0.0,0.0,0.0,0.0,0.0,0.0,0.0,0.0,0.0,0.0,1.0,0.0,0.0,0.0,0.0,0.0,2013,8,0.2501126633618747
0.2999304905578748,-2.570402627743079,2.671991268039364,0.5833333333333334,0.0,0.0,0.0,0.0,0.0,0.0,0.0,0.0,0.0,0.0,0.0,1.0,0.0,0.0,0.0,0.0,2013,6,0.03943217665615142
-0.2372584477547367,0.016613236123668447,0.4471969254249225,0.3888888888888889,0.0,0.0,0.0,0.0,0.0,0.0,0.0,0.0,0.0,0.0,0.0,1.0,0.0,0.0,0.0,0.0,2013,7,0.21913023884632715
-0.47600908700478484,-0.2842025620003719,0.4836689638284378,0.3333333333333333,0.0,0.0,0.0,0.0,0.0,0.0,0.0,0.0,0.0,0.0,0.0,1.0,0.0,0.0,0.0,0.0,2013,8,0.5599369085173501
-0.8938227056923701,-0.4045288812499887,0.11894857979328334,0.6666666666666666,0.0,0.0,0.0,0.0,0.0,0.0,0.0,0.0,0.0,0.0,0.0,0.0,1.0,0.0,0.0,0.0,2013,7,0.402771518702118
0.2402428307453617,-0.1638762427507562,0.7389732326530457,0.7500000000000001,0.0,0.0,0.0,0.0,0.0,0.0,0.0,0.0,0.0,0.0,0.0,0.0,0.0,1.0,0.0,0.0,2013,6,0.30588102748986024
-0.29694610756724765,-0.31428414181277636,0.191892656600314,0.7222222222222223,0.0,0.0,0.0,0.0,0.0,0.0,0.0,0.0,0.0,0.0,0.0,0.0,0.0,1.0,0.0,0.0,2013,7,0.2810950878774222
-0.4163214271922717,0.04669481593607184,0.6295571174424998,0.6944444444444444,0.0,0.0,0.0,0.0,0.0,0.0,0.0,0.0,0.0,0.0,0.0,0.0,0.0,1.0,0.0,0.0,2013,8,0.4517800811176205
0.478993469995412,-0.37444730143758426,1.3225258471092927,0.6111111111111112,0.0,0.0,0.0,0.0,0.0,0.0,0.0,0.0,0.0,0.0,0.0,0.0,0.0,0.0,1.0,0.0,2013,6,0.2737719693555656
-0.29694610756724765,-0.2842025620003719,0.5201410022319531,0.7777777777777778,0.0,0.0,0.0,0.0,0.0,0.0,0.0,0.0,0.0,0.0,0.0,0.0,0.0,0.0,1.0,0.0,2013,7,0.23377647589004055
-0.8341350458798592,0.13693955537328523,-0.13635568903132517,0.6388888888888888,0.0,0.0,0.0,0.0,0.0,0.0,0.0,0.0,0.0,0.0,0.0,0.0,0.0,0.0,1.0,0.0,2013,8,0.1887111311401532
0.12086751112033764,-2.4500763084934625,2.5625751528288188,0.5,0.0,0.0,0.0,0.0,0.0,0.0,0.0,0.0,0.0,0.0,0.0,0.0,0.0,0.0,0.0,1.0,2013,6,0.12956286615592608
-0.47600908700478484,-0.34436572162517975,0.3742528486178912,0.3055555555555556,0.0,0.0,0.0,0.0,0.0,0.0,0.0,0.0,0.0,0.0,0.0,0.0,0.0,0.0,0.0,1.0,2013,7,0.42361424064894093
-1.0728856851299073,-0.04354992350113941,-0.7563803418910875,0.25,0.0,0.0,0.0,0.0,0.0,0.0,0.0,0.0,0.0,0.0,0.0,0.0,0.0,0.0,0.0,1.0,2013,8,0.20617395223073456
-1.968200582317591,-1.0061604774980695,-0.5375481114699949,0.5277777777777778,0.0,1.0,0.0,0.0,0.0,0.0,0.0,0.0,0.0,0.0,0.0,0.0,0.0,0.0,0.0,0.0,2014,6,0.3993916178458765
0.061179851307824544,0.22718429481049648,0.775445271056561,0.36111111111111116,0.0,1.0,0.0,0.0,0.0,0.0,0.0,0.0,0.0,0.0,0.0,0.0,0.0,0.0,0.0,0.0,2014,7,0.7379450202794051
-0.2372584477547367,0.49791851312213237,-0.0634116122242939,0.4166666666666667,0.0,1.0,0.0,0.0,0.0,0.0,0.0,0.0,0.0,0.0,0.0,0.0,0.0,0.0,0.0,0.0,2014,8,0.24560612888688596
-1.848825262692567,-0.9159157380608571,-0.17282772743484048,0.3333333333333333,0.0,0.0,1.0,0.0,0.0,0.0,0.0,0.0,0.0,0.0,0.0,0.0,0.0,0.0,0.0,0.0,2014,6,0.23828301036502925
0.18055517093285073,-0.1638762427507562,0.9942775014776541,0.11111111111111112,0.0,0.0,1.0,0.0,0.0,0.0,0.0,0.0,0.0,0.0,0.0,0.0,0.0,0.0,0.0,0.0,2014,7,0.7249887336638124
-0.2372584477547367,0.6182448323717481,-0.3187158810489024,0.25,0.0,0.0,1.0,0.0,0.0,0.0,0.0,0.0,0.0,0.0,0.0,0.0,0.0,0.0,0.0,0.0,2014,8,0.23208652546191977
-1.2519486645674445,-0.6451815197492201,0.5201410022319531,0.6944444444444444,0.0,0.0,0.0,0.0,1.0,0.0,0.0,0.0,0.0,0.0,0.0,0.0,0.0,0.0,0.0,0.0,2014,6,0.3025011266336187
1.0161824083080213,-0.07363150331354387,2.0154945767760863,0.5277777777777778,0.0,0.0,0.0,0.0,1.0,0.0,0.0,0.0,0.0,0.0,0.0,0.0,0.0,0.0,0.0,0.0,2014,7,0.42812077512392965
0.5386811298079229,0.5881632525593458,0.5566130406354685,0.5555555555555556,0.0,0.0,0.0,0.0,1.0,0.0,0.0,0.0,0.0,0.0,0.0,0.0,0.0,0.0,0.0,0.0,2014,8,0.24560612888688596
-1.6100746234425167,-0.1939578225631596,0.15542061819679867,0.5555555555555556,0.0,0.0,0.0,0.0,0.0,1.0,0.0,0.0,0.0,0.0,0.0,0.0,0.0,0.0,0.0,0.0,2014,6,0.35432627309598913
0.7774317690579732,0.16702113518568756,1.1401656550917154,0.5277777777777778,0.0,0.0,0.0,0.0,0.0,1.0,0.0,0.0,0.0,0.0,0.0,0.0,0.0,0.0,0.0,0.0,2014,7,0.3909418657052727
0.2402428307453617,0.738571151621366,-0.5010760730664793,0.36111111111111116,0.0,0.0,0.0,0.0,0.0,1.0,0.0,0.0,0.0,0.0,0.0,0.0,0.0,0.0,0.0,0.0,2014,8,0.06590806669671022
-1.3713239841924685,-0.22403940237556405,0.3377808102143759,0.5555555555555556,0.0,0.0,0.0,0.0,0.0,0.0,1.0,0.0,0.0,0.0,0.0,0.0,0.0,0.0,0.0,0.0,2014,6,0.2658855340243353
0.8371194288704842,-0.10371308312594835,1.2131097318987467,0.4722222222222222,0.0,0.0,0.0,0.0,0.0,0.0,1.0,0.0,0.0,0.0,0.0,0.0,0.0,0.0,0.0,0.0,2014,7,0.6010590356016223
0.478993469995412,1.0393869497454062,-0.5010760730664793,0.4722222222222222,0.0,0.0,0.0,0.0,0.0,0.0,1.0,0.0,0.0,0.0,0.0,0.0,0.0,0.0,0.0,0.0,2014,8,0.21969355565570076
-1.9085129225050779,-1.4273025948717255,-1.0846286875227267,0.4722222222222222,0.0,0.0,0.0,1.0,0.0,0.0,0.0,0.0,0.0,0.0,0.0,0.0,0.0,0.0,0.0,0.0,2014,6,0.4298107255520504
0.2402428307453617,-0.34436572162517975,0.08247654138976802,0.4722222222222222,0.0,0.0,0.0,1.0,0.0,0.0,0.0,0.0,0.0,0.0,0.0,0.0,0.0,0.0,0.0,0.0,2014,7,0.4861424064894096
-0.17757078794222358,0.6483264121841525,0.11894857979328334,0.36111111111111116,0.0,0.0,0.0,1.0,0.0,0.0,0.0,0.0,0.0,0.0,0.0,0.0,0.0,0.0,0.0,0.0,2014,8,0.4534700315457413
-0.535696746817298,0.7686527314337683,-0.17282772743484048,0.2777777777777778,0.0,0.0,0.0,0.0,0.0,0.0,0.0,0.0,1.0,0.0,0.0,0.0,0.0,0.0,0.0,0.0,2014,8,0.7785038305543036
0.061179851307824544,0.40767377368492114,-0.6834362650840565,0.5277777777777778,0.0,0.0,0.0,0.0,0.0,0.0,0.0,0.0,0.0,1.0,0.0,0.0,0.0,0.0,0.0,0.0,2014,7,0.33179360072104547
-0.7744473860673461,0.5881632525593458,-0.6834362650840565,0.5277777777777778,0.0,0.0,0.0,0.0,0.0,0.0,0.0,0.0,0.0,1.0,0.0,0.0,0.0,0.0,0.0,0.0,2014,8,0.6106354213609734
-1.3116363243799554,-0.10371308312594835,-0.3187158810489024,0.6111111111111112,0.0,0.0,0.0,0.0,0.0,0.0,0.0,0.0,0.0,0.0,1.0,0.0,0.0,0.0,0.0,0.0,2014,6,0.12223974763406939
0.598368789620436,-0.1638762427507562,1.2131097318987467,0.3055555555555556,0.0,0.0,0.0,0.0,0.0,0.0,0.0,0.0,0.0,0.0,0.0,1.0,0.0,0.0,0.0,0.0,2014,7,0.7323118521856692
0.41930581018289886,0.5881632525593458,-0.17282772743484048,0.3888888888888889,0.0,0.0,0.0,0.0,0.0,0.0,0.0,0.0,0.0,0.0,0.0,1.0,0.0,0.0,0.0,0.0,2014,8,0.07942767012167642
-2.206951221567639,0.10685797556088077,-1.1575727643297573,0.6944444444444444,0.0,0.0,0.0,0.0,0.0,0.0,0.0,0.0,0.0,0.0,0.0,0.0,1.0,0.0,0.0,0.0,2014,6,0.2737719693555656
0.2999304905578748,0.22718429481049648,0.08247654138976802,0.4722222222222222,0.0,0.0,0.0,0.0,0.0,0.0,0.0,0.0,0.0,0.0,0.0,0.0,1.0,0.0,0.0,0.0,2014,7,0.45797656602073
-0.35663376737976077,0.9190606304957885,-0.9752125723121801,0.5,0.0,0.0,0.0,0.0,0.0,0.0,0.0,0.0,0.0,0.0,0.0,0.0,1.0,0.0,0.0,0.0,2014,8,0.2089905362776025
-1.7891376028800539,-0.5248552004996044,-0.42813199625944837,0.9722222222222223,0.0,0.0,0.0,0.0,0.0,0.0,0.0,0.0,0.0,0.0,0.0,0.0,0.0,1.0,0.0,0.0,2014,6,0.5621901757548444
0.5386811298079229,-0.1638762427507562,0.9942775014776541,0.7222222222222223,0.0,0.0,0.0,0.0,0.0,0.0,0.0,0.0,0.0,0.0,0.0,0.0,0.0,1.0,0.0,0.0,2014,7,0.45009013068949977
0.12086751112033764,0.6483264121841525,-0.8293244186981185,0.6666666666666666,0.0,0.0,0.0,0.0,0.0,0.0,0.0,0.0,0.0,0.0,0.0,0.0,0.0,1.0,0.0,0.0,2014,8,0.09351059035601622
-1.7891376028800539,-0.1638762427507562,-0.7199083034875722,0.8333333333333334,0.0,0.0,0.0,0.0,0.0,0.0,0.0,0.0,0.0,0.0,0.0,0.0,0.0,0.0,1.0,0.0,2014,6,0.16392519152771517
0.7177441092454601,0.10685797556088077,0.9578054630741383,0.5,0.0,0.0,0.0,0.0,0.0,0.0,0.0,0.0,0.0,0.0,0.0,0.0,0.0,0.0,1.0,0.0,2014,7,0.5616268589454709
-0.35663376737976077,0.7686527314337683,-0.9752125723121801,0.4722222222222222,0.0,0.0,0.0,0.0,0.0,0.0,0.0,0.0,0.0,0.0,0.0,0.0,0.0,0.0,1.0,0.0,2014,8,0.1971608832807571
0.478993469995412,0.10685797556088077,0.6295571174424998,0.25,0.0,0.0,0.0,0.0,0.0,0.0,0.0,0.0,0.0,0.0,0.0,0.0,0.0,0.0,0.0,1.0,2014,7,0.33179360072104547
-0.17757078794222358,0.9792237901205973,-0.7563803418910875,0.25,0.0,0.0,0.0,0.0,0.0,0.0,0.0,0.0,0.0,0.0,0.0,0.0,0.0,0.0,0.0,1.0,2014,8,0.2410995944118972
-0.535696746817298,-0.34436572162517975,-0.39165995785593305,0.5,0.0,1.0,0.0,0.0,0.0,0.0,0.0,0.0,0.0,0.0,0.0,0.0,0.0,0.0,0.0,0.0,2015,6,0.09013068949977467
0.5386811298079229,1.370284327681849,-0.6834362650840565,0.5277777777777778,0.0,1.0,0.0,0.0,0.0,0.0,0.0,0.0,0.0,0.0,0.0,0.0,0.0,0.0,0.0,0.0,2015,7,0.17068499324019829
0.5386811298079229,0.678407991996557,-0.5375481114699949,0.3055555555555556,0.0,1.0,0.0,0.0,0.0,0.0,0.0,0.0,0.0,0.0,0.0,0.0,0.0,0.0,0.0,0.0,2015,8,0.005633168093735917
-0.35663376737976077,-0.1638762427507562,0.11894857979328334,0.22222222222222224,0.0,0.0,1.0,0.0,0.0,0.0,0.0,0.0,0.0,0.0,0.0,0.0,0.0,0.0,0.0,0.0,2015,6,0.20561063542136096
0.478993469995412,0.7987343112461728,-0.2092997658383558,0.3055555555555556,0.0,0.0,1.0,0.0,0.0,0.0,0.0,0.0,0.0,0.0,0.0,0.0,0.0,0.0,0.0,0.0,2015,7,0.20504731861198736
0.658056449432947,0.49791851312213237,-0.42813199625944837,0.22222222222222224,0.0,0.0,1.0,0.0,0.0,0.0,0.0,0.0,0.0,0.0,0.0,0.0,0.0,0.0,0.0,0.0,2015,8,0.041685443893645785
0.061179851307824544,-0.22403940237556405,1.1766376934952314,0.7500000000000001,0.0,0.0,0.0,0.0,1.0,0.0,0.0,0.0,0.0,0.0,0.0,0.0,0.0,0.0,0.0,0.0,2015,6,0.08337088778729157
0.9564947484955082,0.8889790506833861,0.5201410022319531,0.6666666666666666,0.0,0.0,0.0,0.0,1.0,0.0,0.0,0.0,0.0,0.0,0.0,0.0,0.0,0.0,0.0,0.0,2015,7,0.28841820639927895
1.3146207073705827,0.6483264121841525,0.5930850790389838,0.5277777777777778,0.0,0.0,0.0,0.0,1.0,0.0,0.0,0.0,0.0,0.0,0.0,0.0,0.0,0.0,0.0,0.0,2015,8,0.007886435331230283
-0.8341350458798592,-0.04354992350113941,0.11894857979328334,0.5555555555555556,0.0,0.0,0.0,0.0,0.0,1.0,0.0,0.0,0.0,0.0,0.0,0.0,0.0,0.0,0.0,0.0,2015,6,0.42023433979269936
0.061179851307824544,0.6182448323717481,0.6660291558460151,0.4444444444444445,0.0,0.0,0.0,0.0,0.0,1.0,0.0,0.0,0.0,0.0,0.0,0.0,0.0,0.0,0.0,0.0,2015,7,0.2625056331680937
0.12086751112033764,0.49791851312213237,-0.9752125723121801,0.4166666666666667,0.0,0.0,0.0,0.0,0.0,1.0,0.0,0.0,0.0,0.0,0.0,0.0,0.0,0.0,0.0,0.0,2015,8,0.01971608832807571
-0.714759726254833,0.0767763957484763,-0.2092997658383558,0.7222222222222223,0.0,0.0,0.0,0.0,0.0,0.0,0.0,0.0,0.0,0.0,0.0,0.0,0.0,0.0,1.0,0.0,2015,6,0.255182514646237
-0.2372584477547367,0.40767377368492114,0.3742528486178912,0.6666666666666666,0.0,0.0,0.0,0.0,0.0,0.0,0.0,0.0,0.0,0.0,0.0,0.0,0.0,0.0,1.0,0.0,2015,7,0.42136097341144657
0.12086751112033764,0.8288158910585772,-1.0846286875227267,0.5,0.0,0.0,0.0,0.0,0.0,0.0,0.0,0.0,0.0,0.0,0.0,0.0,0.0,0.0,1.0,0.0,2015,8,0.005633168093735917
-0.29694610756724765,0.25726587462290096,-0.8657964571016338,0.3055555555555556,0.0,0.0,0.0,0.0,0.0,0.0,0.0,0.0,0.0,0.0,0.0,0.0,0.0,0.0,0.0,1.0,2015,6,0.029855790896800356
-0.17757078794222358,0.7686527314337683,-0.28224384264538643,0.2777777777777778,0.0,0.0,0.0,0.0,0.0,0.0,0.0,0.0,0.0,0.0,0.0,0.0,0.0,0.0,0.0,1.0,2015,7,0.4974087426768814
0.18055517093285073,0.6182448323717481,-0.42813199625944837,0.22222222222222224,0.0,0.0,0.0,0.0,0.0,0.0,0.0,0.0,0.0,0.0,0.0,0.0,0.0,0.0,0.0,1.0,2015,8,0.08675078864353312
-0.17757078794222358,-0.10371308312594835,-1.0846286875227267,0.4722222222222222,0.0,1.0,0.0,0.0,0.0,0.0,0.0,0.0,0.0,0.0,0.0,0.0,0.0,0.0,0.0,0.0,2016,6,0.24673276250563314
0.41930581018289886,1.009305369933002,0.191892656600314,0.5555555555555556,0.0,1.0,0.0,0.0,0.0,0.0,0.0,0.0,0.0,0.0,0.0,0.0,0.0,0.0,0.0,0.0,2016,7,0.2434655250112663
-0.2372584477547367,0.25726587462290096,0.04600450298625206,0.4166666666666667,0.0,1.0,0.0,0.0,0.0,0.0,0.0,0.0,0.0,0.0,0.0,0.0,0.0,0.0,0.0,0.0,2016,8,0.06771068048670571
0.061179851307824544,-0.10371308312594835,-0.7563803418910875,0.3333333333333333,0.0,0.0,1.0,0.0,0.0,0.0,0.0,0.0,0.0,0.0,0.0,0.0,0.0,0.0,0.0,0.0,2016,6,0.13970256872465073
0.598368789620436,0.4377553534973256,0.9942775014776541,0.3055555555555556,0.0,0.0,1.0,0.0,0.0,0.0,0.0,0.0,0.0,0.0,0.0,0.0,0.0,0.0,0.0,0.0,2016,7,0.417981072555205
-0.058195468317199524,0.0767763957484763,0.5930850790389838,0.22222222222222224,0.0,0.0,1.0,0.0,0.0,0.0,0.0,0.0,0.0,0.0,0.0,0.0,0.0,0.0,0.0,0.0,2016,8,0.08168093735917079
0.12086751112033764,-0.10371308312594835,-0.17282772743484048,0.6111111111111112,0.0,0.0,0.0,0.0,1.0,0.0,0.0,0.0,0.0,0.0,0.0,0.0,0.0,0.0,0.0,0.0,2016,6,0.08562415502478593
1.2549330475580696,0.8588974708709817,1.3589978855128086,0.7222222222222223,0.0,0.0,0.0,0.0,1.0,0.0,0.0,0.0,0.0,0.0,0.0,0.0,0.0,0.0,0.0,0.0,2016,7,0.26025236593059936
0.478993469995412,0.22718429481049648,1.4319419623198393,0.5833333333333334,0.0,0.0,0.0,0.0,1.0,0.0,0.0,0.0,0.0,0.0,0.0,0.0,0.0,0.0,0.0,0.0,2016,8,0.15603875619648488
-0.535696746817298,-0.31428414181277636,-0.8657964571016338,0.4444444444444445,0.0,0.0,0.0,0.0,0.0,1.0,0.0,0.0,0.0,0.0,0.0,0.0,0.0,0.0,0.0,0.0,2016,6,0.7768138801261829
0.7774317690579732,0.7686527314337683,0.9942775014776541,0.4166666666666667,0.0,0.0,0.0,0.0,0.0,1.0,0.0,0.0,0.0,0.0,0.0,0.0,0.0,0.0,0.0,0.0,2016,7,0.46473636773321314
0.0014921914953135696,0.04669481593607184,0.8483893478635923,0.4444444444444445,0.0,0.0,0.0,0.0,0.0,1.0,0.0,0.0,0.0,0.0,0.0,0.0,0.0,0.0,0.0,0.0,2016,8,0.2715187021180712
-0.1178831281297105,-0.013468343688736019,-0.7199083034875722,0.5277777777777778,0.0,0.0,0.0,0.0,0.0,0.0,1.0,0.0,0.0,0.0,0.0,0.0,0.0,0.0,0.0,0.0,2016,6,0.38530869761153674
1.1355577279330453,1.0995501093702131,0.5930850790389838,0.6111111111111112,0.0,0.0,0.0,0.0,0.0,0.0,1.0,0.0,0.0,0.0,0.0,0.0,0.0,0.0,0.0,0.0,2016,7,0.10759351059035602
0.478993469995412,0.40767377368492114,0.7025011942495304,0.5555555555555556,0.0,0.0,0.0,0.0,0.0,0.0,1.0,0.0,0.0,0.0,0.0,0.0,0.0,0.0,0.0,0.0,2016,8,0.20617395223073456
-0.4163214271922717,-0.2842025620003719,-0.8657964571016338,0.4166666666666667,0.0,0.0,0.0,0.0,0.0,0.0,0.0,1.0,0.0,0.0,0.0,0.0,0.0,0.0,0.0,0.0,2016,6,0.30424740874267686
0.658056449432947,0.5280000929345369,0.3013087718108606,0.4722222222222222,0.0,0.0,0.0,0.0,0.0,0.0,0.0,1.0,0.0,0.0,0.0,0.0,0.0,0.0,0.0,0.0,2016,7,0.2785038305543037
-0.35663376737976077,-0.2842025620003719,0.08247654138976802,0.4166666666666667,0.0,0.0,0.0,0.0,0.0,0.0,0.0,1.0,0.0,0.0,0.0,0.0,0.0,0.0,0.0,0.0,2016,8,0.5492902208201893
-0.058195468317199524,-0.10371308312594835,-1.37640499475085,0.5,0.0,0.0,0.0,1.0,0.0,0.0,0.0,0.0,0.0,0.0,0.0,0.0,0.0,0.0,0.0,0.0,2016,6,0.23940964398377645
0.2402428307453617,0.13693955537328523,0.6660291558460151,0.5277777777777778,0.0,0.0,0.0,1.0,0.0,0.0,0.0,0.0,0.0,0.0,0.0,0.0,0.0,0.0,0.0,0.0,2016,7,0.27501126633618744
-0.2372584477547367,0.31742903424770774,-0.7199083034875722,0.4166666666666667,0.0,0.0,0.0,1.0,0.0,0.0,0.0,0.0,0.0,0.0,0.0,0.0,0.0,0.0,0.0,0.0,2016,8,0.07052726453357368
-0.4163214271922717,-0.10371308312594835,-1.3399329563473346,0.3333333333333333,0.0,0.0,0.0,0.0,0.0,0.0,0.0,0.0,1.0,0.0,0.0,0.0,0.0,0.0,0.0,0.0,2016,6,0.13592834610184767
0.2999304905578748,0.22718429481049648,0.3377808102143759,0.36111111111111116,0.0,0.0,0.0,0.0,0.0,0.0,0.0,0.0,1.0,0.0,0.0,0.0,0.0,0.0,0.0,0.0,2016,7,0.4395561063542136
-0.714759726254833,0.10685797556088077,-0.09988365062780921,0.25,0.0,0.0,0.0,0.0,0.0,0.0,0.0,0.0,1.0,0.0,0.0,0.0,0.0,0.0,0.0,0.0,2016,8,0.09046867958539881
-0.4163214271922717,-0.2541209821879685,-1.77759741718952,0.5555555555555556,0.0,0.0,0.0,0.0,0.0,0.0,0.0,0.0,0.0,1.0,0.0,0.0,0.0,0.0,0.0,0.0,2016,6,0.12505633168093735
-0.058195468317199524,0.25726587462290096,0.15542061819679867,0.6111111111111112,0.0,0.0,0.0,0.0,0.0,0.0,0.0,0.0,0.0,1.0,0.0,0.0,0.0,0.0,0.0,0.0,2016,7,0.8145561063542135
-0.8938227056923701,0.197102714998092,-1.4128770331543654,0.4444444444444445,0.0,0.0,0.0,0.0,0.0,0.0,0.0,0.0,0.0,1.0,0.0,0.0,0.0,0.0,0.0,0.0,2016,8,0.13801261829652997
-0.35663376737976077,-0.37444730143758426,-0.9387405339086647,0.4166666666666667,0.0,0.0,0.0,0.0,0.0,0.0,0.0,0.0,0.0,0.0,1.0,0.0,0.0,0.0,0.0,0.0,2016,6,0.3470031545741325
0.7774317690579732,0.8288158910585772,0.3377808102143759,0.4444444444444445,0.0,0.0,0.0,0.0,0.0,0.0,0.0,0.0,0.0,0.0,1.0,0.0,0.0,0.0,0.0,0.0,2016,7,0.19913249211356465
0.0014921914953135696,-0.10371308312594835,0.3377808102143759,0.4166666666666667,0.0,0.0,0.0,0.0,0.0,0.0,0.0,0.0,0.0,0.0,1.0,0.0,0.0,0.0,0.0,0.0,2016,8,0.1950766110860748
-0.5953844066298088,-0.5248552004996044,-0.9752125723121801,0.36111111111111116,0.0,0.0,0.0,0.0,0.0,0.0,0.0,0.0,0.0,0.0,0.0,1.0,0.0,0.0,0.0,0.0,2016,6,1.0
0.658056449432947,0.738571151621366,0.6295571174424998,0.3888888888888889,0.0,0.0,0.0,0.0,0.0,0.0,0.0,0.0,0.0,0.0,0.0,1.0,0.0,0.0,0.0,0.0,2016,7,0.31551374493014867
-0.058195468317199524,-0.013468343688736019,0.5201410022319531,0.3888888888888889,0.0,0.0,0.0,0.0,0.0,0.0,0.0,0.0,0.0,0.0,0.0,1.0,0.0,0.0,0.0,0.0,2016,8,0.22887561964849032
-1.0131980253173942,-0.1939578225631596,-1.5587651867684273,0.5833333333333334,0.0,0.0,0.0,0.0,0.0,0.0,0.0,0.0,0.0,0.0,0.0,0.0,1.0,0.0,0.0,0.0,2016,6,0.28853086976115366
0.061179851307824544,0.678407991996557,0.3377808102143759,0.6388888888888888,0.0,0.0,0.0,0.0,0.0,0.0,0.0,0.0,0.0,0.0,0.0,0.0,1.0,0.0,0.0,0.0,2016,7,0.7595200540784137
-0.714759726254833,-0.4045288812499887,-0.02693957382077857,0.5555555555555556,0.0,0.0,0.0,0.0,0.0,0.0,0.0,0.0,0.0,0.0,0.0,0.0,1.0,0.0,0.0,0.0,2016,8,0.3368634520054078
-0.714759726254833,-0.37444730143758426,-0.7928523802946028,0.7222222222222223,0.0,0.0,0.0,0.0,0.0,0.0,0.0,0.0,0.0,0.0,0.0,0.0,0.0,1.0,0.0,0.0,2016,6,0.35939612438035146
0.658056449432947,1.0995501093702131,0.6295571174424998,0.7222222222222223,0.0,0.0,0.0,0.0,0.0,0.0,0.0,0.0,0.0,0.0,0.0,0.0,0.0,1.0,0.0,0.0,2016,7,0.39544840018026134
0.0014921914953135696,0.738571151621366,0.6295571174424998,0.7777777777777778,0.0,0.0,0.0,0.0,0.0,0.0,0.0,0.0,0.0,0.0,0.0,0.0,0.0,1.0,0.0,0.0,2016,8,0.6849932401982874
-0.47600908700478484,0.13693955537328523,-0.7199083034875722,0.5555555555555556,0.0,0.0,0.0,0.0,0.0,0.0,0.0,0.0,0.0,0.0,0.0,0.0,0.0,0.0,1.0,0.0,2016,6,0.21856692203695355
0.7177441092454601,0.4377553534973256,0.3013087718108606,0.7222222222222223,0.0,0.0,0.0,0.0,0.0,0.0,0.0,0.0,0.0,0.0,0.0,0.0,0.0,0.0,1.0,0.0,2016,7,0.1892744479495268
-0.35663376737976077,0.0767763957484763,-0.0634116122242939,0.5555555555555556,0.0,0.0,0.0,0.0,0.0,0.0,0.0,0.0,0.0,0.0,0.0,0.0,0.0,0.0,1.0,0.0,2016,8,0.3047543938711131
-0.29694610756724765,0.5280000929345369,-1.6317092635754584,0.2777777777777778,0.0,0.0,0.0,0.0,0.0,0.0,0.0,0.0,0.0,0.0,0.0,0.0,0.0,0.0,0.0,1.0,2016,6,0.17124831004957186
0.478993469995412,0.4678369333097279,-0.2092997658383558,0.2777777777777778,0.0,0.0,0.0,0.0,0.0,0.0,0.0,0.0,0.0,0.0,0.0,0.0,0.0,0.0,0.0,1.0,2016,7,0.37240874267688145
-0.4163214271922717,0.13693955537328523,-0.42813199625944837,0.25,0.0,0.0,0.0,0.0,0.0,0.0,0.0,0.0,0.0,0.0,0.0,0.0,0.0,0.0,0.0,1.0,2016,8,0.10595989184317259
-0.655072066442322,-0.07363150331354387,-1.0846286875227267,0.5555555555555556,0.0,1.0,0.0,0.0,0.0,0.0,0.0,0.0,0.0,0.0,0.0,0.0,0.0,0.0,0.0,0.0,2017,6,0.13080216313654797
-0.35663376737976077,0.22718429481049648,-0.28224384264538643,0.5,0.0,1.0,0.0,0.0,0.0,0.0,0.0,0.0,0.0,0.0,0.0,0.0,0.0,0.0,0.0,0.0,2017,7,0.4125168995042812
0.2999304905578748,0.7987343112461728,-1.6317092635754584,0.36111111111111116,0.0,1.0,0.0,0.0,0.0,0.0,0.0,0.0,0.0,0.0,0.0,0.0,0.0,0.0,0.0,0.0,2017,8,0.3099369085173502
-0.535696746817298,0.016613236123668447,-0.9022684955051494,0.3888888888888889,0.0,0.0,1.0,0.0,0.0,0.0,0.0,0.0,0.0,0.0,0.0,0.0,0.0,0.0,0.0,0.0,2017,6,0.16448850833708875
-0.29694610756724765,-0.07363150331354387,0.11894857979328334,0.36111111111111116,0.0,0.0,1.0,0.0,0.0,0.0,0.0,0.0,0.0,0.0,0.0,0.0,0.0,0.0,0.0,0.0,2017,7,0.4067147363677332
0.41930581018289886,0.5580816727469413,-1.4858211099613965,0.3055555555555556,0.0,0.0,1.0,0.0,0.0,0.0,0.0,0.0,0.0,0.0,0.0,0.0,0.0,0.0,0.0,0.0,2017,8,0.2540558810274898
-0.17757078794222358,0.0767763957484763,-0.464604034662964,0.7500000000000001,0.0,0.0,0.0,0.0,1.0,0.0,0.0,0.0,0.0,0.0,0.0,0.0,0.0,0.0,0.0,0.0,2017,6,0.15885534024335285
0.3596181503703858,-0.1638762427507562,1.0307495398811695,0.6666666666666666,0.0,0.0,0.0,0.0,1.0,0.0,0.0,0.0,0.0,0.0,0.0,0.0,0.0,0.0,0.0,0.0,2017,7,0.3509463722397476
1.2549330475580696,0.6483264121841525,-0.0634116122242939,0.6111111111111112,0.0,0.0,0.0,0.0,1.0,0.0,0.0,0.0,0.0,0.0,0.0,0.0,0.0,0.0,0.0,0.0,2017,8,0.32728706624605675
-1.0728856851299073,-0.5248552004996044,-1.704653340382489,0.5,0.0,0.0,0.0,0.0,0.0,1.0,0.0,0.0,0.0,0.0,0.0,0.0,0.0,0.0,0.0,0.0,2017,6,0.26701216764308244
-0.47600908700478484,-0.2842025620003719,0.04600450298625206,0.4166666666666667,0.0,0.0,0.0,0.0,0.0,1.0,0.0,0.0,0.0,0.0,0.0,0.0,0.0,0.0,0.0,0.0,2017,7,0.5728931951329428
0.658056449432947,0.7084895718089615,-0.02693957382077857,0.5,0.0,0.0,0.0,0.0,0.0,1.0,0.0,0.0,0.0,0.0,0.0,0.0,0.0,0.0,0.0,0.0,2017,8,0.08900405588102749
0.18055517093285073,0.0767763957484763,-0.6104921882770256,0.6944444444444444,0.0,0.0,0.0,0.0,0.0,0.0,1.0,0.0,0.0,0.0,0.0,0.0,0.0,0.0,0.0,0.0,2017,6,0.12392969806219016
0.3596181503703858,0.7084895718089615,0.08247654138976802,0.6388888888888888,0.0,0.0,0.0,0.0,0.0,0.0,1.0,0.0,0.0,0.0,0.0,0.0,0.0,0.0,0.0,0.0,2017,7,0.5745831455610635
1.2549330475580696,0.678407991996557,-1.1575727643297573,0.6111111111111112,0.0,0.0,0.0,0.0,0.0,0.0,1.0,0.0,0.0,0.0,0.0,0.0,0.0,0.0,0.0,0.0,2017,8,0.10984677782785038
-1.0728856851299073,-0.34436572162517975,-1.7411253787860046,0.6666666666666666,0.0,0.0,0.0,0.0,0.0,0.0,0.0,1.0,0.0,0.0,0.0,0.0,0.0,0.0,0.0,0.0,2017,6,0.22943893645786387
-0.655072066442322,-0.6451815197492201,-0.6104921882770256,0.5555555555555556,0.0,0.0,0.0,0.0,0.0,0.0,0.0,1.0,0.0,0.0,0.0,0.0,0.0,0.0,0.0,0.0,2017,7,0.6902320865254619
0.2402428307453617,0.3475106140601122,0.11894857979328334,0.36111111111111116,0.0,0.0,0.0,0.0,0.0,0.0,0.0,1.0,0.0,0.0,0.0,0.0,0.0,0.0,0.0,0.0,2017,8,0.21355340243352858
-0.8938227056923701,-0.34436572162517975,-0.39165995785593305,0.6111111111111112,0.0,0.0,0.0,1.0,0.0,0.0,0.0,0.0,0.0,0.0,0.0,0.0,0.0,0.0,0.0,0.0,2017,6,0.29089680036052273
-0.5953844066298088,-0.1638762427507562,-0.09988365062780921,0.4722222222222222,0.0,0.0,0.0,1.0,0.0,0.0,0.0,0.0,0.0,0.0,0.0,0.0,0.0,0.0,0.0,0.0,2017,7,0.31173952230734564
0.2999304905578748,0.8588974708709817,-1.1575727643297573,0.4444444444444445,0.0,0.0,0.0,1.0,0.0,0.0,0.0,0.0,0.0,0.0,0.0,0.0,0.0,0.0,0.0,0.0,2017,8,0.23445245606128884
-1.3713239841924685,-0.04354992350113941,-1.6681813019789737,0.36111111111111116,0.0,0.0,0.0,0.0,0.0,0.0,0.0,0.0,1.0,0.0,0.0,0.0,0.0,0.0,0.0,0.0,2017,6,0.29461469130238843
-1.0728856851299073,-0.4045288812499887,-0.3187158810489024,0.3333333333333333,0.0,0.0,0.0,0.0,0.0,0.0,0.0,0.0,1.0,0.0,0.0,0.0,0.0,0.0,0.0,0.0,2017,7,0.5444456962595764
-0.1178831281297105,0.31742903424770774,-1.5222931483649118,0.3055555555555556,0.0,0.0,0.0,0.0,0.0,0.0,0.0,0.0,1.0,0.0,0.0,0.0,0.0,0.0,0.0,0.0,2017,8,0.2564781433077963
-1.4906993038174925,-0.13379466293835174,-1.996429647610613,0.6666666666666666,0.0,0.0,0.0,0.0,0.0,0.0,0.0,0.0,0.0,1.0,0.0,0.0,0.0,0.0,0.0,0.0,2017,6,0.3799571879224876
-1.1325733449424205,-0.37444730143758426,-1.121100725926242,0.5833333333333334,0.0,0.0,0.0,0.0,0.0,0.0,0.0,0.0,0.0,1.0,0.0,0.0,0.0,0.0,0.0,0.0,2017,7,0.4636660657954033
-0.1178831281297105,0.6182448323717481,-1.704653340382489,0.5555555555555556,0.0,0.0,0.0,0.0,0.0,0.0,0.0,0.0,0.0,1.0,0.0,0.0,0.0,0.0,0.0,0.0,2017,8,0.3290333483551149
-0.714759726254833,-0.1939578225631596,-1.3034609179438192,0.6111111111111112,0.0,0.0,0.0,0.0,0.0,0.0,0.0,0.0,0.0,0.0,1.0,0.0,0.0,0.0,0.0,0.0,2017,6,0.37590130689499773
-0.2372584477547367,-0.13379466293835174,-0.3187158810489024,0.4722222222222222,0.0,0.0,0.0,0.0,0.0,0.0,0.0,0.0,0.0,0.0,1.0,0.0,0.0,0.0,0.0,0.0,2017,7,0.396180712032447
0.7774317690579732,0.4678369333097279,0.4836689638284378,0.5,0.0,0.0,0.0,0.0,0.0,0.0,0.0,0.0,0.0,0.0,1.0,0.0,0.0,0.0,0.0,0.0,2017,8,0.24909869310500224
-1.0131980253173942,-0.4045288812499887,-1.704653340382489,0.5,0.0,0.0,0.0,0.0,0.0,0.0,0.0,0.0,0.0,0.0,0.0,1.0,0.0,0.0,0.0,0.0,2017,6,0.30723298783235686
-0.4163214271922717,0.0767763957484763,-0.2092997658383558,0.4444444444444445,0.0,0.0,0.0,0.0,0.0,0.0,0.0,0.0,0.0,0.0,0.0,1.0,0.0,0.0,0.0,0.0,2017,7,0.2808697611536728
0.8371194288704842,0.8588974708709817,0.191892656600314,0.3333333333333333,0.0,0.0,0.0,0.0,0.0,0.0,0.0,0.0,0.0,0.0,0.0,1.0,0.0,0.0,0.0,0.0,2017,8,0.08922938260477692
-1.7891376028800539,-0.37444730143758426,-2.434094108452798,0.8333333333333334,0.0,0.0,0.0,0.0,0.0,0.0,0.0,0.0,0.0,0.0,0.0,0.0,1.0,0.0,0.0,0.0,2017,6,0.18550022532672372
-1.3116363243799554,-0.6451815197492201,-0.9752125723121801,0.6388888888888888,0.0,0.0,0.0,0.0,0.0,0.0,0.0,0.0,0.0,0.0,0.0,0.0,1.0,0.0,0.0,0.0,2017,7,0.3974200090130689
-0.17757078794222358,0.4678369333097279,0.009532464582736745,0.5833333333333334,0.0,0.0,0.0,0.0,0.0,0.0,0.0,0.0,0.0,0.0,0.0,0.0,1.0,0.0,0.0,0.0,2017,8,0.24245155475439384
-1.2519486645674445,-0.6752630995616246,-1.5952372251719427,0.8333333333333334,0.0,0.0,0.0,0.0,0.0,0.0,0.0,0.0,0.0,0.0,0.0,0.0,0.0,1.0,0.0,0.0,2017,6,0.17124831004957186
-0.47600908700478484,-0.1638762427507562,-0.17282772743484048,0.7500000000000001,0.0,0.0,0.0,0.0,0.0,0.0,0.0,0.0,0.0,0.0,0.0,0.0,0.0,1.0,0.0,0.0,2017,7,0.4652996845425867
0.7774317690579732,0.4678369333097279,0.5566130406354685,0.8055555555555556,0.0,0.0,0.0,0.0,0.0,0.0,0.0,0.0,0.0,0.0,0.0,0.0,0.0,1.0,0.0,0.0,2017,8,0.08393420459666516
-1.2519486645674445,0.016613236123668447,-1.9599576092070972,0.8055555555555556,0.0,0.0,0.0,0.0,0.0,0.0,0.0,0.0,0.0,0.0,0.0,0.0,0.0,0.0,1.0,0.0,2017,6,0.24729607931500674
-0.8341350458798592,-0.46469204087479654,-0.8657964571016338,0.6944444444444444,0.0,0.0,0.0,0.0,0.0,0.0,0.0,0.0,0.0,0.0,0.0,0.0,0.0,0.0,1.0,0.0,2017,7,0.37911221270842715
0.18055517093285073,0.4678369333097279,0.4836689638284378,0.6388888888888888,0.0,0.0,0.0,0.0,0.0,0.0,0.0,0.0,0.0,0.0,0.0,0.0,0.0,0.0,1.0,0.0,2017,8,0.29799459215863
-1.2519486645674445,0.3475106140601122,-2.57998226206686,0.3333333333333333,0.0,0.0,0.0,0.0,0.0,0.0,0.0,0.0,0.0,0.0,0.0,0.0,0.0,0.0,0.0,1.0,2017,6,0.15947498873366378
-0.8341350458798592,-0.37444730143758426,-1.37640499475085,0.3055555555555556,0.0,0.0,0.0,0.0,0.0,0.0,0.0,0.0,0.0,0.0,0.0,0.0,0.0,0.0,0.0,1.0,2017,7,0.3797881928796755
0.18055517093285073,0.8288158910585772,-0.3187158810489024,0.2777777777777778,0.0,0.0,0.0,0.0,0.0,0.0,0.0,0.0,0.0,0.0,0.0,0.0,0.0,0.0,0.0,1.0,2017,8,0.3977579990986931
-0.29694610756724765,-0.6150999399368168,-1.5587651867684273,0.3888888888888889,0.0,1.0,0.0,0.0,0.0,0.0,0.0,0.0,0.0,0.0,0.0,0.0,0.0,0.0,0.0,0.0,2018,6,0.42361424064894093
-0.058195468317199524,-0.5248552004996044,0.191892656600314,0.4166666666666667,0.0,1.0,0.0,0.0,0.0,0.0,0.0,0.0,0.0,0.0,0.0,0.0,0.0,0.0,0.0,0.0,2018,7,0.4974087426768814
0.478993469995412,-0.13379466293835174,0.3377808102143759,0.2777777777777778,0.0,1.0,0.0,0.0,0.0,0.0,0.0,0.0,0.0,0.0,0.0,0.0,0.0,0.0,0.0,0.0,2018,8,0.09520054078413698
-0.17757078794222358,-0.7053446793740291,-0.9752125723121801,0.36111111111111116,0.0,0.0,1.0,0.0,0.0,0.0,0.0,0.0,0.0,0.0,0.0,0.0,0.0,0.0,0.0,0.0,2018,6,0.5137449301487156
0.0014921914953135696,-0.46469204087479654,-0.02693957382077857,0.3333333333333333,0.0,0.0,1.0,0.0,0.0,0.0,0.0,0.0,0.0,0.0,0.0,0.0,0.0,0.0,0.0,0.0,2018,7,0.8810274898602974
0.658056449432947,-0.2842025620003719,0.8483893478635923,0.25,0.0,0.0,1.0,0.0,0.0,0.0,0.0,0.0,0.0,0.0,0.0,0.0,0.0,0.0,0.0,0.0,2018,8,0.2236367733213159
0.18055517093285073,-0.7354262591864325,0.15542061819679867,0.6666666666666666,0.0,0.0,0.0,0.0,1.0,0.0,0.0,0.0,0.0,0.0,0.0,0.0,0.0,0.0,0.0,0.0,2018,6,0.6241550247859395
0.598368789620436,-0.5850183601244123,0.2283646950038293,0.6388888888888888,0.0,0.0,0.0,0.0,1.0,0.0,0.0,0.0,0.0,0.0,0.0,0.0,0.0,0.0,0.0,0.0,2018,7,0.488395673726904
1.3146207073705827,0.0767763957484763,1.1766376934952314,0.5277777777777778,0.0,0.0,0.0,0.0,1.0,0.0,0.0,0.0,0.0,0.0,0.0,0.0,0.0,0.0,0.0,0.0,2018,8,0.12280306444344298
-0.4163214271922717,-0.34436572162517975,-1.121100725926242,0.5277777777777778,0.0,0.0,0.0,0.0,0.0,1.0,0.0,0.0,0.0,0.0,0.0,0.0,0.0,0.0,0.0,0.0,2018,6,0.24842271293375393
0.2999304905578748,-0.5549367803120089,0.191892656600314,0.4722222222222222,0.0,0.0,0.0,0.0,0.0,1.0,0.0,0.0,0.0,0.0,0.0,0.0,0.0,0.0,0.0,0.0,2018,7,0.46079315006759797
0.5386811298079229,0.16702113518568756,-0.6104921882770256,0.4166666666666667,0.0,0.0,0.0,0.0,0.0,1.0,0.0,0.0,0.0,0.0,0.0,0.0,0.0,0.0,0.0,0.0,2018,8,0.011829652996845425
-0.058195468317199524,-0.13379466293835174,-0.9387405339086647,0.5555555555555556,0.0,0.0,0.0,0.0,0.0,0.0,1.0,0.0,0.0,0.0,0.0,0.0,0.0,0.0,0.0,0.0,2018,6,0.5441640378548895
0.478993469995412,-0.5248552004996044,0.4107248870214065,0.5,0.0,0.0,0.0,0.0,0.0,0.0,1.0,0.0,0.0,0.0,0.0,0.0,0.0,0.0,0.0,0.0,2018,7,0.4467102298332582
1.0161824083080213,0.197102714998092,0.11894857979328334,0.4166666666666667,0.0,0.0,0.0,0.0,0.0,0.0,1.0,0.0,0.0,0.0,0.0,0.0,0.0,0.0,0.0,0.0,2018,8,0.08393420459666516
-0.35663376737976077,-0.4045288812499887,-1.4858211099613965,0.5277777777777778,0.0,0.0,0.0,0.0,0.0,0.0,0.0,1.0,0.0,0.0,0.0,0.0,0.0,0.0,0.0,0.0,2018,6,0.2709553853086976
0.18055517093285073,-0.46469204087479654,-0.0634116122242939,0.5,0.0,0.0,0.0,0.0,0.0,0.0,0.0,1.0,0.0,0.0,0.0,0.0,0.0,0.0,0.0,0.0,2018,7,0.6151419558359621
0.2999304905578748,0.04669481593607184,-1.121100725926242,0.3888888888888889,0.0,0.0,0.0,0.0,0.0,0.0,0.0,1.0,0.0,0.0,0.0,0.0,0.0,0.0,0.0,0.0,2018,8,0.135196034249662
-0.655072066442322,-0.7955894188112403,-1.266988879540304,0.4166666666666667,0.0,0.0,0.0,1.0,0.0,0.0,0.0,0.0,0.0,0.0,0.0,0.0,0.0,0.0,0.0,0.0,2018,6,0.6416178458765209
-0.17757078794222358,-0.2842025620003719,-0.09988365062780921,0.3888888888888889,0.0,0.0,0.0,1.0,0.0,0.0,0.0,0.0,0.0,0.0,0.0,0.0,0.0,0.0,0.0,0.0,2018,7,0.6878098242451554
0.598368789620436,-0.2842025620003719,0.921333424670623,0.2777777777777778,0.0,0.0,0.0,1.0,0.0,0.0,0.0,0.0,0.0,0.0,0.0,0.0,0.0,0.0,0.0,0.0,2018,8,0.15378548895899052
-0.8938227056923701,-0.7354262591864325,-1.1575727643297573,0.25,0.0,0.0,0.0,0.0,0.0,0.0,0.0,0.0,1.0,0.0,0.0,0.0,0.0,0.0,0.0,0.0,2018,6,0.49571879224876064
-0.17757078794222358,-0.4045288812499887,-0.17282772743484048,0.25,0.0,0.0,0.0,0.0,0.0,0.0,0.0,0.0,1.0,0.0,0.0,0.0,0.0,0.0,0.0,0.0,2018,7,0.8218792248760702
0.18055517093285073,-0.4947736206872,0.26483673340734526,0.19444444444444445,0.0,0.0,0.0,0.0,0.0,0.0,0.0,0.0,1.0,0.0,0.0,0.0,0.0,0.0,0.0,0.0,2018,8,0.1746282109058134
-0.8938227056923701,-0.5549367803120089,-2.251733916435221,0.5833333333333334,0.0,0.0,0.0,0.0,0.0,0.0,0.0,0.0,0.0,1.0,0.0,0.0,0.0,0.0,0.0,0.0,2018,6,0.22701667417755741
-0.47600908700478484,-0.4346104610623921,-0.13635568903132517,0.5833333333333334,0.0,0.0,0.0,0.0,0.0,0.0,0.0,0.0,0.0,1.0,0.0,0.0,0.0,0.0,0.0,0.0,2018,7,0.6596439837764758
0.061179851307824544,-0.013468343688736019,-0.3187158810489024,0.4444444444444445,0.0,0.0,0.0,0.0,0.0,0.0,0.0,0.0,0.0,1.0,0.0,0.0,0.0,0.0,0.0,0.0,2018,8,0.19040108156827396
-0.29694610756724765,-0.4947736206872,-1.3034609179438192,0.5,0.0,0.0,0.0,0.0,0.0,0.0,0.0,0.0,0.0,0.0,1.0,0.0,0.0,0.0,0.0,0.0,2018,6,0.45121676430824686
0.41930581018289886,-0.6150999399368168,0.04600450298625206,0.4444444444444445,0.0,0.0,0.0,0.0,0.0,0.0,0.0,0.0,0.0,0.0,1.0,0.0,0.0,0.0,0.0,0.0,2018,7,0.6573907165389815
0.478993469995412,0.197102714998092,-0.17282772743484048,0.4166666666666667,0.0,0.0,0.0,0.0,0.0,0.0,0.0,0.0,0.0,0.0,1.0,0.0,0.0,0.0,0.0,0.0,2018,8,0.09013068949977467
-0.5953844066298088,-0.6150999399368168,-0.8293244186981185,0.3333333333333333,0.0,0.0,0.0,0.0,0.0,0.0,0.0,0.0,0.0,0.0,0.0,1.0,0.0,0.0,0.0,0.0,2018,6,0.6100721045515998
0.2999304905578748,-0.4346104610623921,0.2283646950038293,0.2777777777777778,0.0,0.0,0.0,0.0,0.0,0.0,0.0,0.0,0.0,0.0,0.0,1.0,0.0,0.0,0.0,0.0,2018,7,0.3729157278053177
0.658056449432947,0.04669481593607184,-0.09988365062780921,0.2777777777777778,0.0,0.0,0.0,0.0,0.0,0.0,0.0,0.0,0.0,0.0,0.0,1.0,0.0,0.0,0.0,0.0,2018,8,0.0135196034249662
-1.1325733449424205,-0.4947736206872,-2.2152618780317055,0.5555555555555556,0.0,0.0,0.0,0.0,0.0,0.0,0.0,0.0,0.0,0.0,0.0,0.0,1.0,0.0,0.0,0.0,2018,6,0.5830328977016673
-0.2372584477547367,-1.036242057310473,-0.3187158810489024,0.5277777777777778,0.0,0.0,0.0,0.0,0.0,0.0,0.0,0.0,0.0,0.0,0.0,0.0,1.0,0.0,0.0,0.0,2018,7,0.5920459666516448
-0.17757078794222358,-0.04354992350113941,-1.5587651867684273,0.4722222222222222,0.0,0.0,0.0,0.0,0.0,0.0,0.0,0.0,0.0,0.0,0.0,0.0,1.0,0.0,0.0,0.0,2018,8,0.14477242000901305
-0.655072066442322,-0.5549367803120089,-0.9752125723121801,0.8333333333333334,0.0,0.0,0.0,0.0,0.0,0.0,0.0,0.0,0.0,0.0,0.0,0.0,0.0,1.0,0.0,0.0,2018,6,0.37460567823343843
0.598368789620436,-0.1939578225631596,0.08247654138976802,0.7500000000000001,0.0,0.0,0.0,0.0,0.0,0.0,0.0,0.0,0.0,0.0,0.0,0.0,0.0,1.0,0.0,0.0,2018,7,0.2501126633618747
0.658056449432947,0.0767763957484763,-0.8293244186981185,0.6944444444444444,0.0,0.0,0.0,0.0,0.0,0.0,0.0,0.0,0.0,0.0,0.0,0.0,0.0,1.0,0.0,0.0,2018,8,0.01689950428120775
-0.5953844066298088,-0.5248552004996044,-1.266988879540304,0.6388888888888888,0.0,0.0,0.0,0.0,0.0,0.0,0.0,0.0,0.0,0.0,0.0,0.0,0.0,0.0,1.0,0.0,2018,6,0.5689499774673276
0.12086751112033764,-0.8858341582484527,-0.39165995785593305,0.6666666666666666,0.0,0.0,0.0,0.0,0.0,0.0,0.0,0.0,0.0,0.0,0.0,0.0,0.0,0.0,1.0,0.0,2018,7,0.8218792248760702
0.0014921914953135696,-0.10371308312594835,-0.6834362650840565,0.4166666666666667,0.0,0.0,0.0,0.0,0.0,0.0,0.0,0.0,0.0,0.0,0.0,0.0,0.0,0.0,1.0,0.0,2018,8,0.08449752140603875
-0.535696746817298,-0.5248552004996044,-2.1423178012246744,0.2777777777777778,0.0,0.0,0.0,0.0,0.0,0.0,0.0,0.0,0.0,0.0,0.0,0.0,0.0,0.0,0.0,1.0,2018,6,0.6089454709328526
0.0014921914953135696,-0.6752630995616246,-0.464604034662964,0.2777777777777778,0.0,0.0,0.0,0.0,0.0,0.0,0.0,0.0,0.0,0.0,0.0,0.0,0.0,0.0,0.0,1.0,2018,7,0.5999324019828751
0.2402428307453617,0.0767763957484763,-0.5740201498735102,0.22222222222222224,0.0,0.0,0.0,0.0,0.0,0.0,0.0,0.0,0.0,0.0,0.0,0.0,0.0,0.0,0.0,1.0,2018,8,0.057458314556106345
1.1355577279330453,0.197102714998092,0.4836689638284378,0.3055555555555556,0.0,1.0,0.0,0.0,0.0,0.0,0.0,0.0,0.0,0.0,0.0,0.0,0.0,0.0,0.0,0.0,2019,6,0.1492789544840018
-0.5953844066298088,0.2873474544353054,-0.09988365062780921,0.4722222222222222,0.0,1.0,0.0,0.0,0.0,0.0,0.0,0.0,0.0,0.0,0.0,0.0,0.0,0.0,0.0,0.0,2019,7,0.32109058134294727
-0.1178831281297105,0.7987343112461728,-0.13635568903132517,0.3888888888888889,0.0,1.0,0.0,0.0,0.0,0.0,0.0,0.0,0.0,0.0,0.0,0.0,0.0,0.0,0.0,0.0,2019,8,0.16786840919333032
1.1952453877455584,0.016613236123668447,0.3013087718108606,0.22222222222222224,0.0,0.0,1.0,0.0,0.0,0.0,0.0,0.0,0.0,0.0,0.0,0.0,0.0,0.0,0.0,0.0,2019,6,0.2529292474087427
-0.5953844066298088,0.25726587462290096,0.4836689638284378,0.3055555555555556,0.0,0.0,1.0,0.0,0.0,0.0,0.0,0.0,0.0,0.0,0.0,0.0,0.0,0.0,0.0,0.0,2019,7,0.3565795403334835
-0.1178831281297105,0.5580816727469413,0.26483673340734526,0.22222222222222224,0.0,0.0,1.0,0.0,0.0,0.0,0.0,0.0,0.0,0.0,0.0,0.0,0.0,0.0,0.0,0.0,2019,8,0.06421811626858945
1.971184965308218,0.5881632525593458,1.4319419623198393,0.5833333333333334,0.0,0.0,0.0,0.0,1.0,0.0,0.0,0.0,0.0,0.0,0.0,0.0,0.0,0.0,0.0,0.0,2019,6,0.37685894547093285
-0.29694610756724765,0.22718429481049648,0.9578054630741383,0.6111111111111112,0.0,0.0,0.0,0.0,1.0,0.0,0.0,0.0,0.0,0.0,0.0,0.0,0.0,0.0,0.0,0.0,2019,7,0.41178458765209547
0.2402428307453617,0.678407991996557,1.1036936166882,0.6111111111111112,0.0,0.0,0.0,0.0,1.0,0.0,0.0,0.0,0.0,0.0,0.0,0.0,0.0,0.0,0.0,0.0,2019,8,0.2568724650743578
1.4936836868081198,0.22718429481049648,0.5201410022319531,0.4722222222222222,0.0,0.0,0.0,0.0,0.0,1.0,0.0,0.0,0.0,0.0,0.0,0.0,0.0,0.0,0.0,0.0,2019,6,0.1695583596214511
-0.7744473860673461,0.04669481593607184,0.4471969254249225,0.4166666666666667,0.0,0.0,0.0,0.0,0.0,1.0,0.0,0.0,0.0,0.0,0.0,0.0,0.0,0.0,0.0,0.0,2019,7,0.24560612888688596
-0.5953844066298088,0.04669481593607184,-0.5375481114699949,0.4444444444444445,0.0,0.0,0.0,0.0,0.0,1.0,0.0,0.0,0.0,0.0,0.0,0.0,0.0,0.0,0.0,0.0,2019,8,0.1154799459215863
1.3743083671830956,0.49791851312213237,0.3377808102143759,0.4722222222222222,0.0,0.0,0.0,0.0,0.0,0.0,1.0,0.0,0.0,0.0,0.0,0.0,0.0,0.0,0.0,0.0,2019,6,0.48895899053627756
-0.35663376737976077,0.16702113518568756,0.2283646950038293,0.5555555555555556,0.0,0.0,0.0,0.0,0.0,0.0,1.0,0.0,0.0,0.0,0.0,0.0,0.0,0.0,0.0,0.0,2019,7,0.2816584046867958
0.061179851307824544,1.0694685295578086,0.15542061819679867,0.5555555555555556,0.0,0.0,0.0,0.0,0.0,0.0,1.0,0.0,0.0,0.0,0.0,0.0,0.0,0.0,0.0,0.0,2019,8,0.05464173050923839
1.4339960269956067,0.6182448323717481,0.2283646950038293,0.4722222222222222,0.0,0.0,0.0,0.0,0.0,0.0,0.0,1.0,0.0,0.0,0.0,0.0,0.0,0.0,0.0,0.0,2019,6,0.16448850833708875
-0.8341350458798592,0.5881632525593458,0.191892656600314,0.5277777777777778,0.0,0.0,0.0,0.0,0.0,0.0,0.0,1.0,0.0,0.0,0.0,0.0,0.0,0.0,0.0,0.0,2019,7,0.3582694907616043
-0.8938227056923701,0.40767377368492114,-1.048156649119211,0.4444444444444445,0.0,0.0,0.0,0.0,0.0,0.0,0.0,1.0,0.0,0.0,0.0,0.0,0.0,0.0,0.0,0.0,2019,8,0.17350157728706625
1.1952453877455584,-0.13379466293835174,0.4107248870214065,0.36111111111111116,0.0,0.0,0.0,1.0,0.0,0.0,0.0,0.0,0.0,0.0,0.0,0.0,0.0,0.0,0.0,0.0,2019,6,0.3306669671022983
-0.655072066442322,0.4377553534973256,-0.24577180424187112,0.3888888888888889,0.0,0.0,0.0,1.0,0.0,0.0,0.0,0.0,0.0,0.0,0.0,0.0,0.0,0.0,0.0,0.0,2019,7,0.28785488958990535
-0.17757078794222358,0.10685797556088077,0.04600450298625206,0.3055555555555556,0.0,0.0,0.0,1.0,0.0,0.0,0.0,0.0,0.0,0.0,0.0,0.0,0.0,0.0,0.0,0.0,2019,8,0.19941415051825145
0.8968070886829973,0.016613236123668447,0.6295571174424998,0.25,0.0,0.0,0.0,0.0,0.0,0.0,0.0,0.0,1.0,0.0,0.0,0.0,0.0,0.0,0.0,0.0,2019,6,0.7069625957638576
-1.2519486645674445,0.4377553534973256,-0.02693957382077857,0.25,0.0,0.0,0.0,0.0,0.0,0.0,0.0,0.0,1.0,0.0,0.0,0.0,0.0,0.0,0.0,0.0,2019,7,0.4709328526363226
-0.714759726254833,0.16702113518568756,-0.5010760730664793,0.22222222222222224,0.0,0.0,0.0,0.0,0.0,0.0,0.0,0.0,1.0,0.0,0.0,0.0,0.0,0.0,0.0,0.0,2019,8,0.21124380351509686
0.8968070886829973,-0.013468343688736019,0.191892656600314,0.5277777777777778,0.0,0.0,0.0,0.0,0.0,0.0,0.0,0.0,0.0,1.0,0.0,0.0,0.0,0.0,0.0,0.0,2019,6,0.22082018927444794
-1.3713239841924685,0.8288158910585772,-0.6834362650840565,0.5555555555555556,0.0,0.0,0.0,0.0,0.0,0.0,0.0,0.0,0.0,1.0,0.0,0.0,0.0,0.0,0.0,0.0,2019,7,0.3824921135646688
-0.8938227056923701,-0.2541209821879685,-1.37640499475085,0.4166666666666667,0.0,0.0,0.0,0.0,0.0,0.0,0.0,0.0,0.0,1.0,0.0,0.0,0.0,0.0,0.0,0.0,2019,8,0.42812077512392965
1.5533713466206307,0.5580816727469413,0.26483673340734526,0.5,0.0,0.0,0.0,0.0,0.0,0.0,0.0,0.0,0.0,0.0,1.0,0.0,0.0,0.0,0.0,0.0,2019,6,0.11829652996845424
-0.714759726254833,0.22718429481049648,-0.02693957382077857,0.4166666666666667,0.0,0.0,0.0,0.0,0.0,0.0,0.0,0.0,0.0,0.0,1.0,0.0,0.0,0.0,0.0,0.0,2019,7,0.24842271293375393
-0.535696746817298,0.4678369333097279,-0.8293244186981185,0.4444444444444445,0.0,0.0,0.0,0.0,0.0,0.0,0.0,0.0,0.0,0.0,1.0,0.0,0.0,0.0,0.0,0.0,2019,8,0.11604326273095988
1.3743083671830956,0.3475106140601122,0.15542061819679867,0.3055555555555556,0.0,0.0,0.0,0.0,0.0,0.0,0.0,0.0,0.0,0.0,0.0,1.0,0.0,0.0,0.0,0.0,2019,6,0.19547093285263634
-0.7744473860673461,-0.013468343688736019,-0.02693957382077857,0.4166666666666667,0.0,0.0,0.0,0.0,0.0,0.0,0.0,0.0,0.0,0.0,0.0,1.0,0.0,0.0,0.0,0.0,2019,7,0.18702118071203244
-0.35663376737976077,-0.013468343688736019,-0.6104921882770256,0.36111111111111116,0.0,0.0,0.0,0.0,0.0,0.0,0.0,0.0,0.0,0.0,0.0,1.0,0.0,0.0,0.0,0.0,2019,8,0.1425191527715187
1.0758700681205344,0.7084895718089615,0.11894857979328334,0.5555555555555556,0.0,0.0,0.0,0.0,0.0,0.0,0.0,0.0,0.0,0.0,0.0,0.0,1.0,0.0,0.0,0.0,2019,6,0.202794051374493
-1.4906993038174925,0.5881632525593458,-0.24577180424187112,0.6666666666666666,0.0,0.0,0.0,0.0,0.0,0.0,0.0,0.0,0.0,0.0,0.0,0.0,1.0,0.0,0.0,0.0,2019,7,0.1830779630464173
-1.4906993038174925,0.0767763957484763,-1.7411253787860046,0.6111111111111112,0.0,0.0,0.0,0.0,0.0,0.0,0.0,0.0,0.0,0.0,0.0,0.0,1.0,0.0,0.0,0.0,2019,8,0.12899954934655247
1.2549330475580696,0.197102714998092,0.08247654138976802,0.7777777777777778,0.0,0.0,0.0,0.0,0.0,0.0,0.0,0.0,0.0,0.0,0.0,0.0,0.0,1.0,0.0,0.0,2019,6,0.10308697611536728
-0.7744473860673461,-0.4346104610623921,0.15542061819679867,0.6944444444444444,0.0,0.0,0.0,0.0,0.0,0.0,0.0,0.0,0.0,0.0,0.0,0.0,0.0,1.0,0.0,0.0,2019,7,0.34024335286164936
-0.4163214271922717,0.22718429481049648,-0.8657964571016338,0.6944444444444444,0.0,0.0,0.0,0.0,0.0,0.0,0.0,0.0,0.0,0.0,0.0,0.0,0.0,1.0,0.0,0.0,2019,8,0.04900856241550247
1.4339960269956067,0.22718429481049648,0.7025011942495304,0.5555555555555556,0.0,0.0,0.0,0.0,0.0,0.0,0.0,0.0,0.0,0.0,0.0,0.0,0.0,0.0,1.0,0.0,2019,6,0.09069400630914827
-1.0131980253173942,1.0694685295578086,-0.28224384264538643,0.6666666666666666,0.0,0.0,0.0,0.0,0.0,0.0,0.0,0.0,0.0,0.0,0.0,0.0,0.0,0.0,1.0,0.0,2019,7,0.3616493916178459
-0.9535103655048832,0.3475106140601122,-1.266988879540304,0.5555555555555556,0.0,0.0,0.0,0.0,0.0,0.0,0.0,0.0,0.0,0.0,0.0,0.0,0.0,0.0,1.0,0.0,2019,8,0.24447949526813878
1.3743083671830956,0.25726587462290096,-0.3187158810489024,0.2777777777777778,0.0,0.0,0.0,0.0,0.0,0.0,0.0,0.0,0.0,0.0,0.0,0.0,0.0,0.0,0.0,1.0,2019,6,0.05069851284362325
-0.9535103655048832,0.8889790506833861,-0.6104921882770256,0.2777777777777778,0.0,0.0,0.0,0.0,0.0,0.0,0.0,0.0,0.0,0.0,0.0,0.0,0.0,0.0,0.0,1.0,2019,7,0.19885083370887785
-0.655072066442322,0.9792237901205973,-1.4128770331543654,0.2777777777777778,0.0,0.0,0.0,0.0,0.0,0.0,0.0,0.0,0.0,0.0,0.0,0.0,0.0,0.0,0.0,1.0,2019,8,0.11942316358720143
0.2999304905578748,0.25726587462290096,-1.0116846107156956,0.36111111111111116,0.0,1.0,0.0,0.0,0.0,0.0,0.0,0.0,0.0,0.0,0.0,0.0,0.0,0.0,0.0,0.0,2020,6,0.21518702118071203
-0.058195468317199524,-0.1939578225631596,0.3377808102143759,0.3888888888888889,0.0,1.0,0.0,0.0,0.0,0.0,0.0,0.0,0.0,0.0,0.0,0.0,0.0,0.0,0.0,0.0,2020,7,0.4100946372239747
-0.1178831281297105,0.2873474544353054,-0.8657964571016338,0.3333333333333333,0.0,1.0,0.0,0.0,0.0,0.0,0.0,0.0,0.0,0.0,0.0,0.0,0.0,0.0,0.0,0.0,2020,8,0.21575033799008558
0.2402428307453617,0.22718429481049648,-0.8293244186981185,0.3333333333333333,0.0,0.0,1.0,0.0,0.0,0.0,0.0,0.0,0.0,0.0,0.0,0.0,0.0,0.0,0.0,0.0,2020,6,0.5543037404236142
0.12086751112033764,-0.22403940237556405,0.4836689638284378,0.2777777777777778,0.0,0.0,1.0,0.0,0.0,0.0,0.0,0.0,0.0,0.0,0.0,0.0,0.0,0.0,0.0,0.0,2020,7,0.3729157278053177
-0.058195468317199524,-0.04354992350113941,-0.3187158810489024,0.19444444444444445,0.0,0.0,1.0,0.0,0.0,0.0,0.0,0.0,0.0,0.0,0.0,0.0,0.0,0.0,0.0,0.0,2020,8,0.322780531771068
0.8371194288704842,0.2873474544353054,-1.2305168411367882,0.5833333333333334,0.0,0.0,0.0,0.0,1.0,0.0,0.0,0.0,0.0,0.0,0.0,0.0,0.0,0.0,0.0,0.0,2020,6,0.28616493916178454
1.0161824083080213,0.16702113518568756,0.9942775014776541,0.5555555555555556,0.0,0.0,0.0,0.0,1.0,0.0,0.0,0.0,0.0,0.0,0.0,0.0,0.0,0.0,0.0,0.0,2020,7,0.2698287516899504
0.658056449432947,0.31742903424770774,0.7389732326530457,0.3888888888888889,0.0,0.0,0.0,0.0,1.0,0.0,0.0,0.0,0.0,0.0,0.0,0.0,0.0,0.0,0.0,0.0,2020,8,0.1825146462370437
0.9564947484955082,0.197102714998092,-0.7199083034875722,0.6388888888888888,0.0,0.0,0.0,0.0,0.0,1.0,0.0,0.0,0.0,0.0,0.0,0.0,0.0,0.0,0.0,0.0,2020,6,0.2563091482649842
0.12086751112033764,-0.1939578225631596,0.6295571174424998,0.3888888888888889,0.0,0.0,0.0,0.0,0.0,1.0,0.0,0.0,0.0,0.0,0.0,0.0,0.0,0.0,0.0,0.0,2020,7,0.3881252816584047
-0.4163214271922717,-0.10371308312594835,-0.7563803418910875,0.4166666666666667,0.0,0.0,0.0,0.0,0.0,1.0,0.0,0.0,0.0,0.0,0.0,0.0,0.0,0.0,0.0,0.0,2020,8,0.11322667868409193
0.8371194288704842,0.5580816727469413,-1.0116846107156956,0.5833333333333334,0.0,0.0,0.0,0.0,0.0,0.0,1.0,0.0,0.0,0.0,0.0,0.0,0.0,0.0,0.0,0.0,2020,6,0.32165389815232087
0.8371194288704842,0.5580816727469413,0.8848613862671076,0.5277777777777778,0.0,0.0,0.0,0.0,0.0,0.0,1.0,0.0,0.0,0.0,0.0,0.0,0.0,0.0,0.0,0.0,2020,7,0.1205497972059486
0.478993469995412,0.49791851312213237,-0.5375481114699949,0.5555555555555556,0.0,0.0,0.0,0.0,0.0,0.0,1.0,0.0,0.0,0.0,0.0,0.0,0.0,0.0,0.0,0.0,2020,8,0.043938711131140146
0.7774317690579732,0.3775921938725167,-0.9387405339086647,0.6111111111111112,0.0,0.0,0.0,0.0,0.0,0.0,0.0,1.0,0.0,0.0,0.0,0.0,0.0,0.0,0.0,0.0,2020,6,0.2636322667868409
-0.17757078794222358,0.197102714998092,0.191892656600314,0.4722222222222222,0.0,0.0,0.0,0.0,0.0,0.0,0.0,1.0,0.0,0.0,0.0,0.0,0.0,0.0,0.0,0.0,2020,7,0.2822217214961694
-0.5953844066298088,0.13693955537328523,-0.9752125723121801,0.4444444444444445,0.0,0.0,0.0,0.0,0.0,0.0,0.0,1.0,0.0,0.0,0.0,0.0,0.0,0.0,0.0,0.0,2020,8,0.13970256872465073
0.0014921914953135696,0.22718429481049648,-1.3034609179438192,0.3888888888888889,0.0,0.0,0.0,1.0,0.0,0.0,0.0,0.0,0.0,0.0,0.0,0.0,0.0,0.0,0.0,0.0,2020,6,0.7261153672825597
-0.1178831281297105,-0.31428414181277636,0.11894857979328334,0.36111111111111116,0.0,0.0,0.0,1.0,0.0,0.0,0.0,0.0,0.0,0.0,0.0,0.0,0.0,0.0,0.0,0.0,2020,7,0.1402658855340243
0.12086751112033764,0.3775921938725167,-0.5010760730664793,0.3333333333333333,0.0,0.0,0.0,1.0,0.0,0.0,0.0,0.0,0.0,0.0,0.0,0.0,0.0,0.0,0.0,0.0,2020,8,0.13237945020279404
0.2402428307453617,0.40767377368492114,-1.0846286875227267,0.4166666666666667,0.0,0.0,0.0,0.0,0.0,0.0,0.0,0.0,1.0,0.0,0.0,0.0,0.0,0.0,0.0,0.0,2020,6,0.48050923839567367
-0.29694610756724765,0.0767763957484763,0.15542061819679867,0.3333333333333333,0.0,0.0,0.0,0.0,0.0,0.0,0.0,0.0,1.0,0.0,0.0,0.0,0.0,0.0,0.0,0.0,2020,7,0.1487156376746282
-0.29694610756724765,0.25726587462290096,-0.5740201498735102,0.2777777777777778,0.0,0.0,0.0,0.0,0.0,0.0,0.0,0.0,1.0,0.0,0.0,0.0,0.0,0.0,0.0,0.0,2020,8,0.10421360973411446
-0.1178831281297105,0.4678369333097279,-1.6317092635754584,0.6111111111111112,0.0,0.0,0.0,0.0,0.0,0.0,0.0,0.0,0.0,1.0,0.0,0.0,0.0,0.0,0.0,0.0,2020,6,0.5374042361424065
-0.5953844066298088,-0.37444730143758426,-0.39165995785593305,0.5277777777777778,0.0,0.0,0.0,0.0,0.0,0.0,0.0,0.0,0.0,1.0,0.0,0.0,0.0,0.0,0.0,0.0,2020,7,0.5469806219017574
-0.535696746817298,-0.07363150331354387,-1.37640499475085,0.5,0.0,0.0,0.0,0.0,0.0,0.0,0.0,0.0,0.0,1.0,0.0,0.0,0.0,0.0,0.0,0.0,2020,8,0.15772870662460567
1.1952453877455584,0.40767377368492114,-0.9752125723121801,0.5833333333333334,0.0,0.0,0.0,0.0,0.0,0.0,0.0,0.0,0.0,0.0,1.0,0.0,0.0,0.0,0.0,0.0,2020,6,0.3047543938711131
0.18055517093285073,0.10685797556088077,0.4471969254249225,0.4444444444444445,0.0,0.0,0.0,0.0,0.0,0.0,0.0,0.0,0.0,0.0,1.0,0.0,0.0,0.0,0.0,0.0,2020,7,0.29179810725552047
-0.2372584477547367,0.31742903424770774,-0.9752125723121801,0.4166666666666667,0.0,0.0,0.0,0.0,0.0,0.0,0.0,0.0,0.0,0.0,1.0,0.0,0.0,0.0,0.0,0.0,2020,8,0.09294727354664263
0.658056449432947,-0.07363150331354387,-0.5010760730664793,0.3333333333333333,0.0,0.0,0.0,0.0,0.0,0.0,0.0,0.0,0.0,0.0,0.0,1.0,0.0,0.0,0.0,0.0,2020,6,0.36446597566471384
-0.058195468317199524,-0.1939578225631596,0.6295571174424998,0.3333333333333333,0.0,0.0,0.0,0.0,0.0,0.0,0.0,0.0,0.0,0.0,0.0,1.0,0.0,0.0,0.0,0.0,2020,7,0.30757097791798105
-0.35663376737976077,0.0767763957484763,0.04600450298625206,0.3333333333333333,0.0,0.0,0.0,0.0,0.0,0.0,0.0,0.0,0.0,0.0,0.0,1.0,0.0,0.0,0.0,0.0,2020,8,0.17293826047769265
0.598368789620436,0.40767377368492114,-1.4128770331543654,0.6666666666666666,0.0,0.0,0.0,0.0,0.0,0.0,0.0,0.0,0.0,0.0,0.0,0.0,1.0,0.0,0.0,0.0,2020,6,0.2354664263181613
-0.47600908700478484,0.16702113518568756,-0.02693957382077857,0.6388888888888888,0.0,0.0,0.0,0.0,0.0,0.0,0.0,0.0,0.0,0.0,0.0,0.0,1.0,0.0,0.0,0.0,2020,7,0.3869986480396575
-0.8341350458798592,-0.1939578225631596,-1.6681813019789737,0.5833333333333334,0.0,0.0,0.0,0.0,0.0,0.0,0.0,0.0,0.0,0.0,0.0,0.0,1.0,0.0,0.0,0.0,2020,8,0.1081568273997296
0.8371194288704842,0.13693955537328523,-0.28224384264538643,0.9722222222222223,0.0,0.0,0.0,0.0,0.0,0.0,0.0,0.0,0.0,0.0,0.0,0.0,0.0,1.0,0.0,0.0,2020,6,0.38643533123028384
0.12086751112033764,0.25726587462290096,0.5930850790389838,0.6944444444444444,0.0,0.0,0.0,0.0,0.0,0.0,0.0,0.0,0.0,0.0,0.0,0.0,0.0,1.0,0.0,0.0,2020,7,0.35939612438035146
-0.535696746817298,-0.04354992350113941,-0.5010760730664793,0.7222222222222223,0.0,0.0,0.0,0.0,0.0,0.0,0.0,0.0,0.0,0.0,0.0,0.0,0.0,1.0,0.0,0.0,2020,8,0.08900405588102749
0.658056449432947,0.197102714998092,-0.42813199625944837,0.6111111111111112,0.0,0.0,0.0,0.0,0.0,0.0,0.0,0.0,0.0,0.0,0.0,0.0,0.0,0.0,1.0,0.0,2020,6,0.7154123479044614
-0.2372584477547367,0.0767763957484763,-0.2092997658383558,0.5277777777777778,0.0,0.0,0.0,0.0,0.0,0.0,0.0,0.0,0.0,0.0,0.0,0.0,0.0,0.0,1.0,0.0,2020,7,0.26870211807120326
-0.535696746817298,0.31742903424770774,-0.9387405339086647,0.5277777777777778,0.0,0.0,0.0,0.0,0.0,0.0,0.0,0.0,0.0,0.0,0.0,0.0,0.0,0.0,1.0,0.0,2020,8,0.25799909869310494
0.478993469995412,0.678407991996557,-0.7928523802946028,0.3055555555555556,0.0,0.0,0.0,0.0,0.0,0.0,0.0,0.0,0.0,0.0,0.0,0.0,0.0,0.0,0.0,1.0,2020,6,0.39657503379900855
-0.29694610756724765,0.3475106140601122,-0.5375481114699949,0.22222222222222224,0.0,0.0,0.0,0.0,0.0,0.0,0.0,0.0,0.0,0.0,0.0,0.0,0.0,0.0,0.0,1.0,2020,7,0.3610860748084722
-0.47600908700478484,0.197102714998092,-1.4858211099613965,0.22222222222222224,0.0,0.0,0.0,0.0,0.0,0.0,0.0,0.0,0.0,0.0,0.0,0.0,0.0,0.0,0.0,1.0,2020,8,0.26757548445245605
-0.17757078794222358,0.197102714998092,-0.7563803418910875,0.4166666666666667,0.0,1.0,0.0,0.0,0.0,0.0,0.0,0.0,0.0,0.0,0.0,0.0,0.0,0.0,0.0,0.0,2021,6,0.27996845425867506
1.672746666245657,0.4377553534973256,0.7389732326530457,0.2777777777777778,0.0,1.0,0.0,0.0,0.0,0.0,0.0,0.0,0.0,0.0,0.0,0.0,0.0,0.0,0.0,0.0,2021,7,0.19941415051825145
-0.535696746817298,0.31742903424770774,-0.7563803418910875,0.3888888888888889,0.0,1.0,0.0,0.0,0.0,0.0,0.0,0.0,0.0,0.0,0.0,0.0,0.0,0.0,0.0,0.0,2021,8,0.3086976115367282
0.061179851307824544,0.6182448323717481,-0.9387405339086647,0.3055555555555556,0.0,0.0,1.0,0.0,0.0,0.0,0.0,0.0,0.0,0.0,0.0,0.0,0.0,0.0,0.0,0.0,2021,6,0.2765885534024335
1.911497305495705,0.25726587462290096,1.2131097318987467,0.16666666666666666,0.0,0.0,1.0,0.0,0.0,0.0,0.0,0.0,0.0,0.0,0.0,0.0,0.0,0.0,0.0,0.0,2021,7,0.2089905362776025
-0.535696746817298,-0.4045288812499887,-0.17282772743484048,0.22222222222222224,0.0,0.0,1.0,0.0,0.0,0.0,0.0,0.0,0.0,0.0,0.0,0.0,0.0,0.0,0.0,0.0,2021,8,0.48050923839567367
0.598368789620436,0.8889790506833861,-0.464604034662964,0.5277777777777778,0.0,0.0,0.0,0.0,1.0,0.0,0.0,0.0,0.0,0.0,0.0,0.0,0.0,0.0,0.0,0.0,2021,6,0.13350608382154122
2.5680615634333406,0.4678369333097279,2.161382730390148,0.3888888888888889,0.0,0.0,0.0,0.0,1.0,0.0,0.0,0.0,0.0,0.0,0.0,0.0,0.0,0.0,0.0,0.0,2021,7,0.353199639477242
0.478993469995412,0.4377553534973256,1.7237182695479631,0.4444444444444445,0.0,0.0,0.0,0.0,1.0,0.0,0.0,0.0,0.0,0.0,0.0,0.0,0.0,0.0,0.0,0.0,2021,8,0.3729157278053177
0.12086751112033764,0.8288158910585772,-1.048156649119211,0.6388888888888888,0.0,0.0,0.0,0.0,0.0,1.0,0.0,0.0,0.0,0.0,0.0,0.0,0.0,0.0,0.0,0.0,2021,6,0.40615141955835954
2.150247944745753,0.2873474544353054,0.9942775014776541,0.4166666666666667,0.0,0.0,0.0,0.0,0.0,1.0,0.0,0.0,0.0,0.0,0.0,0.0,0.0,0.0,0.0,0.0,2021,7,0.07041460117169895
0.478993469995412,0.0767763957484763,1.1401656550917154,0.4166666666666667,0.0,0.0,0.0,0.0,0.0,1.0,0.0,0.0,0.0,0.0,0.0,0.0,0.0,0.0,0.0,0.0,2021,8,0.49684542586750785
-0.1178831281297105,0.5280000929345369,-0.464604034662964,0.6666666666666666,0.0,0.0,0.0,0.0,0.0,0.0,1.0,0.0,0.0,0.0,0.0,0.0,0.0,0.0,0.0,0.0,2021,6,0.6162685894547093
1.792121985870681,0.16702113518568756,0.9942775014776541,0.4444444444444445,0.0,0.0,0.0,0.0,0.0,0.0,1.0,0.0,0.0,0.0,0.0,0.0,0.0,0.0,0.0,0.0,2021,7,0.626408292023434
0.12086751112033764,0.13693955537328523,0.6660291558460151,0.5555555555555556,0.0,0.0,0.0,0.0,0.0,0.0,1.0,0.0,0.0,0.0,0.0,0.0,0.0,0.0,0.0,0.0,2021,8,0.49628210905813425
0.2402428307453617,1.159713268995022,-1.4128770331543654,0.5555555555555556,0.0,0.0,0.0,0.0,0.0,0.0,0.0,1.0,0.0,0.0,0.0,0.0,0.0,0.0,0.0,0.0,2021,6,0.10027039206849932
1.8518096456831918,0.31742903424770774,1.2131097318987467,0.4166666666666667,0.0,0.0,0.0,0.0,0.0,0.0,0.0,1.0,0.0,0.0,0.0,0.0,0.0,0.0,0.0,0.0,2021,7,0.3717890941865705
0.0014921914953135696,0.0767763957484763,0.191892656600314,0.5,0.0,0.0,0.0,0.0,0.0,0.0,0.0,1.0,0.0,0.0,0.0,0.0,0.0,0.0,0.0,0.0,2021,8,0.44107706173952227
-0.058195468317199524,0.3775921938725167,-1.5587651867684273,0.3055555555555556,0.0,0.0,0.0,1.0,0.0,0.0,0.0,0.0,0.0,0.0,0.0,0.0,0.0,0.0,0.0,0.0,2021,6,0.27208201892744477
1.792121985870681,0.3775921938725167,0.7025011942495304,0.3055555555555556,0.0,0.0,0.0,1.0,0.0,0.0,0.0,0.0,0.0,0.0,0.0,0.0,0.0,0.0,0.0,0.0,2021,7,0.5548670572329878
-1.0728856851299073,-0.46469204087479654,0.191892656600314,0.2777777777777778,0.0,0.0,0.0,1.0,0.0,0.0,0.0,0.0,0.0,0.0,0.0,0.0,0.0,0.0,0.0,0.0,2021,8,0.48557908968003605
0.0014921914953135696,0.9792237901205973,-1.3399329563473346,0.3333333333333333,0.0,0.0,0.0,0.0,0.0,0.0,0.0,0.0,1.0,0.0,0.0,0.0,0.0,0.0,0.0,0.0,2021,6,0.055768364127985574
1.672746666245657,0.5881632525593458,1.0672215782846848,0.22222222222222224,0.0,0.0,0.0,0.0,0.0,0.0,0.0,0.0,1.0,0.0,0.0,0.0,0.0,0.0,0.0,0.0,2021,7,0.32390716538981523
-0.9535103655048832,-0.2842025620003719,0.009532464582736745,0.2777777777777778,0.0,0.0,0.0,0.0,0.0,0.0,0.0,0.0,1.0,0.0,0.0,0.0,0.0,0.0,0.0,0.0,2021,8,0.5058584948174853
-0.1178831281297105,1.0694685295578086,-1.9599576092070972,0.5833333333333334,0.0,0.0,0.0,0.0,0.0,0.0,0.0,0.0,0.0,1.0,0.0,0.0,0.0,0.0,0.0,0.0,2021,6,0.15998197386210003
1.6130590064331438,0.7084895718089615,-0.24577180424187112,0.5,0.0,0.0,0.0,0.0,0.0,0.0,0.0,0.0,0.0,1.0,0.0,0.0,0.0,0.0,0.0,0.0,2021,7,0.2016674177557458
-1.5503869636300056,-0.6451815197492201,-0.9022684955051494,0.4722222222222222,0.0,0.0,0.0,0.0,0.0,0.0,0.0,0.0,0.0,1.0,0.0,0.0,0.0,0.0,0.0,0.0,2021,8,0.48445245606128884
0.18055517093285073,1.009305369933002,-0.9022684955051494,0.5833333333333334,0.0,0.0,0.0,0.0,0.0,0.0,0.0,0.0,0.0,0.0,1.0,0.0,0.0,0.0,0.0,0.0,2021,6,0.24560612888688596
1.911497305495705,0.0767763957484763,0.775445271056561,0.3888888888888889,0.0,0.0,0.0,0.0,0.0,0.0,0.0,0.0,0.0,0.0,1.0,0.0,0.0,0.0,0.0,0.0,2021,7,0.2625056331680937
0.18055517093285073,0.0767763957484763,0.811917309460077,0.4444444444444445,0.0,0.0,0.0,0.0,0.0,0.0,0.0,0.0,0.0,0.0,1.0,0.0,0.0,0.0,0.0,0.0,2021,8,0.27546191978368634
-0.058195468317199524,0.7686527314337683,-0.8657964571016338,0.4166666666666667,0.0,0.0,0.0,0.0,0.0,0.0,0.0,0.0,0.0,0.0,0.0,1.0,0.0,0.0,0.0,0.0,2021,6,0.21969355565570076
1.911497305495705,0.0767763957484763,0.775445271056561,0.3333333333333333,0.0,0.0,0.0,0.0,0.0,0.0,0.0,0.0,0.0,0.0,0.0,1.0,0.0,0.0,0.0,0.0,2021,7,0.23602974312753489
0.478993469995412,0.10685797556088077,0.811917309460077,0.4166666666666667,0.0,0.0,0.0,0.0,0.0,0.0,0.0,0.0,0.0,0.0,0.0,1.0,0.0,0.0,0.0,0.0,2021,8,0.2940513744930149
-0.17757078794222358,1.1897948488074266,-1.1940448027332728,0.7222222222222223,0.0,0.0,0.0,0.0,0.0,0.0,0.0,0.0,0.0,0.0,0.0,0.0,1.0,0.0,0.0,0.0,2021,6,0.21969355565570076
1.4339960269956067,0.3475106140601122,0.08247654138976802,0.4722222222222222,0.0,0.0,0.0,0.0,0.0,0.0,0.0,0.0,0.0,0.0,0.0,0.0,1.0,0.0,0.0,0.0,2021,7,0.30644434429923384
-0.47600908700478484,0.016613236123668447,-0.6834362650840565,0.6388888888888888,0.0,0.0,0.0,0.0,0.0,0.0,0.0,0.0,0.0,0.0,0.0,0.0,1.0,0.0,0.0,0.0,2021,8,0.40051825146462366
-0.058195468317199524,0.8889790506833861,-0.9022684955051494,0.8333333333333334,0.0,0.0,0.0,0.0,0.0,0.0,0.0,0.0,0.0,0.0,0.0,0.0,0.0,1.0,0.0,0.0,2021,6,0.48332582244254163
1.8518096456831918,0.16702113518568756,0.775445271056561,0.6111111111111112,0.0,0.0,0.0,0.0,0.0,0.0,0.0,0.0,0.0,0.0,0.0,0.0,0.0,1.0,0.0,0.0,2021,7,0.15885534024335285
0.7177441092454601,0.2873474544353054,0.26483673340734526,0.6666666666666666,0.0,0.0,0.0,0.0,0.0,0.0,0.0,0.0,0.0,0.0,0.0,0.0,0.0,1.0,0.0,0.0,2021,8,0.2912347904461469
0.12086751112033764,1.009305369933002,-0.7199083034875722,0.7222222222222223,0.0,0.0,0.0,0.0,0.0,0.0,0.0,0.0,0.0,0.0,0.0,0.0,0.0,0.0,1.0,0.0,2021,6,0.18138801261829654
2.030872625120729,0.8288158910585772,0.775445271056561,0.4444444444444445,0.0,0.0,0.0,0.0,0.0,0.0,0.0,0.0,0.0,0.0,0.0,0.0,0.0,0.0,1.0,0.0,2021,7,0.33404686795853983
-0.058195468317199524,0.4678369333097279,0.2283646950038293,0.5833333333333334,0.0,0.0,0.0,0.0,0.0,0.0,0.0,0.0,0.0,0.0,0.0,0.0,0.0,0.0,1.0,0.0,2021,8,0.37516899504281204
-0.1178831281297105,1.0694685295578086,-1.5222931483649118,0.3333333333333333,0.0,0.0,0.0,0.0,0.0,0.0,0.0,0.0,0.0,0.0,0.0,0.0,0.0,0.0,0.0,1.0,2021,6,0.2371563767462821
1.911497305495705,0.7084895718089615,0.11894857979328334,0.22222222222222224,0.0,0.0,0.0,0.0,0.0,0.0,0.0,0.0,0.0,0.0,0.0,0.0,0.0,0.0,0.0,1.0,2021,7,0.05914826498422712
-0.35663376737976077,0.0767763957484763,-0.02693957382077857,0.25,0.0,0.0,0.0,0.0,0.0,0.0,0.0,0.0,0.0,0.0,0.0,0.0,0.0,0.0,0.0,1.0,2021,8,0.4191077061739522
0.0014921914953135696,0.5280000929345369,0.26483673340734526,0.3333333333333333,0.0,0.0,1.0,0.0,0.0,0.0,0.0,0.0,0.0,0.0,0.0,0.0,0.0,0.0,0.0,0.0,2022,6,0.37911221270842715
-0.1178831281297105,-0.04354992350113941,0.7025011942495304,0.36111111111111116,0.0,0.0,1.0,0.0,0.0,0.0,0.0,0.0,0.0,0.0,0.0,0.0,0.0,0.0,0.0,0.0,2022,7,0.22645335736818387
0.41930581018289886,-0.1638762427507562,1.6507741927409318,0.3055555555555556,0.0,0.0,1.0,0.0,0.0,0.0,0.0,0.0,0.0,0.0,0.0,0.0,0.0,0.0,0.0,0.0,2022,8,0.34362325371789093
0.8371194288704842,0.678407991996557,1.0307495398811695,0.4722222222222222,0.0,0.0,0.0,0.0,1.0,0.0,0.0,0.0,0.0,0.0,0.0,0.0,0.0,0.0,0.0,0.0,2022,6,0.2309598918431726
0.2999304905578748,0.5881632525593458,0.921333424670623,0.5,0.0,0.0,0.0,0.0,1.0,0.0,0.0,0.0,0.0,0.0,0.0,0.0,0.0,0.0,0.0,0.0,2022,7,0.21575033799008558
1.2549330475580696,0.3775921938725167,2.671991268039364,0.4722222222222222,0.0,0.0,0.0,0.0,1.0,0.0,0.0,0.0,0.0,0.0,0.0,0.0,0.0,0.0,0.0,0.0,2022,8,0.3334835511491663
0.12086751112033764,-0.4045288812499887,0.5566130406354685,0.4444444444444445,0.0,0.0,0.0,0.0,0.0,1.0,0.0,0.0,0.0,0.0,0.0,0.0,0.0,0.0,0.0,0.0,2022,6,0.540784136998648
-0.35663376737976077,-0.31428414181277636,0.8483893478635923,0.4444444444444445,0.0,0.0,0.0,0.0,0.0,1.0,0.0,0.0,0.0,0.0,0.0,0.0,0.0,0.0,0.0,0.0,2022,7,0.5193780982424515
0.7177441092454601,-0.2541209821879685,1.6143021543374165,0.6944444444444444,0.0,0.0,0.0,0.0,0.0,1.0,0.0,0.0,0.0,0.0,0.0,0.0,0.0,0.0,0.0,0.0,2022,8,0.2906714736367733
0.2402428307453617,0.10685797556088077,0.5566130406354685,0.4722222222222222,0.0,0.0,0.0,0.0,0.0,0.0,1.0,0.0,0.0,0.0,0.0,0.0,0.0,0.0,0.0,0.0,2022,6,0.23490310950878773
0.12086751112033764,0.7686527314337683,0.5930850790389838,0.5833333333333334,0.0,0.0,0.0,0.0,0.0,0.0,1.0,0.0,0.0,0.0,0.0,0.0,0.0,0.0,0.0,0.0,2022,7,0.310387561964849
0.7774317690579732,-0.013468343688736019,1.1036936166882,0.5277777777777778,0.0,0.0,0.0,0.0,0.0,0.0,1.0,0.0,0.0,0.0,0.0,0.0,0.0,0.0,0.0,0.0,2022,8,0.4754393871113114
-0.17757078794222358,-0.4947736206872,0.5201410022319531,0.6666666666666666,0.0,0.0,0.0,0.0,0.0,0.0,0.0,0.0,0.0,0.0,0.0,0.0,0.0,1.0,0.0,0.0,2022,6,0.34418657052726453
0.0014921914953135696,-0.31428414181277636,0.7025011942495304,0.6944444444444444,0.0,0.0,0.0,0.0,0.0,0.0,0.0,0.0,0.0,0.0,0.0,0.0,0.0,1.0,0.0,0.0,2022,7,0.45515998197386204
1.1952453877455584,-0.07363150331354387,1.979022538372571,0.9722222222222223,0.0,0.0,0.0,0.0,0.0,0.0,0.0,0.0,0.0,0.0,0.0,0.0,0.0,1.0,0.0,0.0,2022,8,0.1543488057683641
0.12086751112033764,0.22718429481049648,0.3013087718108606,0.4166666666666667,0.0,0.0,0.0,0.0,0.0,0.0,0.0,0.0,0.0,0.0,0.0,0.0,0.0,0.0,1.0,0.0,2022,6,0.23997296079315006
-0.47600908700478484,0.0767763957484763,0.7025011942495304,0.4444444444444445,0.0,0.0,0.0,0.0,0.0,0.0,0.0,0.0,0.0,0.0,0.0,0.0,0.0,0.0,1.0,0.0,2022,7,0.4416403785488959
0.658056449432947,-0.013468343688736019,1.2860538087057773,0.6111111111111112,0.0,0.0,0.0,0.0,0.0,0.0,0.0,0.0,0.0,0.0,0.0,0.0,0.0,0.0,1.0,0.0,2022,8,0.4393871113114015
