Average Temperature (celsius),Max Temperature (celsius),Min Temperature (celsius),Average Wind Speed (m/s),Max Snow Depth (cm),City_Баришівка,City_Бориспіль,City_Білопілля,City_Глухів,City_Житомир,City_Звягель,City_Київ,City_Конотоп,City_Коростень,City_Лебедин,City_Миронівка,City_Ніжин,City_Овруч,City_Олевськ,City_Остер,City_Покошичі,City_Прилуки,City_Ромни,City_Семенівка,City_Сновськ,City_Суми,City_Чернігів,City_Чорнобиль,Year,Month,Total Precipitation (mm)
1.029884799160679,0.5256098168191307,1.4392301690775766,0.2553191489361702,0.0,0.0,0.0,0.0,0.0,1.0,0.0,0.0,0.0,0.0,0.0,0.0,0.0,0.0,0.0,0.0,0.0,0.0,0.0,0.0,0.0,0.0,0.0,0.0,2010,9,0.23546511627906974
-0.5135280464572075,-1.0219079224832064,0.026865082950863844,0.3191489361702128,0.0,0.0,0.0,0.0,0.0,1.0,0.0,0.0,0.0,0.0,0.0,0.0,0.0,0.0,0.0,0.0,0.0,0.0,0.0,0.0,0.0,0.0,0.0,0.0,2010,10,0.14207848837209303
-0.17054741409767699,0.1321731034371805,-1.3855000031758489,0.4680851063829788,0.21052631578947367,0.0,0.0,0.0,0.0,1.0,0.0,0.0,0.0,0.0,0.0,0.0,0.0,0.0,0.0,0.0,0.0,0.0,0.0,0.0,0.0,0.0,0.0,0.0,2010,11,0.3164970930232558
1.2585385540670329,0.6829845021719111,1.8967568871186242,0.36170212765957444,0.0,0.0,0.0,0.0,0.0,0.0,0.0,1.0,0.0,0.0,0.0,0.0,0.0,0.0,0.0,0.0,0.0,0.0,0.0,0.0,0.0,0.0,0.0,0.0,2010,9,0.18386627906976744
-0.3992011690040306,-0.9694496940322797,0.32525207297763414,0.4680851063829788,0.0,0.0,0.0,0.0,0.0,0.0,0.0,1.0,0.0,0.0,0.0,0.0,0.0,0.0,0.0,0.0,0.0,0.0,0.0,0.0,0.0,0.0,0.0,0.0,2010,10,0.16315406976744184
-0.07527501622002966,0.10594398921171724,-1.3855000031758489,0.6170212765957447,0.21052631578947367,0.0,0.0,0.0,0.0,0.0,0.0,1.0,0.0,0.0,0.0,0.0,0.0,0.0,0.0,0.0,0.0,0.0,0.0,0.0,0.0,0.0,0.0,0.0,2010,11,0.26090116279069764
1.1061027174627969,0.7616718448483007,1.2403055090597297,0.3829787234042553,0.0,0.0,0.0,0.0,0.0,0.0,0.0,0.0,1.0,0.0,0.0,0.0,0.0,0.0,0.0,0.0,0.0,0.0,0.0,0.0,0.0,0.0,0.0,0.0,2010,9,0.204578488372093
-0.5706914851837959,-0.8383041229049629,-0.35109177108304507,0.425531914893617,0.0,0.0,0.0,0.0,0.0,0.0,0.0,0.0,1.0,0.0,0.0,0.0,0.0,0.0,0.0,0.0,0.0,0.0,0.0,0.0,0.0,0.0,0.0,0.0,2010,10,0.1028343023255814
-0.2658198119753243,-0.3792946239593545,-2.3403383712615136,0.5531914893617021,0.5263157894736842,0.0,0.0,0.0,0.0,0.0,0.0,0.0,1.0,0.0,0.0,0.0,0.0,0.0,0.0,0.0,0.0,0.0,0.0,0.0,0.0,0.0,0.0,0.0,2010,11,0.25944767441860467
1.2966475132180917,0.9321610873138126,1.6779397610989928,0.4680851063829788,0.0,0.0,0.0,0.0,0.0,0.0,0.0,0.0,0.0,0.0,0.0,1.0,0.0,0.0,0.0,0.0,0.0,0.0,0.0,0.0,0.0,0.0,0.0,0.0,2010,9,0.11809593023255814
-0.41825564857956016,-0.6284712091012563,-0.03281231505449017,0.48936170212765956,0.0,0.0,0.0,0.0,0.0,0.0,0.0,0.0,0.0,0.0,0.0,1.0,0.0,0.0,0.0,0.0,0.0,0.0,0.0,0.0,0.0,0.0,0.0,0.0,2010,10,0.10319767441860464
0.07716082038420584,-0.06454525325379457,-1.0274356151437243,0.6808510638297873,0.42105263157894735,0.0,0.0,0.0,0.0,0.0,0.0,0.0,0.0,0.0,0.0,1.0,0.0,0.0,0.0,0.0,0.0,0.0,0.0,0.0,0.0,0.0,0.0,0.0,2010,11,0.2252906976744186
1.1061027174627969,0.984619315764739,1.2005205770561602,0.6595744680851064,0.0,0.0,0.0,0.0,0.0,0.0,0.0,0.0,0.0,0.0,0.0,0.0,0.0,0.0,0.0,0.0,0.0,0.0,0.0,0.0,0.0,1.0,0.0,0.0,2010,9,0.25109011627906974
-0.6659638830614432,-1.0481370367086695,-0.03281231505449017,0.7659574468085106,0.0,0.0,0.0,0.0,0.0,0.0,0.0,0.0,0.0,0.0,0.0,0.0,0.0,0.0,0.0,0.0,0.0,0.0,0.0,0.0,0.0,1.0,0.0,0.0,2010,10,0.15479651162790697
-0.32298325070191286,-0.3792946239593545,-1.9424890512258197,0.9148936170212766,0.3684210526315789,0.0,0.0,0.0,0.0,0.0,0.0,0.0,0.0,0.0,0.0,0.0,0.0,0.0,0.0,0.0,0.0,0.0,0.0,0.0,0.0,1.0,0.0,0.0,2010,11,0.20639534883720928
1.0489392787362088,0.630526273720984,1.4989075670829304,0.425531914893617,0.0,0.0,0.0,0.0,0.0,0.0,0.0,0.0,0.0,0.0,0.0,0.0,0.0,0.0,0.0,0.0,0.0,0.0,0.0,0.0,0.0,0.0,1.0,0.0,2010,9,0.279796511627907
-0.5706914851837959,-0.8383041229049629,-0.03281231505449017,0.5531914893617021,0.0,0.0,0.0,0.0,0.0,0.0,0.0,0.0,0.0,0.0,0.0,0.0,0.0,0.0,0.0,0.0,0.0,0.0,0.0,0.0,0.0,0.0,1.0,0.0,2010,10,0.1275436046511628
-0.3992011690040306,-0.30060728128296427,-2.2209835752508056,0.6382978723404256,1.0,0.0,0.0,0.0,0.0,0.0,0.0,0.0,0.0,0.0,0.0,0.0,0.0,0.0,0.0,0.0,0.0,0.0,0.0,0.0,0.0,0.0,1.0,0.0,2010,11,0.3742732558139535
1.2775930336425623,0.8141300732992277,1.3198753730668682,0.2553191489361702,0.0,0.0,0.0,0.0,0.0,1.0,0.0,0.0,0.0,0.0,0.0,0.0,0.0,0.0,0.0,0.0,0.0,0.0,0.0,0.0,0.0,0.0,0.0,0.0,2011,9,0.07703488372093023
-0.28487429155085386,0.31577690301542416,-0.21184450907055233,0.2340425531914894,0.0,0.0,0.0,0.0,0.0,1.0,0.0,0.0,0.0,0.0,0.0,0.0,0.0,0.0,0.0,0.0,0.0,0.0,0.0,0.0,0.0,0.0,0.0,0.0,2011,10,0.10392441860465117
-1.161380352025209,-1.1268243793850596,-0.7091561591151695,0.3191489361702128,0.0,0.0,0.0,0.0,0.0,1.0,0.0,0.0,0.0,0.0,0.0,0.0,0.0,0.0,0.0,0.0,0.0,0.0,0.0,0.0,0.0,0.0,0.0,0.0,2011,11,0.010174418604651162
1.4109743906712684,0.7354427306228375,2.0558966151329017,0.425531914893617,0.0,0.0,0.0,0.0,0.0,0.0,0.0,1.0,0.0,0.0,0.0,0.0,0.0,0.0,0.0,0.0,0.0,0.0,0.0,0.0,0.0,0.0,0.0,0.0,2011,9,0.06831395348837209
-0.13243845494661818,0.32889146012815557,0.3650370049812035,0.425531914893617,0.0,0.0,0.0,0.0,0.0,0.0,0.0,1.0,0.0,0.0,0.0,0.0,0.0,0.0,0.0,0.0,0.0,0.0,0.0,0.0,0.0,0.0,0.0,0.0,2011,10,0.2863372093023256
-1.1232713928741502,-1.192397164948718,-0.5898013631044613,0.5531914893617021,0.042105263157894736,0.0,0.0,0.0,0.0,0.0,0.0,1.0,0.0,0.0,0.0,0.0,0.0,0.0,0.0,0.0,0.0,0.0,0.0,0.0,0.0,0.0,0.0,0.0,2011,11,0.010901162790697675
1.0870482378872677,0.630526273720984,1.6182623630936386,0.2553191489361702,0.0,0.0,0.0,0.0,0.0,0.0,0.0,0.0,1.0,0.0,0.0,0.0,0.0,0.0,0.0,0.0,0.0,0.0,0.0,0.0,0.0,0.0,0.0,0.0,2011,9,0.04796511627906976
-0.36109220985297164,0.35512057435361927,-0.4505541010919685,0.3191489361702128,0.0,0.0,0.0,0.0,0.0,0.0,0.0,0.0,1.0,0.0,0.0,0.0,0.0,0.0,0.0,0.0,0.0,0.0,0.0,0.0,0.0,0.0,0.0,0.0,2011,10,0.16606104651162792
-1.2947617090539154,-1.310428178963303,-1.2661452071651405,0.425531914893617,0.05263157894736842,0.0,0.0,0.0,0.0,0.0,0.0,0.0,1.0,0.0,0.0,0.0,0.0,0.0,0.0,0.0,0.0,0.0,0.0,0.0,0.0,0.0,0.0,0.0,2011,11,0.02579941860465116
1.3347564723691507,1.0108484299902027,1.3198753730668682,0.40425531914893614,0.0,0.0,0.0,0.0,0.0,0.0,0.0,0.0,0.0,0.0,0.0,1.0,0.0,0.0,0.0,0.0,0.0,0.0,0.0,0.0,0.0,0.0,0.0,0.0,2011,9,0.08902616279069768
-0.17054741409767699,0.46003703125547224,-0.1123821790616289,0.4468085106382979,0.0,0.0,0.0,0.0,0.0,0.0,0.0,0.0,0.0,0.0,0.0,1.0,0.0,0.0,0.0,0.0,0.0,0.0,0.0,0.0,0.0,0.0,0.0,0.0,2011,10,0.27725290697674415
-1.1804348316007387,-1.2710845076251083,-0.6892636931133848,0.5106382978723404,0.0,0.0,0.0,0.0,0.0,0.0,0.0,0.0,0.0,0.0,0.0,1.0,0.0,0.0,0.0,0.0,0.0,0.0,0.0,0.0,0.0,0.0,0.0,0.0,2011,11,0.01308139534883721
1.1251571970383263,0.7747864019610327,1.658047295097208,0.574468085106383,0.0,0.0,0.0,0.0,0.0,0.0,0.0,0.0,0.0,0.0,0.0,0.0,0.0,0.0,0.0,0.0,0.0,0.0,0.0,0.0,0.0,1.0,0.0,0.0,2011,9,0.0501453488372093
-0.32298325070191286,0.3813496885790825,-0.4903390330955379,0.5531914893617021,0.0,0.0,0.0,0.0,0.0,0.0,0.0,0.0,0.0,0.0,0.0,0.0,0.0,0.0,0.0,0.0,0.0,0.0,0.0,0.0,0.0,1.0,0.0,0.0,2011,10,0.08502906976744186
-1.523415463960269,-1.5202610927670097,-1.8231342552151117,0.7021276595744681,0.05263157894736842,0.0,0.0,0.0,0.0,0.0,0.0,0.0,0.0,0.0,0.0,0.0,0.0,0.0,0.0,0.0,0.0,0.0,0.0,0.0,0.0,1.0,0.0,0.0,2011,11,0.030159883720930234
1.0489392787362088,0.5780680452700576,1.3795527710722224,0.4680851063829788,0.0,0.0,0.0,0.0,0.0,0.0,0.0,0.0,0.0,0.0,0.0,0.0,0.0,0.0,0.0,0.0,0.0,0.0,0.0,0.0,0.0,0.0,1.0,0.0,2011,9,0.04578488372093023
-0.32298325070191286,0.1715167747753756,-0.07259724705805957,0.4680851063829788,0.0,0.0,0.0,0.0,0.0,0.0,0.0,0.0,0.0,0.0,0.0,0.0,0.0,0.0,0.0,0.0,0.0,0.0,0.0,0.0,0.0,0.0,1.0,0.0,2011,10,0.21475290697674418
-1.2566527499028566,-1.2973136218505714,-0.9080808191330163,0.5957446808510638,0.03684210526315789,0.0,0.0,0.0,0.0,0.0,0.0,0.0,0.0,0.0,0.0,0.0,0.0,0.0,0.0,0.0,0.0,0.0,0.0,0.0,0.0,0.0,1.0,0.0,2011,11,0.022892441860465115
1.3538109519446802,0.8928174159756175,1.5188000330847151,0.3191489361702128,0.0,0.0,0.0,1.0,0.0,0.0,0.0,0.0,0.0,0.0,0.0,0.0,0.0,0.0,0.0,0.0,0.0,0.0,0.0,0.0,0.0,0.0,0.0,0.0,2012,9,0.17732558139534882
0.21054217741291228,0.630526273720984,0.32525207297763414,0.3829787234042553,0.05263157894736842,0.0,0.0,1.0,0.0,0.0,0.0,0.0,0.0,0.0,0.0,0.0,0.0,0.0,0.0,0.0,0.0,0.0,0.0,0.0,0.0,0.0,0.0,0.0,2012,10,0.5643168604651163
-0.7612362809390905,-0.7727313373413046,0.20589727696692603,0.3829787234042553,0.0,0.0,0.0,1.0,0.0,0.0,0.0,0.0,0.0,0.0,0.0,0.0,0.0,0.0,0.0,0.0,0.0,0.0,0.0,0.0,0.0,0.0,0.0,0.0,2012,11,0.29360465116279066
1.3728654315202096,0.7354427306228375,1.4790151010811459,0.2340425531914894,0.0,0.0,0.0,0.0,0.0,1.0,0.0,0.0,0.0,0.0,0.0,0.0,0.0,0.0,0.0,0.0,0.0,0.0,0.0,0.0,0.0,0.0,0.0,0.0,2012,9,0.11300872093023256
0.17243321826185315,0.5518389310445944,0.22578974296871074,0.2978723404255319,0.10526315789473684,0.0,0.0,0.0,0.0,1.0,0.0,0.0,0.0,0.0,0.0,0.0,0.0,0.0,0.0,0.0,0.0,0.0,0.0,0.0,0.0,0.0,0.0,0.0,2012,10,0.30523255813953487
-0.6469094034859136,-0.7596167802285729,0.2655746749722801,0.4468085106382979,0.0,0.0,0.0,0.0,0.0,1.0,0.0,0.0,0.0,0.0,0.0,0.0,0.0,0.0,0.0,0.0,0.0,0.0,0.0,0.0,0.0,0.0,0.0,0.0,2012,11,0.1791424418604651
1.5062467885489157,0.8272446304119592,1.976326751125763,0.4680851063829788,0.0,0.0,0.0,0.0,0.0,0.0,0.0,1.0,0.0,0.0,0.0,0.0,0.0,0.0,0.0,0.0,0.0,0.0,0.0,0.0,0.0,0.0,0.0,0.0,2012,9,0.12027616279069768
0.324869054866089,0.5387243739318625,0.3451445389794188,0.5106382978723404,0.0,0.0,0.0,0.0,0.0,0.0,0.0,1.0,0.0,0.0,0.0,0.0,0.0,0.0,0.0,0.0,0.0,0.0,0.0,0.0,0.0,0.0,0.0,0.0,2012,10,0.18386627906976744
-0.6850183626369726,-0.7596167802285729,-0.2516294410741216,0.5319148936170213,0.0,0.0,0.0,0.0,0.0,0.0,0.0,1.0,0.0,0.0,0.0,0.0,0.0,0.0,0.0,0.0,0.0,0.0,0.0,0.0,0.0,0.0,0.0,0.0,2012,11,0.13045058139534882
1.315701992793621,0.9059319730883494,1.4193377030757917,0.2765957446808511,0.0,0.0,0.0,0.0,0.0,0.0,0.0,0.0,1.0,0.0,0.0,0.0,0.0,0.0,0.0,0.0,0.0,0.0,0.0,0.0,0.0,0.0,0.0,0.0,2012,9,0.058866279069767435
0.17243321826185315,0.46003703125547224,-0.172059577066983,0.40425531914893614,0.5263157894736842,0.0,0.0,0.0,0.0,0.0,0.0,0.0,1.0,0.0,0.0,0.0,0.0,0.0,0.0,0.0,0.0,0.0,0.0,0.0,0.0,0.0,0.0,0.0,2012,10,0.1791424418604651
-0.8755631583922672,-1.0481370367086695,-0.5102314990973227,0.425531914893617,0.05263157894736842,0.0,0.0,0.0,0.0,0.0,0.0,0.0,1.0,0.0,0.0,0.0,0.0,0.0,0.0,0.0,0.0,0.0,0.0,0.0,0.0,0.0,0.0,0.0,2012,11,0.12100290697674418
1.601519186426563,0.984619315764739,1.5585849650882846,0.40425531914893614,0.0,0.0,0.0,0.0,0.0,0.0,0.0,0.0,0.0,0.0,0.0,1.0,0.0,0.0,0.0,0.0,0.0,0.0,0.0,0.0,0.0,0.0,0.0,0.0,2012,9,0.14898255813953487
0.4201414527437363,0.6436408308337159,0.22578974296871074,0.48936170212765956,0.0,0.0,0.0,0.0,0.0,0.0,0.0,0.0,0.0,0.0,0.0,1.0,0.0,0.0,0.0,0.0,0.0,0.0,0.0,0.0,0.0,0.0,0.0,0.0,2012,10,0.1635174418604651
-0.7040728422125021,-0.7596167802285729,-0.7887260231223081,0.5319148936170213,0.0,0.0,0.0,0.0,0.0,0.0,0.0,0.0,0.0,0.0,0.0,1.0,0.0,0.0,0.0,0.0,0.0,0.0,0.0,0.0,0.0,0.0,0.0,0.0,2012,11,0.09665697674418605
1.2013751153404444,0.8665883017501542,1.6779397610989928,0.34042553191489366,0.0,0.0,0.0,0.0,0.0,0.0,0.0,0.0,0.0,0.0,0.0,0.0,1.0,0.0,0.0,0.0,0.0,0.0,0.0,0.0,0.0,0.0,0.0,0.0,2012,9,0.2227470930232558
0.17243321826185315,0.47315158836820415,0.16611234496335667,0.4468085106382979,0.0,0.0,0.0,0.0,0.0,0.0,0.0,0.0,0.0,0.0,0.0,0.0,1.0,0.0,0.0,0.0,0.0,0.0,0.0,0.0,0.0,0.0,0.0,0.0,2012,10,0.27652616279069764
-0.7993452400901494,-0.9432205798068164,-0.868295887129447,0.574468085106383,0.0,0.0,0.0,0.0,0.0,0.0,0.0,0.0,0.0,0.0,0.0,0.0,1.0,0.0,0.0,0.0,0.0,0.0,0.0,0.0,0.0,0.0,0.0,0.0,2012,11,0.2550872093023256
1.315701992793621,0.840359187524691,1.658047295097208,0.2553191489361702,0.0,0.0,0.0,0.0,0.0,0.0,1.0,0.0,0.0,0.0,0.0,0.0,0.0,0.0,0.0,0.0,0.0,0.0,0.0,0.0,0.0,0.0,0.0,0.0,2012,9,0.0879360465116279
0.09621529995973557,0.4075788028045458,0.4048219369847728,0.34042553191489366,0.03684210526315789,0.0,0.0,0.0,0.0,0.0,1.0,0.0,0.0,0.0,0.0,0.0,0.0,0.0,0.0,0.0,0.0,0.0,0.0,0.0,0.0,0.0,0.0,0.0,2012,10,0.7692587209302325
-0.6659638830614432,-0.8776477942431581,0.38492947098298824,0.3191489361702128,0.0,0.0,0.0,0.0,0.0,0.0,1.0,0.0,0.0,0.0,0.0,0.0,0.0,0.0,0.0,0.0,0.0,0.0,0.0,0.0,0.0,0.0,0.0,0.0,2012,11,0.22674418604651161
1.0870482378872677,0.840359187524691,1.2999829070650837,0.19148936170212766,0.0,0.0,0.0,0.0,0.0,0.0,0.0,0.0,0.0,0.0,0.0,0.0,0.0,1.0,0.0,0.0,0.0,0.0,0.0,0.0,0.0,0.0,0.0,0.0,2012,9,0.1257267441860465
0.0009429020820882557,0.49938070259366735,-0.19195204306876762,0.2553191489361702,0.15789473684210525,0.0,0.0,0.0,0.0,0.0,0.0,0.0,0.0,0.0,0.0,0.0,0.0,1.0,0.0,0.0,0.0,0.0,0.0,0.0,0.0,0.0,0.0,0.0,2012,10,0.5690406976744186
-0.7040728422125021,-0.4973256379739393,0.30535960697584946,0.36170212765957444,0.0,0.0,0.0,0.0,0.0,0.0,0.0,0.0,0.0,0.0,0.0,0.0,0.0,1.0,0.0,0.0,0.0,0.0,0.0,0.0,0.0,0.0,0.0,0.0,2012,11,0.28888081395348836
1.0870482378872677,0.7354427306228375,1.160735645052591,0.425531914893617,0.0,0.0,0.0,0.0,0.0,0.0,0.0,0.0,0.0,0.0,0.0,0.0,0.0,0.0,1.0,0.0,0.0,0.0,0.0,0.0,0.0,0.0,0.0,0.0,2012,9,0.3172238372093023
0.0009429020820882557,0.42069335991727763,-0.03281231505449017,0.4468085106382979,0.0,0.0,0.0,0.0,0.0,0.0,0.0,0.0,0.0,0.0,0.0,0.0,0.0,0.0,1.0,0.0,0.0,0.0,0.0,0.0,0.0,0.0,0.0,0.0,2012,10,0.731468023255814
-0.6659638830614432,-0.7333876660031095,0.44460686898834223,0.5319148936170213,0.0,0.0,0.0,0.0,0.0,0.0,0.0,0.0,0.0,0.0,0.0,0.0,0.0,0.0,1.0,0.0,0.0,0.0,0.0,0.0,0.0,0.0,0.0,0.0,2012,11,0.2623546511627907
1.2585385540670329,0.8272446304119592,1.5386924990865,0.2765957446808511,0.0,0.0,0.0,0.0,0.0,0.0,0.0,0.0,0.0,0.0,0.0,0.0,0.0,0.0,0.0,0.0,0.0,1.0,0.0,0.0,0.0,0.0,0.0,0.0,2012,9,0.18241279069767444
0.2677056161395005,0.486266145480936,0.38492947098298824,0.40425531914893614,0.2631578947368421,0.0,0.0,0.0,0.0,0.0,0.0,0.0,0.0,0.0,0.0,0.0,0.0,0.0,0.0,0.0,0.0,1.0,0.0,0.0,0.0,0.0,0.0,0.0,2012,10,0.4331395348837209
-0.8374541992412082,-0.8383041229049629,-0.4903390330955379,0.4680851063829788,0.0,0.0,0.0,0.0,0.0,0.0,0.0,0.0,0.0,0.0,0.0,0.0,0.0,0.0,0.0,0.0,0.0,1.0,0.0,0.0,0.0,0.0,0.0,0.0,2012,11,0.28851744186046513
1.315701992793621,0.8928174159756175,1.7972945571097008,0.2340425531914894,0.0,0.0,0.0,0.0,0.0,0.0,0.0,0.0,0.0,0.0,0.0,0.0,0.0,0.0,0.0,0.0,0.0,0.0,1.0,0.0,0.0,0.0,0.0,0.0,2012,9,0.24890988372093023
0.2295966569884417,0.4075788028045458,0.046757548952648546,0.3191489361702128,0.15789473684210525,0.0,0.0,0.0,0.0,0.0,0.0,0.0,0.0,0.0,0.0,0.0,0.0,0.0,0.0,0.0,0.0,0.0,1.0,0.0,0.0,0.0,0.0,0.0,2012,10,0.7027616279069767
-0.9136721175433261,-1.035022479595938,-0.5102314990973227,0.2553191489361702,0.0,0.0,0.0,0.0,0.0,0.0,0.0,0.0,0.0,0.0,0.0,0.0,0.0,0.0,0.0,0.0,0.0,0.0,1.0,0.0,0.0,0.0,0.0,0.0,2012,11,0.2227470930232558
1.1061027174627969,0.7616718448483007,1.4392301690775766,0.40425531914893614,0.0,0.0,0.0,0.0,0.0,0.0,0.0,0.0,0.0,0.0,0.0,0.0,0.0,0.0,0.0,0.0,0.0,0.0,0.0,1.0,0.0,0.0,0.0,0.0,2012,9,0.25872093023255816
0.0009429020820882557,0.486266145480936,0.08654248095621796,0.574468085106383,0.0,0.0,0.0,0.0,0.0,0.0,0.0,0.0,0.0,0.0,0.0,0.0,0.0,0.0,0.0,0.0,0.0,0.0,0.0,1.0,0.0,0.0,0.0,0.0,2012,10,0.46547965116279066
-0.9708355562699145,-0.9694496940322797,-0.7290486251169541,0.6382978723404256,0.03684210526315789,0.0,0.0,0.0,0.0,0.0,0.0,0.0,0.0,0.0,0.0,0.0,0.0,0.0,0.0,0.0,0.0,0.0,0.0,1.0,0.0,0.0,0.0,0.0,2012,11,0.3444767441860465
1.2775930336425623,0.8272446304119592,1.4392301690775766,0.5957446808510638,0.0,0.0,0.0,0.0,0.0,0.0,0.0,0.0,0.0,0.0,0.0,0.0,0.0,0.0,0.0,0.0,0.0,0.0,0.0,0.0,0.0,1.0,0.0,0.0,2012,9,0.14425872093023256
0.17243321826185315,0.2633186745644972,-0.07259724705805957,0.7446808510638298,0.05263157894736842,0.0,0.0,0.0,0.0,0.0,0.0,0.0,0.0,0.0,0.0,0.0,0.0,0.0,0.0,0.0,0.0,0.0,0.0,0.0,0.0,1.0,0.0,0.0,2012,10,0.342296511627907
-0.9708355562699145,-1.0219079224832064,-0.5102314990973227,0.7659574468085106,0.03684210526315789,0.0,0.0,0.0,0.0,0.0,0.0,0.0,0.0,0.0,0.0,0.0,0.0,0.0,0.0,0.0,0.0,0.0,0.0,0.0,0.0,1.0,0.0,0.0,2012,11,0.09665697674418605
1.2394840744915034,0.7485572877355694,1.2601979750615144,0.425531914893617,0.0,0.0,0.0,0.0,0.0,0.0,0.0,0.0,0.0,0.0,0.0,0.0,0.0,0.0,0.0,0.0,0.0,0.0,0.0,0.0,0.0,0.0,1.0,0.0,2012,9,0.07667151162790697
0.09621529995973557,0.5518389310445944,-0.172059577066983,0.5319148936170213,0.0,0.0,0.0,0.0,0.0,0.0,0.0,0.0,0.0,0.0,0.0,0.0,0.0,0.0,0.0,0.0,0.0,0.0,0.0,0.0,0.0,0.0,1.0,0.0,2012,10,0.22492732558139533
-0.8183997196656788,-0.9038769084686213,-0.8086184891240928,0.6382978723404256,0.0,0.0,0.0,0.0,0.0,0.0,0.0,0.0,0.0,0.0,0.0,0.0,0.0,0.0,0.0,0.0,0.0,0.0,0.0,0.0,0.0,0.0,1.0,0.0,2012,11,0.1497093023255814
1.1442116766138561,0.8797028588628861,1.2403055090597297,0.2553191489361702,0.0,0.0,0.0,0.0,0.0,0.0,0.0,0.0,0.0,0.0,0.0,0.0,0.0,0.0,0.0,0.0,0.0,0.0,0.0,0.0,0.0,0.0,0.0,1.0,2012,9,0.3339389534883721
0.09621529995973557,0.3813496885790825,-0.231736975072337,0.2978723404255319,0.0,0.0,0.0,0.0,0.0,0.0,0.0,0.0,0.0,0.0,0.0,0.0,0.0,0.0,0.0,0.0,0.0,0.0,0.0,0.0,0.0,0.0,0.0,1.0,2012,10,1.0
-0.6850183626369726,-0.5760129806503296,-0.15216711106519829,0.36170212765957444,0.0,0.0,0.0,0.0,0.0,0.0,0.0,0.0,0.0,0.0,0.0,0.0,0.0,0.0,0.0,0.0,0.0,0.0,0.0,0.0,0.0,0.0,0.0,1.0,2012,11,0.35319767441860467
0.7059586463766783,0.31577690301542416,0.643531529006189,0.48936170212765956,0.0,0.0,0.0,1.0,0.0,0.0,0.0,0.0,0.0,0.0,0.0,0.0,0.0,0.0,0.0,0.0,0.0,0.0,0.0,0.0,0.0,0.0,0.0,0.0,2013,9,0.5098110465116279
-0.3420377302774422,-0.3530655097338912,-0.2715219070759064,0.5106382978723404,0.0,0.0,0.0,1.0,0.0,0.0,0.0,0.0,0.0,0.0,0.0,0.0,0.0,0.0,0.0,0.0,0.0,0.0,0.0,0.0,0.0,0.0,0.0,0.0,2013,11,0.17151162790697674
0.7631220851032668,0.31577690301542416,0.6236390630044044,0.2978723404255319,0.0,0.0,0.0,0.0,0.0,1.0,0.0,0.0,0.0,0.0,0.0,0.0,0.0,0.0,0.0,0.0,0.0,0.0,0.0,0.0,0.0,0.0,0.0,0.0,2013,9,0.7347383720930232
0.2677056161395005,0.1321731034371805,0.4048219369847728,0.2340425531914894,0.0,0.0,0.0,0.0,0.0,1.0,0.0,0.0,0.0,0.0,0.0,0.0,0.0,0.0,0.0,0.0,0.0,0.0,0.0,0.0,0.0,0.0,0.0,0.0,2013,10,0.036337209302325583
-0.3039287711263833,-0.18257626726837942,-0.2516294410741216,0.4468085106382979,0.10526315789473684,0.0,0.0,0.0,0.0,1.0,0.0,0.0,0.0,0.0,0.0,0.0,0.0,0.0,0.0,0.0,0.0,0.0,0.0,0.0,0.0,0.0,0.0,0.0,2013,11,0.2336482558139535
0.7821765646787963,0.3682351314663507,1.1209507130490215,0.5531914893617021,0.0,0.0,0.0,0.0,0.0,0.0,0.0,1.0,0.0,0.0,0.0,0.0,0.0,0.0,0.0,0.0,0.0,0.0,0.0,0.0,0.0,0.0,0.0,0.0,2013,9,0.7336482558139535
0.2677056161395005,0.1715167747753756,0.6634239950079738,0.48936170212765956,0.0,0.0,0.0,0.0,0.0,0.0,0.0,1.0,0.0,0.0,0.0,0.0,0.0,0.0,0.0,0.0,0.0,0.0,0.0,0.0,0.0,0.0,0.0,0.0,2013,10,0.05159883720930232
-0.36109220985297164,-0.5235547521994031,-0.172059577066983,0.6382978723404256,0.0,0.0,0.0,0.0,0.0,0.0,0.0,1.0,0.0,0.0,0.0,0.0,0.0,0.0,0.0,0.0,0.0,0.0,0.0,0.0,0.0,0.0,0.0,0.0,2013,11,0.3074127906976744
0.6869041668011489,0.21086044611357072,0.9817034510365288,0.36170212765957444,0.0,0.0,0.0,0.0,0.0,0.0,0.0,0.0,1.0,0.0,0.0,0.0,0.0,0.0,0.0,0.0,0.0,0.0,0.0,0.0,0.0,0.0,0.0,0.0,2013,9,0.4316860465116279
0.0009429020820882557,-0.20880538149384267,0.2854671409740648,0.34042553191489366,0.0,0.0,0.0,0.0,0.0,0.0,0.0,0.0,1.0,0.0,0.0,0.0,0.0,0.0,0.0,0.0,0.0,0.0,0.0,0.0,0.0,0.0,0.0,0.0,2013,10,0.11555232558139535
-0.5135280464572075,-0.4186382952975496,-0.2715219070759064,0.5531914893617021,0.03684210526315789,0.0,0.0,0.0,0.0,0.0,0.0,0.0,1.0,0.0,0.0,0.0,0.0,0.0,0.0,0.0,0.0,0.0,0.0,0.0,0.0,0.0,0.0,0.0,2013,11,0.16606104651162792
0.8583944829809141,0.3813496885790825,1.160735645052591,0.5319148936170213,0.0,0.0,0.0,0.0,0.0,0.0,0.0,0.0,0.0,0.0,0.0,1.0,0.0,0.0,0.0,0.0,0.0,0.0,0.0,0.0,0.0,0.0,0.0,0.0,2013,9,0.48691860465116277
0.2486511365639711,0.3682351314663507,0.4048219369847728,0.5106382978723404,0.0,0.0,0.0,0.0,0.0,0.0,0.0,0.0,0.0,0.0,0.0,1.0,0.0,0.0,0.0,0.0,0.0,0.0,0.0,0.0,0.0,0.0,0.0,0.0,2013,10,0.02761627906976744
-0.3039287711263833,-0.24814905283203778,-0.07259724705805957,0.6595744680851064,0.0,0.0,0.0,0.0,0.0,0.0,0.0,0.0,0.0,0.0,0.0,1.0,0.0,0.0,0.0,0.0,0.0,0.0,0.0,0.0,0.0,0.0,0.0,0.0,2013,11,0.12172965116279069
0.7059586463766783,0.19774588900083884,0.583854131000835,0.36170212765957444,0.0,0.0,0.0,0.0,0.0,0.0,1.0,0.0,0.0,0.0,0.0,0.0,0.0,0.0,0.0,0.0,0.0,0.0,0.0,0.0,0.0,0.0,0.0,0.0,2013,9,0.4015261627906977
0.2677056161395005,0.19774588900083884,0.5440691989972657,0.2765957446808511,0.0,0.0,0.0,0.0,0.0,0.0,1.0,0.0,0.0,0.0,0.0,0.0,0.0,0.0,0.0,0.0,0.0,0.0,0.0,0.0,0.0,0.0,0.0,0.0,2013,10,0.06177325581395349
-0.3420377302774422,-0.4186382952975496,-0.37098423708482986,0.425531914893617,0.0,0.0,0.0,0.0,0.0,0.0,1.0,0.0,0.0,0.0,0.0,0.0,0.0,0.0,0.0,0.0,0.0,0.0,0.0,0.0,0.0,0.0,0.0,0.0,2013,11,0.23619186046511628
0.7059586463766783,0.1715167747753756,0.7231013930133279,0.2978723404255319,0.0,0.0,0.0,0.0,0.0,0.0,0.0,0.0,0.0,0.0,0.0,0.0,0.0,1.0,0.0,0.0,0.0,0.0,0.0,0.0,0.0,0.0,0.0,0.0,2013,9,0.36700581395348836
0.15337873868632376,0.23708956033903394,0.5042842669936963,0.2127659574468085,0.0,0.0,0.0,0.0,0.0,0.0,0.0,0.0,0.0,0.0,0.0,0.0,0.0,1.0,0.0,0.0,0.0,0.0,0.0,0.0,0.0,0.0,0.0,0.0,2013,10,0.10065406976744186
-0.45636460773061893,-0.5235547521994031,-0.33119930508126044,0.34042553191489366,0.0,0.0,0.0,0.0,0.0,0.0,0.0,0.0,0.0,0.0,0.0,0.0,0.0,1.0,0.0,0.0,0.0,0.0,0.0,0.0,0.0,0.0,0.0,0.0,2013,11,0.22565406976744187
0.6678496872256195,0.2633186745644972,0.16611234496335667,0.5531914893617021,0.0,0.0,0.0,0.0,0.0,0.0,0.0,0.0,0.0,0.0,0.0,0.0,0.0,0.0,1.0,0.0,0.0,0.0,0.0,0.0,0.0,0.0,0.0,0.0,2013,9,0.3851744186046512
-0.41825564857956016,-0.44486740952301285,-0.4505541010919685,0.574468085106383,0.0,0.0,0.0,0.0,0.0,0.0,0.0,0.0,0.0,0.0,0.0,0.0,0.0,0.0,1.0,0.0,0.0,0.0,0.0,0.0,0.0,0.0,0.0,0.0,2013,11,0.2390988372093023
-0.45636460773061893,-0.3792946239593545,-0.2715219070759064,0.6170212765957447,0.0,0.0,0.0,0.0,0.0,0.0,0.0,0.0,0.0,0.0,0.0,0.0,0.0,0.0,0.0,0.0,0.0,1.0,0.0,0.0,0.0,0.0,0.0,0.0,2013,11,0.09375
0.6297407280745604,0.21086044611357072,0.842456189024036,0.3191489361702128,0.0,0.0,0.0,0.0,0.0,0.0,0.0,0.0,0.0,0.0,0.0,0.0,0.0,0.0,0.0,0.0,0.0,0.0,1.0,0.0,0.0,0.0,0.0,0.0,2013,9,0.5559593023255814
0.019997381657617653,-0.1038889245919892,0.32525207297763414,0.2340425531914894,0.0,0.0,0.0,0.0,0.0,0.0,0.0,0.0,0.0,0.0,0.0,0.0,0.0,0.0,0.0,0.0,0.0,0.0,1.0,0.0,0.0,0.0,0.0,0.0,2013,10,0.07122093023255814
-0.5325825260327369,-0.4186382952975496,-0.39087670308661443,0.425531914893617,0.0,0.0,0.0,0.0,0.0,0.0,0.0,0.0,0.0,0.0,0.0,0.0,0.0,0.0,0.0,0.0,0.0,0.0,1.0,0.0,0.0,0.0,0.0,0.0,2013,11,0.09193313953488372
0.5344683301969131,0.1584022176626442,0.8623486550258207,0.574468085106383,0.0,0.0,0.0,0.0,0.0,0.0,0.0,0.0,0.0,0.0,0.0,0.0,0.0,0.0,0.0,0.0,0.0,0.0,0.0,1.0,0.0,0.0,0.0,0.0,2013,9,0.32521802325581395
-0.01811157749344148,0.0010275323098637883,0.08654248095621796,0.5106382978723404,0.0,0.0,0.0,0.0,0.0,0.0,0.0,0.0,0.0,0.0,0.0,0.0,0.0,0.0,0.0,0.0,0.0,0.0,0.0,1.0,0.0,0.0,0.0,0.0,2013,10,0.109375
-0.5897459647593253,-0.6415857662139879,-0.291414373077691,0.7234042553191489,0.0,0.0,0.0,0.0,0.0,0.0,0.0,0.0,0.0,0.0,0.0,0.0,0.0,0.0,0.0,0.0,0.0,0.0,0.0,1.0,0.0,0.0,0.0,0.0,2013,11,0.17732558139534882
0.5916317689235016,0.18463133188810746,0.7628863250168972,0.7021276595744681,0.0,0.0,0.0,0.0,0.0,0.0,0.0,0.0,0.0,0.0,0.0,0.0,0.0,0.0,0.0,0.0,0.0,0.0,0.0,0.0,0.0,1.0,0.0,0.0,2013,9,0.41315406976744184
-0.13243845494661818,-0.24814905283203778,0.2655746749722801,0.6382978723404256,0.0,0.0,0.0,0.0,0.0,0.0,0.0,0.0,0.0,0.0,0.0,0.0,0.0,0.0,0.0,0.0,0.0,0.0,0.0,0.0,0.0,1.0,0.0,0.0,2013,10,0.11882267441860465
-0.6278549239103842,-0.28749272417023286,-0.35109177108304507,0.9574468085106383,0.03684210526315789,0.0,0.0,0.0,0.0,0.0,0.0,0.0,0.0,0.0,0.0,0.0,0.0,0.0,0.0,0.0,0.0,0.0,0.0,0.0,0.0,1.0,0.0,0.0,2013,11,0.12899709302325582
0.7821765646787963,0.42069335991727763,1.0015959170383133,0.6382978723404256,0.0,0.0,0.0,0.0,0.0,0.0,0.0,0.0,0.0,0.0,0.0,0.0,0.0,0.0,0.0,0.0,0.0,0.0,0.0,0.0,0.0,0.0,1.0,0.0,2013,9,0.3241279069767442
0.058106340808676445,0.027256646535327504,0.06665001495443325,0.48936170212765956,0.0,0.0,0.0,0.0,0.0,0.0,0.0,0.0,0.0,0.0,0.0,0.0,0.0,0.0,0.0,0.0,0.0,0.0,0.0,0.0,0.0,0.0,1.0,0.0,2013,10,0.08284883720930232
-0.4754190873061485,-0.40552373818481774,-0.05270478105627487,0.7021276595744681,0.03684210526315789,0.0,0.0,0.0,0.0,0.0,0.0,0.0,0.0,0.0,0.0,0.0,0.0,0.0,0.0,0.0,0.0,0.0,0.0,0.0,0.0,0.0,1.0,0.0,2013,11,0.26308139534883723
0.6869041668011489,0.4469224741427409,0.6634239950079738,0.2978723404255319,0.0,0.0,0.0,0.0,0.0,0.0,0.0,0.0,0.0,0.0,0.0,0.0,0.0,0.0,0.0,0.0,0.0,0.0,0.0,0.0,0.0,0.0,0.0,1.0,2013,9,0.359375
0.11526977953526497,0.2895477887899609,0.2456822089704954,0.2340425531914894,0.0,0.0,0.0,0.0,0.0,0.0,0.0,0.0,0.0,0.0,0.0,0.0,0.0,0.0,0.0,0.0,0.0,0.0,0.0,0.0,0.0,0.0,0.0,1.0,2013,10,0.07739825581395349
-0.4373101281550896,-0.24814905283203778,-0.231736975072337,0.40425531914893614,0.0,0.0,0.0,0.0,0.0,0.0,0.0,0.0,0.0,0.0,0.0,0.0,0.0,0.0,0.0,0.0,0.0,0.0,0.0,0.0,0.0,0.0,0.0,1.0,2013,11,0.23255813953488372
-0.28487429155085386,0.1715167747753756,-1.107005479150863,0.34042553191489366,0.0,0.0,0.0,1.0,0.0,0.0,0.0,0.0,0.0,0.0,0.0,0.0,0.0,0.0,0.0,0.0,0.0,0.0,0.0,0.0,0.0,0.0,0.0,0.0,2014,10,0.012354651162790697
-1.2947617090539154,-0.4973256379739393,-0.987650683140155,0.40425531914893614,0.0,0.0,0.0,1.0,0.0,0.0,0.0,0.0,0.0,0.0,0.0,0.0,0.0,0.0,0.0,0.0,0.0,0.0,0.0,0.0,0.0,0.0,0.0,0.0,2014,11,0.1153343023255814
1.1442116766138561,0.7223281735101057,0.6833164610097585,0.2340425531914894,0.0,0.0,0.0,0.0,0.0,1.0,0.0,0.0,0.0,0.0,0.0,0.0,0.0,0.0,0.0,0.0,0.0,0.0,0.0,0.0,0.0,0.0,0.0,0.0,2014,9,0.029796511627906974
-0.1514929345221476,0.22397500322630257,-1.0274356151437243,0.2340425531914894,0.0,0.0,0.0,0.0,0.0,1.0,0.0,0.0,0.0,0.0,0.0,0.0,0.0,0.0,0.0,0.0,0.0,0.0,0.0,0.0,0.0,0.0,0.0,0.0,2014,10,0.024709302325581394
-1.2566527499028566,-0.3399509526211594,-0.8285109551258775,0.36170212765957444,0.05263157894736842,0.0,0.0,0.0,0.0,1.0,0.0,0.0,0.0,0.0,0.0,0.0,0.0,0.0,0.0,0.0,0.0,0.0,0.0,0.0,0.0,0.0,0.0,0.0,2014,11,0.12718023255813954
1.3347564723691507,0.8272446304119592,1.160735645052591,0.425531914893617,0.0,0.0,0.0,0.0,0.0,0.0,0.0,1.0,0.0,0.0,0.0,0.0,0.0,0.0,0.0,0.0,0.0,0.0,0.0,0.0,0.0,0.0,0.0,0.0,2014,9,0.16533430232558138
-0.13243845494661818,0.2502041174517658,-0.6693712271116001,0.425531914893617,0.0,0.0,0.0,0.0,0.0,0.0,0.0,1.0,0.0,0.0,0.0,0.0,0.0,0.0,0.0,0.0,0.0,0.0,0.0,0.0,0.0,0.0,0.0,0.0,2014,10,0.07739825581395349
-1.275707229478386,-0.6153566519885246,-0.868295887129447,0.4468085106382979,0.631578947368421,0.0,0.0,0.0,0.0,0.0,0.0,1.0,0.0,0.0,0.0,0.0,0.0,0.0,0.0,0.0,0.0,0.0,0.0,0.0,0.0,0.0,0.0,0.0,2014,11,0.047238372093023256
1.1061027174627969,0.7747864019610327,1.0612733150436675,0.3829787234042553,0.0,0.0,0.0,0.0,0.0,0.0,0.0,0.0,1.0,0.0,0.0,0.0,0.0,0.0,0.0,0.0,0.0,0.0,0.0,0.0,0.0,0.0,0.0,0.0,2014,9,0.12136627906976744
-0.5516370056082662,0.2502041174517658,-1.2462527411633557,0.34042553191489366,0.0,0.0,0.0,0.0,0.0,0.0,0.0,0.0,1.0,0.0,0.0,0.0,0.0,0.0,0.0,0.0,0.0,0.0,0.0,0.0,0.0,0.0,0.0,0.0,2014,10,0.05632267441860465
-1.3900341069315627,-0.431752852410281,-1.5645321971919106,0.5106382978723404,0.2631578947368421,0.0,0.0,0.0,0.0,0.0,0.0,0.0,1.0,0.0,0.0,0.0,0.0,0.0,0.0,0.0,0.0,0.0,0.0,0.0,0.0,0.0,0.0,0.0,2014,11,0.022165697674418602
1.2204295949159736,1.076421215553861,0.8822411210276053,0.36170212765957444,0.0,0.0,0.0,0.0,0.0,0.0,0.0,0.0,0.0,0.0,0.0,1.0,0.0,0.0,0.0,0.0,0.0,0.0,0.0,0.0,0.0,0.0,0.0,0.0,2014,9,0.08175872093023255
-0.24676533239979492,0.27643323167722905,-0.6892636931133848,0.40425531914893614,0.0,0.0,0.0,0.0,0.0,0.0,0.0,0.0,0.0,0.0,0.0,1.0,0.0,0.0,0.0,0.0,0.0,0.0,0.0,0.0,0.0,0.0,0.0,0.0,2014,10,0.12936046511627908
-1.2566527499028566,-0.6547003233267195,-0.6494787611098153,0.4468085106382979,0.3157894736842105,0.0,0.0,0.0,0.0,0.0,0.0,0.0,0.0,0.0,0.0,1.0,0.0,0.0,0.0,0.0,0.0,0.0,0.0,0.0,0.0,0.0,0.0,0.0,2014,11,0.05995639534883721
-0.5325825260327369,0.18463133188810746,-1.5645321971919106,0.3829787234042553,0.0,0.0,0.0,0.0,0.0,0.0,0.0,0.0,0.0,0.0,0.0,0.0,1.0,0.0,0.0,0.0,0.0,0.0,0.0,0.0,0.0,0.0,0.0,0.0,2014,10,0.02398255813953488
1.1251571970383263,0.7747864019610327,0.4644993349901269,0.2978723404255319,0.0,0.0,0.0,0.0,0.0,0.0,1.0,0.0,0.0,0.0,0.0,0.0,0.0,0.0,0.0,0.0,0.0,0.0,0.0,0.0,0.0,0.0,0.0,0.0,2014,9,0.045421511627906974
-0.07527501622002966,0.2633186745644972,-0.9080808191330163,0.34042553191489366,0.0,0.0,0.0,0.0,0.0,0.0,1.0,0.0,0.0,0.0,0.0,0.0,0.0,0.0,0.0,0.0,0.0,0.0,0.0,0.0,0.0,0.0,0.0,0.0,2014,10,0.01380813953488372
-1.1994893111762681,-0.28749272417023286,-0.987650683140155,0.36170212765957444,0.0,0.0,0.0,0.0,0.0,0.0,1.0,0.0,0.0,0.0,0.0,0.0,0.0,0.0,0.0,0.0,0.0,0.0,0.0,0.0,0.0,0.0,0.0,0.0,2014,11,0.12151162790697674
0.9917758400096203,0.6698699450591792,0.7032089270115431,0.19148936170212766,0.0,0.0,0.0,0.0,0.0,0.0,0.0,0.0,0.0,0.0,0.0,0.0,0.0,1.0,0.0,0.0,0.0,0.0,0.0,0.0,0.0,0.0,0.0,0.0,2014,9,0.0559593023255814
-1.3519251477805039,-0.2612636099447696,-1.047328081145509,0.2765957446808511,0.0,0.0,0.0,0.0,0.0,0.0,0.0,0.0,0.0,0.0,0.0,0.0,0.0,1.0,0.0,0.0,0.0,0.0,0.0,0.0,0.0,0.0,0.0,0.0,2014,11,0.06700581395348837
0.9155579217075023,0.6567553879464473,0.046757548952648546,0.40425531914893614,0.0,0.0,0.0,0.0,0.0,0.0,0.0,0.0,0.0,0.0,0.0,0.0,0.0,0.0,1.0,0.0,0.0,0.0,0.0,0.0,0.0,0.0,0.0,0.0,2014,9,0.05813953488372093
-0.24676533239979492,0.31577690301542416,-1.3457150711722792,0.425531914893617,0.0,0.0,0.0,0.0,0.0,0.0,0.0,0.0,0.0,0.0,0.0,0.0,0.0,0.0,1.0,0.0,0.0,0.0,0.0,0.0,0.0,0.0,0.0,0.0,2014,10,0.0501453488372093
-1.2185437907517975,-0.07765981036652596,-1.0871130131490785,0.4468085106382979,0.0,0.0,0.0,0.0,0.0,0.0,0.0,0.0,0.0,0.0,0.0,0.0,0.0,0.0,1.0,0.0,0.0,0.0,0.0,0.0,0.0,0.0,0.0,0.0,2014,11,0.11715116279069768
-0.49447356688167793,0.4075788028045458,-1.30593013916871,0.36170212765957444,0.0,0.0,0.0,0.0,0.0,0.0,0.0,0.0,0.0,0.0,0.0,0.0,0.0,0.0,0.0,0.0,0.0,1.0,0.0,0.0,0.0,0.0,0.0,0.0,2014,10,0.07667151162790697
-1.275707229478386,-0.5760129806503296,-1.0274356151437243,0.4680851063829788,0.0,0.0,0.0,0.0,0.0,0.0,0.0,0.0,0.0,0.0,0.0,0.0,0.0,0.0,0.0,0.0,0.0,1.0,0.0,0.0,0.0,0.0,0.0,0.0,2014,11,0.004505813953488372
1.1632661561893856,0.9452756444265444,1.3198753730668682,0.3191489361702128,0.0,0.0,0.0,0.0,0.0,0.0,0.0,0.0,0.0,0.0,0.0,0.0,0.0,0.0,0.0,0.0,0.0,0.0,1.0,0.0,0.0,0.0,0.0,0.0,2014,9,0.13662790697674418
-0.4754190873061485,0.2633186745644972,-1.047328081145509,0.2765957446808511,0.0,0.0,0.0,0.0,0.0,0.0,0.0,0.0,0.0,0.0,0.0,0.0,0.0,0.0,0.0,0.0,0.0,0.0,1.0,0.0,0.0,0.0,0.0,0.0,2014,10,0.0872093023255814
-1.4090885865070921,-0.7727313373413046,-1.5844246631936956,0.2340425531914894,0.0,0.0,0.0,0.0,0.0,0.0,0.0,0.0,0.0,0.0,0.0,0.0,0.0,0.0,0.0,0.0,0.0,0.0,1.0,0.0,0.0,0.0,0.0,0.0,2014,11,0.013190406976744186
-0.6088004443348548,0.09282943209898585,-1.6242095951972648,0.4680851063829788,0.0,0.0,0.0,0.0,0.0,0.0,0.0,0.0,0.0,0.0,0.0,0.0,0.0,0.0,0.0,0.0,0.0,0.0,0.0,1.0,0.0,0.0,0.0,0.0,2014,10,0.016351744186046513
-1.4662520252336806,-0.6940439946649146,-1.683886993202619,0.4468085106382979,0.0,0.0,0.0,0.0,0.0,0.0,0.0,0.0,0.0,0.0,0.0,0.0,0.0,0.0,0.0,0.0,0.0,0.0,0.0,1.0,0.0,0.0,0.0,0.0,2014,11,0.008212209302325581
1.0870482378872677,0.984619315764739,0.9618109850347442,0.5957446808510638,0.0,0.0,0.0,0.0,0.0,0.0,0.0,0.0,0.0,0.0,0.0,0.0,0.0,0.0,0.0,0.0,0.0,0.0,0.0,0.0,0.0,1.0,0.0,0.0,2014,9,0.24963662790697674
-0.6469094034859136,0.1321731034371805,-1.186575343158002,0.5531914893617021,0.0,0.0,0.0,0.0,0.0,0.0,0.0,0.0,0.0,0.0,0.0,0.0,0.0,0.0,0.0,0.0,0.0,0.0,0.0,0.0,0.0,1.0,0.0,0.0,2014,10,0.0879360465116279
-1.5424699435357987,-0.9169914655813529,-1.8231342552151117,0.7234042553191489,0.15789473684210525,0.0,0.0,0.0,0.0,0.0,0.0,0.0,0.0,0.0,0.0,0.0,0.0,0.0,0.0,0.0,0.0,0.0,0.0,0.0,0.0,1.0,0.0,0.0,2014,11,0.02434593023255814
1.0108303195851496,0.8010155161864959,0.583854131000835,0.4468085106382979,0.0,0.0,0.0,0.0,0.0,0.0,0.0,0.0,0.0,0.0,0.0,0.0,0.0,0.0,0.0,0.0,0.0,0.0,0.0,0.0,0.0,0.0,1.0,0.0,2014,9,0.17950581395348836
-0.5516370056082662,0.1321731034371805,-1.30593013916871,0.4468085106382979,0.0,0.0,0.0,0.0,0.0,0.0,0.0,0.0,0.0,0.0,0.0,0.0,0.0,0.0,0.0,0.0,0.0,0.0,0.0,0.0,0.0,0.0,1.0,0.0,2014,10,0.018168604651162792
-1.3709796273560333,-0.5235547521994031,-1.1467904111544323,0.48936170212765956,0.15789473684210525,0.0,0.0,0.0,0.0,0.0,0.0,0.0,0.0,0.0,0.0,0.0,0.0,0.0,0.0,0.0,0.0,0.0,0.0,0.0,0.0,0.0,1.0,0.0,2014,11,0.007994186046511628
1.029884799160679,0.9190465302010807,0.38492947098298824,0.19148936170212766,0.0,0.0,0.0,0.0,0.0,0.0,0.0,0.0,0.0,0.0,0.0,0.0,0.0,0.0,0.0,0.0,0.0,0.0,0.0,0.0,0.0,0.0,0.0,1.0,2014,9,0.14026162790697674
-0.32298325070191286,0.23708956033903394,-1.186575343158002,0.2340425531914894,0.0,0.0,0.0,0.0,0.0,0.0,0.0,0.0,0.0,0.0,0.0,0.0,0.0,0.0,0.0,0.0,0.0,0.0,0.0,0.0,0.0,0.0,0.0,1.0,2014,10,0.0029069767441860465
-1.3138161886294448,-0.44486740952301285,-1.3855000031758489,0.2553191489361702,0.0,0.0,0.0,0.0,0.0,0.0,0.0,0.0,0.0,0.0,0.0,0.0,0.0,0.0,0.0,0.0,0.0,0.0,0.0,0.0,0.0,0.0,0.0,1.0,2014,11,0.01965843023255814
1.6586826251531515,2.0206693276705407,1.2999829070650837,0.40425531914893614,0.0,0.0,0.0,1.0,0.0,0.0,0.0,0.0,0.0,0.0,0.0,0.0,0.0,0.0,0.0,0.0,0.0,0.0,0.0,0.0,0.0,0.0,0.0,0.0,2015,9,0.2136627906976744
-0.32298325070191286,0.5256098168191307,-0.5102314990973227,0.36170212765957444,0.0,0.0,0.0,1.0,0.0,0.0,0.0,0.0,0.0,0.0,0.0,0.0,0.0,0.0,0.0,0.0,0.0,0.0,0.0,0.0,0.0,0.0,0.0,0.0,2015,10,0.18786337209302326
-0.7993452400901494,-0.9038769084686213,-0.1123821790616289,0.5106382978723404,0.3684210526315789,0.0,0.0,1.0,0.0,0.0,0.0,0.0,0.0,0.0,0.0,0.0,0.0,0.0,0.0,0.0,0.0,0.0,0.0,0.0,0.0,0.0,0.0,0.0,2015,11,0.28742732558139533
1.6777371047286813,1.9419819849941515,1.7575096251061315,0.3191489361702128,0.0,0.0,0.0,0.0,0.0,1.0,0.0,0.0,0.0,0.0,0.0,0.0,0.0,0.0,0.0,0.0,0.0,0.0,0.0,0.0,0.0,0.0,0.0,0.0,2015,9,0.12063953488372094
-0.28487429155085386,0.3813496885790825,-0.5898013631044613,0.2553191489361702,0.0,0.0,0.0,0.0,0.0,1.0,0.0,0.0,0.0,0.0,0.0,0.0,0.0,0.0,0.0,0.0,0.0,0.0,0.0,0.0,0.0,0.0,0.0,0.0,2015,10,0.1686046511627907
-0.7421818013635609,-0.9825642511450112,-0.33119930508126044,0.3191489361702128,0.3684210526315789,0.0,0.0,0.0,0.0,1.0,0.0,0.0,0.0,0.0,0.0,0.0,0.0,0.0,0.0,0.0,0.0,0.0,0.0,0.0,0.0,0.0,0.0,0.0,2015,11,0.3055959302325581
1.8301729413329164,1.9550965421068824,2.0360041491311174,0.5106382978723404,0.0,0.0,0.0,0.0,0.0,0.0,0.0,1.0,0.0,0.0,0.0,0.0,0.0,0.0,0.0,0.0,0.0,0.0,0.0,0.0,0.0,0.0,0.0,0.0,2015,9,0.09156976744186046
-0.18960189367320657,0.3682351314663507,0.14621987896157196,0.425531914893617,0.0,0.0,0.0,0.0,0.0,0.0,0.0,1.0,0.0,0.0,0.0,0.0,0.0,0.0,0.0,0.0,0.0,0.0,0.0,0.0,0.0,0.0,0.0,0.0,2015,10,0.14171511627906977
-0.6850183626369726,-0.8907623513558897,-0.4107691690883992,0.5531914893617021,0.3157894736842105,0.0,0.0,0.0,0.0,0.0,0.0,1.0,0.0,0.0,0.0,0.0,0.0,0.0,0.0,0.0,0.0,0.0,0.0,0.0,0.0,0.0,0.0,0.0,2015,11,0.25654069767441856
1.6586826251531515,1.8239509709795658,1.7575096251061315,0.3829787234042553,0.0,0.0,0.0,0.0,0.0,0.0,0.0,0.0,1.0,0.0,0.0,0.0,0.0,0.0,0.0,0.0,0.0,0.0,0.0,0.0,0.0,0.0,0.0,0.0,2015,9,0.13045058139534882
-0.5516370056082662,0.04037120364805889,-0.8285109551258775,0.2765957446808511,0.0,0.0,0.0,0.0,0.0,0.0,0.0,0.0,1.0,0.0,0.0,0.0,0.0,0.0,0.0,0.0,0.0,0.0,0.0,0.0,0.0,0.0,0.0,0.0,2015,10,0.039607558139534885
-0.9517810766943852,-1.1792826078359864,-0.9279732851348009,0.425531914893617,0.631578947368421,0.0,0.0,0.0,0.0,0.0,0.0,0.0,1.0,0.0,0.0,0.0,0.0,0.0,0.0,0.0,0.0,0.0,0.0,0.0,0.0,0.0,0.0,0.0,2015,11,0.33175872093023256
1.5443557476999745,1.902638313655956,1.5386924990865,0.48936170212765956,0.0,0.0,0.0,0.0,0.0,0.0,0.0,0.0,0.0,0.0,0.0,0.0,0.0,0.0,0.0,0.0,0.0,0.0,0.0,0.0,0.0,0.0,1.0,0.0,2015,9,0.1413517441860465
-0.5706914851837959,0.2502041174517658,-0.7688335571205235,0.4680851063829788,0.0,0.0,0.0,0.0,0.0,0.0,0.0,0.0,0.0,0.0,0.0,0.0,0.0,0.0,0.0,0.0,0.0,0.0,0.0,0.0,0.0,0.0,1.0,0.0,2015,10,0.09774709302325581
-0.8946176379677968,-1.2710845076251083,-0.8484034211276621,0.5957446808510638,0.2631578947368421,0.0,0.0,0.0,0.0,0.0,0.0,0.0,0.0,0.0,0.0,0.0,0.0,0.0,0.0,0.0,0.0,0.0,0.0,0.0,0.0,0.0,1.0,0.0,2015,11,0.21184593023255813
1.5253012681244453,1.9813256563323463,1.3994452370740071,0.2553191489361702,0.0,0.0,0.0,0.0,0.0,0.0,0.0,0.0,0.0,0.0,0.0,0.0,0.0,0.0,0.0,0.0,0.0,0.0,0.0,0.0,0.0,0.0,0.0,1.0,2015,9,0.21693313953488372
-0.5135280464572075,0.3026623459026923,-0.8881883531312317,0.2340425531914894,0.0,0.0,0.0,0.0,0.0,0.0,0.0,0.0,0.0,0.0,0.0,0.0,0.0,0.0,0.0,0.0,0.0,0.0,0.0,0.0,0.0,0.0,0.0,1.0,2015,10,0.1413517441860465
-0.8565086788167378,-0.7333876660031095,-0.7091561591151695,0.2765957446808511,0.3684210526315789,0.0,0.0,0.0,0.0,0.0,0.0,0.0,0.0,0.0,0.0,0.0,0.0,0.0,0.0,0.0,0.0,0.0,0.0,0.0,0.0,0.0,0.0,1.0,2015,11,0.21329941860465118
1.315701992793621,1.2600250151321044,1.280090441063299,0.2765957446808511,0.0,0.0,0.0,1.0,0.0,0.0,0.0,0.0,0.0,0.0,0.0,0.0,0.0,0.0,0.0,0.0,0.0,0.0,0.0,0.0,0.0,0.0,0.0,0.0,2016,9,0.008866279069767441
-0.41825564857956016,0.7092136163973742,-0.03281231505449017,0.4680851063829788,0.0,0.0,0.0,1.0,0.0,0.0,0.0,0.0,0.0,0.0,0.0,0.0,0.0,0.0,0.0,0.0,0.0,0.0,0.0,0.0,0.0,0.0,0.0,0.0,2016,10,0.17056686046511627
-1.4090885865070921,-0.6940439946649146,-1.8231342552151117,0.574468085106383,0.0,0.0,0.0,1.0,0.0,0.0,0.0,0.0,0.0,0.0,0.0,0.0,0.0,0.0,0.0,0.0,0.0,0.0,0.0,0.0,0.0,0.0,0.0,0.0,2016,11,0.22441860465116278
1.3538109519446802,1.155108558230251,1.160735645052591,0.10638297872340426,0.0,0.0,0.0,0.0,0.0,1.0,0.0,0.0,0.0,0.0,0.0,0.0,0.0,0.0,0.0,0.0,0.0,0.0,0.0,0.0,0.0,0.0,0.0,0.0,2016,9,0.02507267441860465
-0.36109220985297164,0.5518389310445944,-0.09248971305984419,0.40425531914893614,0.0,0.0,0.0,0.0,0.0,1.0,0.0,0.0,0.0,0.0,0.0,0.0,0.0,0.0,0.0,0.0,0.0,0.0,0.0,0.0,0.0,0.0,0.0,0.0,2016,10,0.17296511627906977
1.4871923089733865,1.0633066584411293,1.8370794891132702,0.425531914893617,0.0,0.0,0.0,0.0,0.0,0.0,0.0,1.0,0.0,0.0,0.0,0.0,0.0,0.0,0.0,0.0,0.0,0.0,0.0,0.0,0.0,0.0,0.0,0.0,2016,9,0.01998546511627907
-0.3420377302774422,0.6174117166082527,0.22578974296871074,0.4680851063829788,0.15789473684210525,0.0,0.0,0.0,0.0,0.0,0.0,1.0,0.0,0.0,0.0,0.0,0.0,0.0,0.0,0.0,0.0,0.0,0.0,0.0,0.0,0.0,0.0,0.0,2016,10,0.3746366279069767
-1.3519251477805039,-0.9169914655813529,-1.2064678091597865,0.6808510638297873,0.7368421052631579,0.0,0.0,0.0,0.0,0.0,0.0,1.0,0.0,0.0,0.0,0.0,0.0,0.0,0.0,0.0,0.0,0.0,0.0,0.0,0.0,0.0,0.0,0.0,2016,11,0.17732558139534882
1.029884799160679,1.181337672455714,1.0413808490418828,0.2765957446808511,0.0,0.0,0.0,0.0,0.0,0.0,0.0,0.0,1.0,0.0,0.0,0.0,0.0,0.0,0.0,0.0,0.0,0.0,0.0,0.0,0.0,0.0,0.0,0.0,2016,9,0.011264534883720931
-0.4373101281550896,0.4469224741427409,0.20589727696692603,0.4468085106382979,0.05263157894736842,0.0,0.0,0.0,0.0,0.0,0.0,0.0,1.0,0.0,0.0,0.0,0.0,0.0,0.0,0.0,0.0,0.0,0.0,0.0,0.0,0.0,0.0,0.0,2016,10,0.3059593023255814
-1.561524423111328,-0.9169914655813529,-1.3855000031758489,0.574468085106383,0.3157894736842105,0.0,0.0,0.0,0.0,0.0,0.0,0.0,1.0,0.0,0.0,0.0,0.0,0.0,0.0,0.0,0.0,0.0,0.0,0.0,0.0,0.0,0.0,0.0,2016,11,0.17332848837209303
1.4109743906712684,1.2600250151321044,1.359660305070438,0.40425531914893614,0.0,0.0,0.0,0.0,0.0,0.0,0.0,0.0,0.0,0.0,0.0,1.0,0.0,0.0,0.0,0.0,0.0,0.0,0.0,0.0,0.0,0.0,0.0,0.0,2016,9,0.007994186046511628
-0.3039287711263833,0.5256098168191307,0.10643494695800265,0.5106382978723404,0.0,0.0,0.0,0.0,0.0,0.0,0.0,0.0,0.0,0.0,0.0,1.0,0.0,0.0,0.0,0.0,0.0,0.0,0.0,0.0,0.0,0.0,0.0,0.0,2016,10,0.2707122093023256
-1.3138161886294448,-0.5628984235375977,-1.3457150711722792,0.6595744680851064,0.42105263157894735,0.0,0.0,0.0,0.0,0.0,0.0,0.0,0.0,0.0,0.0,1.0,0.0,0.0,0.0,0.0,0.0,0.0,0.0,0.0,0.0,0.0,0.0,0.0,2016,11,0.1587936046511628
1.029884799160679,1.023962987102934,0.7827787910186819,0.2765957446808511,0.0,0.0,0.0,0.0,0.0,0.0,0.0,0.0,0.0,0.0,0.0,0.0,1.0,0.0,0.0,0.0,0.0,0.0,0.0,0.0,0.0,0.0,0.0,0.0,2016,9,0.024382267441860464
-0.3992011690040306,0.5518389310445944,-0.291414373077691,0.5106382978723404,0.0,0.0,0.0,0.0,0.0,0.0,0.0,0.0,0.0,0.0,0.0,0.0,1.0,0.0,0.0,0.0,0.0,0.0,0.0,0.0,0.0,0.0,0.0,0.0,2016,10,0.4320857558139535
-1.5043609843847394,-0.9825642511450112,-2.2607685072543746,0.7021276595744681,0.0,0.0,0.0,0.0,0.0,0.0,0.0,0.0,0.0,0.0,0.0,0.0,1.0,0.0,0.0,0.0,0.0,0.0,0.0,0.0,0.0,0.0,0.0,0.0,2016,11,0.1136264534883721
1.2966475132180917,1.207566786681178,1.0811657810454522,0.2553191489361702,0.0,0.0,0.0,0.0,0.0,0.0,1.0,0.0,0.0,0.0,0.0,0.0,0.0,0.0,0.0,0.0,0.0,0.0,0.0,0.0,0.0,0.0,0.0,0.0,2016,9,0.023292151162790698
-0.3992011690040306,0.591182602382789,0.10643494695800265,0.4468085106382979,0.0,0.0,0.0,0.0,0.0,0.0,1.0,0.0,0.0,0.0,0.0,0.0,0.0,0.0,0.0,0.0,0.0,0.0,0.0,0.0,0.0,0.0,0.0,0.0,2016,10,0.3667151162790698
-1.3900341069315627,-1.402230078752425,-1.3258226051704947,0.5106382978723404,0.0,0.0,0.0,0.0,0.0,0.0,1.0,0.0,0.0,0.0,0.0,0.0,0.0,0.0,0.0,0.0,0.0,0.0,0.0,0.0,0.0,0.0,0.0,0.0,2016,11,0.288844476744186
1.182320635764915,1.181337672455714,1.2601979750615144,0.17021276595744683,0.0,0.0,0.0,0.0,0.0,0.0,0.0,0.0,0.0,0.0,0.0,0.0,0.0,1.0,0.0,0.0,0.0,0.0,0.0,0.0,0.0,0.0,0.0,0.0,2016,9,0.07565406976744186
-0.45636460773061893,0.47315158836820415,-0.09248971305984419,0.425531914893617,0.0,0.0,0.0,0.0,0.0,0.0,0.0,0.0,0.0,0.0,0.0,0.0,0.0,1.0,0.0,0.0,0.0,0.0,0.0,0.0,0.0,0.0,0.0,0.0,2016,10,0.39000726744186043
-1.4471975456581512,-1.3235427360760346,-2.5193705652775757,0.4468085106382979,0.0,0.0,0.0,0.0,0.0,0.0,0.0,0.0,0.0,0.0,0.0,0.0,0.0,1.0,0.0,0.0,0.0,0.0,0.0,0.0,0.0,0.0,0.0,0.0,2016,11,0.16329941860465116
1.0679937583117383,1.155108558230251,0.7827787910186819,0.3191489361702128,0.0,0.0,0.0,0.0,0.0,0.0,0.0,0.0,0.0,0.0,0.0,0.0,0.0,0.0,1.0,0.0,0.0,0.0,0.0,0.0,0.0,0.0,0.0,0.0,2016,9,0.05163517441860466
-0.4373101281550896,0.47315158836820415,-0.1123821790616289,0.5531914893617021,0.0,0.0,0.0,0.0,0.0,0.0,0.0,0.0,0.0,0.0,0.0,0.0,0.0,0.0,1.0,0.0,0.0,0.0,0.0,0.0,0.0,0.0,0.0,0.0,2016,10,0.35432412790697676
-1.3900341069315627,-1.3628864074142297,-2.121521245241882,0.5957446808510638,0.0,0.0,0.0,0.0,0.0,0.0,0.0,0.0,0.0,0.0,0.0,0.0,0.0,0.0,1.0,0.0,0.0,0.0,0.0,0.0,0.0,0.0,0.0,0.0,2016,11,0.20821220930232556
1.0489392787362088,1.194452229568446,0.9618109850347442,0.2765957446808511,0.0,0.0,0.0,0.0,0.0,0.0,0.0,0.0,0.0,0.0,0.0,0.0,0.0,0.0,0.0,0.0,0.0,1.0,0.0,0.0,0.0,0.0,0.0,0.0,2016,9,0.03197674418604651
-0.36109220985297164,0.6698699450591792,-0.05270478105627487,0.48936170212765956,0.0,0.0,0.0,0.0,0.0,0.0,0.0,0.0,0.0,0.0,0.0,0.0,0.0,0.0,0.0,0.0,0.0,1.0,0.0,0.0,0.0,0.0,0.0,0.0,2016,10,0.3140625
-1.5043609843847394,-0.9169914655813529,-2.380123303265083,0.5531914893617021,0.0,0.0,0.0,0.0,0.0,0.0,0.0,0.0,0.0,0.0,0.0,0.0,0.0,0.0,0.0,0.0,0.0,1.0,0.0,0.0,0.0,0.0,0.0,0.0,2016,11,0.17176598837209303
1.029884799160679,1.0501921013283975,1.3198753730668682,0.2765957446808511,0.0,0.0,0.0,0.0,0.0,0.0,0.0,0.0,0.0,0.0,0.0,0.0,0.0,0.0,0.0,0.0,0.0,0.0,1.0,0.0,0.0,0.0,0.0,0.0,2016,9,0.026271802325581396
-0.4373101281550896,0.5518389310445944,0.10643494695800265,0.2765957446808511,0.0,0.0,0.0,0.0,0.0,0.0,0.0,0.0,0.0,0.0,0.0,0.0,0.0,0.0,0.0,0.0,0.0,0.0,1.0,0.0,0.0,0.0,0.0,0.0,2016,10,0.24240552325581394
-1.5805789026868573,-0.8120750086794997,-1.7833493232115425,0.4680851063829788,0.0,0.0,0.0,0.0,0.0,0.0,0.0,0.0,0.0,0.0,0.0,0.0,0.0,0.0,0.0,0.0,0.0,0.0,1.0,0.0,0.0,0.0,0.0,0.0,2016,11,0.224890988372093
0.820285523829855,0.8797028588628861,1.021488383040098,0.4468085106382979,0.0,0.0,0.0,0.0,0.0,0.0,0.0,0.0,0.0,0.0,0.0,0.0,0.0,0.0,0.0,0.0,0.0,0.0,0.0,1.0,0.0,0.0,0.0,0.0,2016,9,0.02638081395348837
-0.5325825260327369,0.3026623459026923,-0.4107691690883992,0.5319148936170213,0.0,0.0,0.0,0.0,0.0,0.0,0.0,0.0,0.0,0.0,0.0,0.0,0.0,0.0,0.0,0.0,0.0,0.0,0.0,1.0,0.0,0.0,0.0,0.0,2016,10,0.23481104651162793
-1.7139602597155634,-1.2448553933996447,-2.0618438472365277,0.7021276595744681,0.0,0.0,0.0,0.0,0.0,0.0,0.0,0.0,0.0,0.0,0.0,0.0,0.0,0.0,0.0,0.0,0.0,0.0,0.0,1.0,0.0,0.0,0.0,0.0,2016,11,0.10973837209302326
0.8774489625564436,0.997733872877471,1.021488383040098,0.48936170212765956,0.0,0.0,0.0,0.0,0.0,0.0,0.0,0.0,0.0,0.0,0.0,0.0,0.0,0.0,0.0,0.0,0.0,0.0,0.0,0.0,0.0,1.0,0.0,0.0,2016,9,0.012354651162790697
-0.5325825260327369,0.39446424569181393,-0.7688335571205235,0.7446808510638298,0.05263157894736842,0.0,0.0,0.0,0.0,0.0,0.0,0.0,0.0,0.0,0.0,0.0,0.0,0.0,0.0,0.0,0.0,0.0,0.0,0.0,0.0,1.0,0.0,0.0,2016,10,0.2456395348837209
-1.637742341413446,-0.9301060226940846,-2.101628779240097,0.9574468085106383,0.3684210526315789,0.0,0.0,0.0,0.0,0.0,0.0,0.0,0.0,0.0,0.0,0.0,0.0,0.0,0.0,0.0,0.0,0.0,0.0,0.0,0.0,1.0,0.0,0.0,2016,11,0.24491279069767444
1.0679937583117383,1.076421215553861,1.1806281110543755,0.4468085106382979,0.0,0.0,0.0,0.0,0.0,0.0,0.0,0.0,0.0,0.0,0.0,0.0,0.0,0.0,0.0,0.0,0.0,0.0,0.0,0.0,0.0,0.0,1.0,0.0,2016,9,0.03161337209302325
-0.41825564857956016,0.49938070259366735,-0.19195204306876762,0.5531914893617021,0.3684210526315789,0.0,0.0,0.0,0.0,0.0,0.0,0.0,0.0,0.0,0.0,0.0,0.0,0.0,0.0,0.0,0.0,0.0,0.0,0.0,0.0,0.0,1.0,0.0,2016,10,0.49273255813953487
-1.523415463960269,-1.2448553933996447,-2.499478099275791,0.7446808510638298,0.2631578947368421,0.0,0.0,0.0,0.0,0.0,0.0,0.0,0.0,0.0,0.0,0.0,0.0,0.0,0.0,0.0,0.0,0.0,0.0,0.0,0.0,0.0,1.0,0.0,2016,11,0.1609738372093023
1.1442116766138561,1.1419940011175196,0.8026712570204665,0.17021276595744683,0.0,0.0,0.0,0.0,0.0,0.0,0.0,0.0,0.0,0.0,0.0,0.0,0.0,0.0,0.0,0.0,0.0,0.0,0.0,0.0,0.0,0.0,0.0,1.0,2016,9,0.044331395348837205
-0.45636460773061893,0.6698699450591792,-0.01291984905270547,0.2978723404255319,0.0,0.0,0.0,0.0,0.0,0.0,0.0,0.0,0.0,0.0,0.0,0.0,0.0,0.0,0.0,0.0,0.0,0.0,0.0,0.0,0.0,0.0,0.0,1.0,2016,10,0.6842659883720931
-1.4281430660826218,-1.231740836286913,-2.2806609732561594,0.36170212765957444,0.0,0.0,0.0,0.0,0.0,0.0,0.0,0.0,0.0,0.0,0.0,0.0,0.0,0.0,0.0,0.0,0.0,0.0,0.0,0.0,0.0,0.0,0.0,1.0,2016,11,0.15494186046511627
1.2585385540670329,1.3255978006957627,0.4048219369847728,0.34042553191489366,0.0,0.0,0.0,1.0,0.0,0.0,0.0,0.0,0.0,0.0,0.0,0.0,0.0,0.0,0.0,0.0,0.0,0.0,0.0,0.0,0.0,0.0,0.0,0.0,2017,9,0.16024709302325582
-0.056220536644500274,0.27643323167722905,-0.05270478105627487,0.5319148936170213,0.0,0.0,0.0,1.0,0.0,0.0,0.0,0.0,0.0,0.0,0.0,0.0,0.0,0.0,0.0,0.0,0.0,0.0,0.0,0.0,0.0,0.0,0.0,0.0,2017,10,0.1517078488372093
-0.9708355562699145,-1.3235427360760346,-0.6494787611098153,0.3829787234042553,0.0,0.0,0.0,1.0,0.0,0.0,0.0,0.0,0.0,0.0,0.0,0.0,0.0,0.0,0.0,0.0,0.0,0.0,0.0,0.0,0.0,0.0,0.0,0.0,2017,11,0.1410610465116279
1.315701992793621,1.181337672455714,0.643531529006189,0.34042553191489366,0.0,0.0,0.0,0.0,0.0,1.0,0.0,0.0,0.0,0.0,0.0,0.0,0.0,0.0,0.0,0.0,0.0,0.0,0.0,0.0,0.0,0.0,0.0,0.0,2017,9,0.18531976744186046
-0.01811157749344148,0.10594398921171724,-0.01291984905270547,0.36170212765957444,0.0,0.0,0.0,0.0,0.0,1.0,0.0,0.0,0.0,0.0,0.0,0.0,0.0,0.0,0.0,0.0,0.0,0.0,0.0,0.0,0.0,0.0,0.0,0.0,2017,10,0.20603197674418605
-0.8946176379677968,-1.2973136218505714,-0.6892636931133848,0.36170212765957444,0.05263157894736842,0.0,0.0,0.0,0.0,1.0,0.0,0.0,0.0,0.0,0.0,0.0,0.0,0.0,0.0,0.0,0.0,0.0,0.0,0.0,0.0,0.0,0.0,0.0,2017,11,0.1693313953488372
1.5443557476999745,1.2600250151321044,1.3198753730668682,0.4680851063829788,0.0,0.0,0.0,0.0,0.0,0.0,0.0,1.0,0.0,0.0,0.0,0.0,0.0,0.0,0.0,0.0,0.0,0.0,0.0,0.0,0.0,0.0,0.0,0.0,2017,9,0.1569767441860465
0.019997381657617653,0.06660031787352214,0.20589727696692603,0.574468085106383,0.0,0.0,0.0,0.0,0.0,0.0,0.0,1.0,0.0,0.0,0.0,0.0,0.0,0.0,0.0,0.0,0.0,0.0,0.0,0.0,0.0,0.0,0.0,0.0,2017,10,0.27906976744186046
-0.9517810766943852,-1.310428178963303,-0.3113068390794758,0.48936170212765956,0.15789473684210525,0.0,0.0,0.0,0.0,0.0,0.0,1.0,0.0,0.0,0.0,0.0,0.0,0.0,0.0,0.0,0.0,0.0,0.0,0.0,0.0,0.0,0.0,0.0,2017,11,0.16824127906976744
1.391919911095739,1.076421215553861,0.643531529006189,0.48936170212765956,0.0,0.0,0.0,0.0,0.0,0.0,0.0,0.0,1.0,0.0,0.0,0.0,0.0,0.0,0.0,0.0,0.0,0.0,0.0,0.0,0.0,0.0,0.0,0.0,2017,9,0.1413517441860465
-0.20865637324873595,-0.06454525325379457,-0.35109177108304507,0.4468085106382979,0.05263157894736842,0.0,0.0,0.0,0.0,0.0,0.0,0.0,1.0,0.0,0.0,0.0,0.0,0.0,0.0,0.0,0.0,0.0,0.0,0.0,0.0,0.0,0.0,0.0,2017,10,0.27834302325581395
-1.1423258724496796,-1.4415737500906198,-0.6096938291062461,0.4680851063829788,0.10526315789473684,0.0,0.0,0.0,0.0,0.0,0.0,0.0,1.0,0.0,0.0,0.0,0.0,0.0,0.0,0.0,0.0,0.0,0.0,0.0,0.0,0.0,0.0,0.0,2017,11,0.1529796511627907
1.6586826251531515,1.4305142575976162,0.524176732995481,0.48936170212765956,0.0,0.0,0.0,0.0,0.0,0.0,0.0,0.0,0.0,0.0,0.0,1.0,0.0,0.0,0.0,0.0,0.0,0.0,0.0,0.0,0.0,0.0,0.0,0.0,2017,9,0.04614825581395349
0.058106340808676445,0.014142089422595646,0.2655746749722801,0.6170212765957447,0.0,0.0,0.0,0.0,0.0,0.0,0.0,0.0,0.0,0.0,0.0,1.0,0.0,0.0,0.0,0.0,0.0,0.0,0.0,0.0,0.0,0.0,0.0,0.0,2017,10,0.2696220930232558
-0.9136721175433261,-1.2841990647378398,-0.5301239650991073,0.48936170212765956,0.05263157894736842,0.0,0.0,0.0,0.0,0.0,0.0,0.0,0.0,0.0,0.0,1.0,0.0,0.0,0.0,0.0,0.0,0.0,0.0,0.0,0.0,0.0,0.0,0.0,2017,11,0.1875
1.315701992793621,1.1288794440047876,0.2854671409740648,0.40425531914893614,0.0,0.0,0.0,0.0,0.0,0.0,0.0,0.0,0.0,0.0,0.0,0.0,1.0,0.0,0.0,0.0,0.0,0.0,0.0,0.0,0.0,0.0,0.0,0.0,2017,9,0.12903343023255814
-0.17054741409767699,0.0010275323098637883,-0.33119930508126044,0.40425531914893614,0.0,0.0,0.0,0.0,0.0,0.0,0.0,0.0,0.0,0.0,0.0,0.0,1.0,0.0,0.0,0.0,0.0,0.0,0.0,0.0,0.0,0.0,0.0,0.0,2017,10,0.33528343023255813
-1.0470534745720323,-1.3497718503014982,-0.35109177108304507,0.5106382978723404,0.0,0.0,0.0,0.0,0.0,0.0,0.0,0.0,0.0,0.0,0.0,0.0,1.0,0.0,0.0,0.0,0.0,0.0,0.0,0.0,0.0,0.0,0.0,0.0,2017,11,0.16082848837209301
1.2394840744915034,1.0633066584411293,0.6037465970026198,0.40425531914893614,0.0,0.0,0.0,0.0,0.0,0.0,1.0,0.0,0.0,0.0,0.0,0.0,0.0,0.0,0.0,0.0,0.0,0.0,0.0,0.0,0.0,0.0,0.0,0.0,2017,9,0.23343023255813952
-0.01811157749344148,0.1584022176626442,0.7231013930133279,0.4680851063829788,0.0,0.0,0.0,0.0,0.0,0.0,1.0,0.0,0.0,0.0,0.0,0.0,0.0,0.0,0.0,0.0,0.0,0.0,0.0,0.0,0.0,0.0,0.0,0.0,2017,10,0.28430232558139534
-0.9136721175433261,-1.113709822272328,-0.19195204306876762,0.3829787234042553,0.0,0.0,0.0,0.0,0.0,0.0,1.0,0.0,0.0,0.0,0.0,0.0,0.0,0.0,0.0,0.0,0.0,0.0,0.0,0.0,0.0,0.0,0.0,0.0,2017,11,0.21566133720930233
1.2394840744915034,0.9321610873138126,0.8225637230222513,0.3191489361702128,0.0,0.0,0.0,0.0,0.0,0.0,0.0,0.0,0.0,0.0,0.0,0.0,0.0,1.0,0.0,0.0,0.0,0.0,0.0,0.0,0.0,0.0,0.0,0.0,2017,9,0.054396802325581396
-0.11338397537108863,0.23708956033903394,0.20589727696692603,0.34042553191489366,0.0,0.0,0.0,0.0,0.0,0.0,0.0,0.0,0.0,0.0,0.0,0.0,0.0,1.0,0.0,0.0,0.0,0.0,0.0,0.0,0.0,0.0,0.0,0.0,2017,10,0.2396802325581395
-1.0089445154209735,-1.3235427360760346,-0.6295862951080307,0.2553191489361702,0.0,0.0,0.0,0.0,0.0,0.0,0.0,0.0,0.0,0.0,0.0,0.0,0.0,1.0,0.0,0.0,0.0,0.0,0.0,0.0,0.0,0.0,0.0,0.0,2017,11,0.20973837209302326
1.1442116766138561,0.8797028588628861,0.32525207297763414,0.5319148936170213,0.0,0.0,0.0,0.0,0.0,0.0,0.0,0.0,0.0,0.0,0.0,0.0,0.0,0.0,1.0,0.0,0.0,0.0,0.0,0.0,0.0,0.0,0.0,0.0,2017,9,0.24066133720930233
-0.09432949579555923,0.19774588900083884,0.3650370049812035,0.6170212765957447,0.0,0.0,0.0,0.0,0.0,0.0,0.0,0.0,0.0,0.0,0.0,0.0,0.0,0.0,1.0,0.0,0.0,0.0,0.0,0.0,0.0,0.0,0.0,0.0,2017,10,0.3528343023255814
-0.9327265971188555,-1.1005952651595963,-0.7688335571205235,0.4468085106382979,0.0,0.0,0.0,0.0,0.0,0.0,0.0,0.0,0.0,0.0,0.0,0.0,0.0,0.0,1.0,0.0,0.0,0.0,0.0,0.0,0.0,0.0,0.0,0.0,2017,11,0.25628633720930233
1.4871923089733865,1.194452229568446,0.6634239950079738,0.48936170212765956,0.0,0.0,0.0,0.0,0.0,0.0,0.0,0.0,0.0,0.0,0.0,0.0,0.0,0.0,0.0,0.0,0.0,1.0,0.0,0.0,0.0,0.0,0.0,0.0,2017,9,0.07281976744186046
-0.13243845494661818,-0.05143069614106271,-0.21184450907055233,0.48936170212765956,0.0,0.0,0.0,0.0,0.0,0.0,0.0,0.0,0.0,0.0,0.0,0.0,0.0,0.0,0.0,0.0,0.0,1.0,0.0,0.0,0.0,0.0,0.0,0.0,2017,10,0.311046511627907
-1.0661079541475618,-1.2841990647378398,-0.4903390330955379,0.4680851063829788,0.0,0.0,0.0,0.0,0.0,0.0,0.0,0.0,0.0,0.0,0.0,0.0,0.0,0.0,0.0,0.0,0.0,1.0,0.0,0.0,0.0,0.0,0.0,0.0,2017,11,0.17314680232558138
1.4109743906712684,1.233795900906641,0.6037465970026198,0.2978723404255319,0.0,0.0,0.0,0.0,0.0,0.0,0.0,0.0,0.0,0.0,0.0,0.0,0.0,0.0,0.0,0.0,0.0,0.0,1.0,0.0,0.0,0.0,0.0,0.0,2017,9,0.11856831395348838
-0.20865637324873595,-0.07765981036652596,-0.07259724705805957,0.40425531914893614,0.0,0.0,0.0,0.0,0.0,0.0,0.0,0.0,0.0,0.0,0.0,0.0,0.0,0.0,0.0,0.0,0.0,0.0,1.0,0.0,0.0,0.0,0.0,0.0,2017,10,0.25228924418604654
-1.161380352025209,-1.5071465356542781,-0.43066163509018385,0.2978723404255319,0.0,0.0,0.0,0.0,0.0,0.0,0.0,0.0,0.0,0.0,0.0,0.0,0.0,0.0,0.0,0.0,0.0,0.0,1.0,0.0,0.0,0.0,0.0,0.0,2017,11,0.17579941860465118
1.182320635764915,0.984619315764739,0.5042842669936963,0.48936170212765956,0.0,0.0,0.0,0.0,0.0,0.0,0.0,0.0,0.0,0.0,0.0,0.0,0.0,0.0,0.0,0.0,0.0,0.0,0.0,1.0,0.0,0.0,0.0,0.0,2017,9,0.23125
-0.36109220985297164,-0.19569082438111127,-0.5301239650991073,0.5957446808510638,0.0,0.0,0.0,0.0,0.0,0.0,0.0,0.0,0.0,0.0,0.0,0.0,0.0,0.0,0.0,0.0,0.0,0.0,0.0,1.0,0.0,0.0,0.0,0.0,2017,10,0.39436773255813956
-1.1804348316007387,-1.2841990647378398,-0.47044656709375327,0.574468085106383,0.0,0.0,0.0,0.0,0.0,0.0,0.0,0.0,0.0,0.0,0.0,0.0,0.0,0.0,0.0,0.0,0.0,0.0,0.0,1.0,0.0,0.0,0.0,0.0,2017,11,0.18393895348837208
1.3538109519446802,1.1419940011175196,0.5440691989972657,0.7872340425531915,0.0,0.0,0.0,0.0,0.0,0.0,0.0,0.0,0.0,0.0,0.0,0.0,0.0,0.0,0.0,0.0,0.0,0.0,0.0,0.0,0.0,1.0,0.0,0.0,2017,9,0.06940406976744186
-0.24676533239979492,-0.3399509526211594,-0.35109177108304507,0.8085106382978723,0.0,0.0,0.0,0.0,0.0,0.0,0.0,0.0,0.0,0.0,0.0,0.0,0.0,0.0,0.0,0.0,0.0,0.0,0.0,0.0,0.0,1.0,0.0,0.0,2017,10,0.2023982558139535
-1.2375982703273272,-1.3235427360760346,-0.9478657511365854,0.7446808510638298,0.03684210526315789,0.0,0.0,0.0,0.0,0.0,0.0,0.0,0.0,0.0,0.0,0.0,0.0,0.0,0.0,0.0,0.0,0.0,0.0,0.0,0.0,1.0,0.0,0.0,2017,11,0.1275436046511628
1.2775930336425623,1.1288794440047876,0.524176732995481,0.574468085106383,0.0,0.0,0.0,0.0,0.0,0.0,0.0,0.0,0.0,0.0,0.0,0.0,0.0,0.0,0.0,0.0,0.0,0.0,0.0,0.0,0.0,0.0,1.0,0.0,2017,9,0.14607558139534885
-0.18960189367320657,0.1584022176626442,-0.09248971305984419,0.6595744680851064,0.03684210526315789,0.0,0.0,0.0,0.0,0.0,0.0,0.0,0.0,0.0,0.0,0.0,0.0,0.0,0.0,0.0,0.0,0.0,0.0,0.0,0.0,0.0,1.0,0.0,2017,10,0.3684593023255814
-1.0661079541475618,-1.3760009645269613,-0.6096938291062461,0.48936170212765956,0.3684210526315789,0.0,0.0,0.0,0.0,0.0,0.0,0.0,0.0,0.0,0.0,0.0,0.0,0.0,0.0,0.0,0.0,0.0,0.0,0.0,0.0,0.0,1.0,0.0,2017,11,0.17550872093023254
1.2966475132180917,1.1682231153429827,0.4644993349901269,0.2553191489361702,0.0,0.0,0.0,0.0,0.0,0.0,0.0,0.0,0.0,0.0,0.0,0.0,0.0,0.0,0.0,0.0,0.0,0.0,0.0,0.0,0.0,0.0,0.0,1.0,2017,9,0.07678052325581394
-0.1514929345221476,0.2633186745644972,-0.291414373077691,0.2978723404255319,0.0,0.0,0.0,0.0,0.0,0.0,0.0,0.0,0.0,0.0,0.0,0.0,0.0,0.0,0.0,0.0,0.0,0.0,0.0,0.0,0.0,0.0,0.0,1.0,2017,10,0.24018895348837208
-1.0470534745720323,-1.389115521639693,-0.5699088971026767,0.2978723404255319,0.0,0.0,0.0,0.0,0.0,0.0,0.0,0.0,0.0,0.0,0.0,0.0,0.0,0.0,0.0,0.0,0.0,0.0,0.0,0.0,0.0,0.0,0.0,1.0,2017,11,0.18862645348837206
1.4109743906712684,1.391170586259421,0.7231013930133279,0.34042553191489366,0.0,0.0,0.0,1.0,0.0,0.0,0.0,0.0,0.0,0.0,0.0,0.0,0.0,0.0,0.0,0.0,0.0,0.0,0.0,0.0,0.0,0.0,0.0,0.0,2018,9,0.24927325581395346
0.2486511365639711,0.39446424569181393,0.6833164610097585,0.34042553191489366,0.0,0.0,0.0,1.0,0.0,0.0,0.0,0.0,0.0,0.0,0.0,0.0,0.0,0.0,0.0,0.0,0.0,0.0,0.0,0.0,0.0,0.0,0.0,0.0,2018,10,0.1028343023255814
1.4490833498223274,1.233795900906641,0.8225637230222513,0.2127659574468085,0.0,0.0,0.0,0.0,0.0,1.0,0.0,0.0,0.0,0.0,0.0,0.0,0.0,0.0,0.0,0.0,0.0,0.0,0.0,0.0,0.0,0.0,0.0,0.0,2018,9,0.18968023255813954
0.2867600957150302,0.21086044611357072,0.7032089270115431,0.2340425531914894,0.0,0.0,0.0,0.0,0.0,1.0,0.0,0.0,0.0,0.0,0.0,0.0,0.0,0.0,0.0,0.0,0.0,0.0,0.0,0.0,0.0,0.0,0.0,0.0,2018,10,0.12281976744186045
-1.3900341069315627,-1.2055117220614497,-2.4795856332740063,0.34042553191489366,0.2631578947368421,0.0,0.0,0.0,0.0,1.0,0.0,0.0,0.0,0.0,0.0,0.0,0.0,0.0,0.0,0.0,0.0,0.0,0.0,0.0,0.0,0.0,0.0,0.0,2018,11,0.08975290697674418
1.71584606387974,1.4436288147103475,1.2999829070650837,0.48936170212765956,0.0,0.0,0.0,0.0,0.0,0.0,0.0,1.0,0.0,0.0,0.0,0.0,0.0,0.0,0.0,0.0,0.0,0.0,0.0,0.0,0.0,0.0,0.0,0.0,2018,9,0.21765988372093023
0.4582504118947951,0.3420060172408874,1.1209507130490215,0.40425531914893614,0.0,0.0,0.0,0.0,0.0,0.0,0.0,1.0,0.0,0.0,0.0,0.0,0.0,0.0,0.0,0.0,0.0,0.0,0.0,0.0,0.0,0.0,0.0,0.0,2018,10,0.0625
-1.5424699435357987,-1.1661680507232548,-1.683886993202619,0.4680851063829788,0.3157894736842105,0.0,0.0,0.0,0.0,0.0,0.0,1.0,0.0,0.0,0.0,0.0,0.0,0.0,0.0,0.0,0.0,0.0,0.0,0.0,0.0,0.0,0.0,0.0,2018,11,0.06649709302325582
1.6205736660020926,1.5485452716122015,0.7628863250168972,0.36170212765957444,0.0,0.0,0.0,0.0,0.0,0.0,0.0,0.0,1.0,0.0,0.0,0.0,0.0,0.0,0.0,0.0,0.0,0.0,0.0,0.0,0.0,0.0,0.0,0.0,2018,9,0.11446220930232558
0.15337873868632376,0.3813496885790825,0.4048219369847728,0.3191489361702128,0.0,0.0,0.0,0.0,0.0,0.0,0.0,0.0,1.0,0.0,0.0,0.0,0.0,0.0,0.0,0.0,0.0,0.0,0.0,0.0,0.0,0.0,0.0,0.0,2018,10,0.09883720930232558
-1.7139602597155634,-1.2579699505123763,-1.9225965852240352,0.425531914893617,0.21052631578947367,0.0,0.0,0.0,0.0,0.0,0.0,0.0,1.0,0.0,0.0,0.0,0.0,0.0,0.0,0.0,0.0,0.0,0.0,0.0,0.0,0.0,0.0,0.0,2018,11,0.014534883720930232
1.5824647068510338,1.4960870431612745,1.0015959170383133,0.40425531914893614,0.0,0.0,0.0,0.0,0.0,0.0,0.0,0.0,0.0,0.0,0.0,1.0,0.0,0.0,0.0,0.0,0.0,0.0,0.0,0.0,0.0,0.0,0.0,0.0,2018,9,0.30886627906976744
0.4201414527437363,0.3682351314663507,0.9618109850347442,0.425531914893617,0.0,0.0,0.0,0.0,0.0,0.0,0.0,0.0,0.0,0.0,0.0,1.0,0.0,0.0,0.0,0.0,0.0,0.0,0.0,0.0,0.0,0.0,0.0,0.0,2018,10,0.1028343023255814
-1.561524423111328,-1.153053493610523,-2.300553439257944,0.4468085106382979,0.42105263157894735,0.0,0.0,0.0,0.0,0.0,0.0,0.0,0.0,0.0,0.0,1.0,0.0,0.0,0.0,0.0,0.0,0.0,0.0,0.0,0.0,0.0,0.0,0.0,2018,11,0.08030523255813954
1.5062467885489157,1.4698579289358114,0.6634239950079738,0.40425531914893614,0.0,0.0,0.0,0.0,0.0,0.0,0.0,0.0,0.0,0.0,0.0,0.0,1.0,0.0,0.0,0.0,0.0,0.0,0.0,0.0,0.0,0.0,0.0,0.0,2018,9,0.11555232558139535
0.13432425911079438,0.4469224741427409,0.32525207297763414,0.34042553191489366,0.0,0.0,0.0,0.0,0.0,0.0,0.0,0.0,0.0,0.0,0.0,0.0,1.0,0.0,0.0,0.0,0.0,0.0,0.0,0.0,0.0,0.0,0.0,0.0,2018,10,0.051962209302325583
-1.7520692188666227,-1.1005952651595963,-2.081736313238313,0.4680851063829788,0.2631578947368421,0.0,0.0,0.0,0.0,0.0,0.0,0.0,0.0,0.0,0.0,0.0,1.0,0.0,0.0,0.0,0.0,0.0,0.0,0.0,0.0,0.0,0.0,0.0,2018,11,0.025436046511627907
1.4109743906712684,1.207566786681178,0.6037465970026198,0.2340425531914894,0.0,0.0,0.0,0.0,0.0,0.0,1.0,0.0,0.0,0.0,0.0,0.0,0.0,0.0,0.0,0.0,0.0,0.0,0.0,0.0,0.0,0.0,0.0,0.0,2018,9,0.15079941860465115
0.3058145752905596,0.4469224741427409,0.6833164610097585,0.2765957446808511,0.0,0.0,0.0,0.0,0.0,0.0,1.0,0.0,0.0,0.0,0.0,0.0,0.0,0.0,0.0,0.0,0.0,0.0,0.0,0.0,0.0,0.0,0.0,0.0,2018,10,0.09265988372093023
-1.275707229478386,-1.0087933653704748,-1.8231342552151117,0.34042553191489366,0.0,0.0,0.0,0.0,0.0,0.0,1.0,0.0,0.0,0.0,0.0,0.0,0.0,0.0,0.0,0.0,0.0,0.0,0.0,0.0,0.0,0.0,0.0,0.0,2018,11,0.045058139534883725
1.3728654315202096,1.181337672455714,0.90213358702939,0.2340425531914894,0.0,0.0,0.0,0.0,0.0,0.0,0.0,0.0,0.0,0.0,0.0,0.0,0.0,1.0,0.0,0.0,0.0,0.0,0.0,0.0,0.0,0.0,0.0,0.0,2018,9,0.10247093023255814
0.17243321826185315,0.3682351314663507,0.5639616649990503,0.2765957446808511,0.0,0.0,0.0,0.0,0.0,0.0,0.0,0.0,0.0,0.0,0.0,0.0,0.0,1.0,0.0,0.0,0.0,0.0,0.0,0.0,0.0,0.0,0.0,0.0,2018,10,0.11518895348837209
-1.4471975456581512,-1.1661680507232548,-2.0220589152329587,0.2978723404255319,0.05263157894736842,0.0,0.0,0.0,0.0,0.0,0.0,0.0,0.0,0.0,0.0,0.0,0.0,1.0,0.0,0.0,0.0,0.0,0.0,0.0,0.0,0.0,0.0,0.0,2018,11,0.048328488372093026
1.2966475132180917,1.181337672455714,0.006972616949079231,0.425531914893617,0.0,0.0,0.0,0.0,0.0,0.0,0.0,0.0,0.0,0.0,0.0,0.0,0.0,0.0,1.0,0.0,0.0,0.0,0.0,0.0,0.0,0.0,0.0,0.0,2018,9,0.1380813953488372
0.15337873868632376,0.42069335991727763,-0.07259724705805957,0.425531914893617,0.0,0.0,0.0,0.0,0.0,0.0,0.0,0.0,0.0,0.0,0.0,0.0,0.0,0.0,1.0,0.0,0.0,0.0,0.0,0.0,0.0,0.0,0.0,0.0,2018,10,0.1126453488372093
-1.3328706682049745,-1.0087933653704748,-2.2607685072543746,0.425531914893617,0.0,0.0,0.0,0.0,0.0,0.0,0.0,0.0,0.0,0.0,0.0,0.0,0.0,0.0,1.0,0.0,0.0,0.0,0.0,0.0,0.0,0.0,0.0,0.0,2018,11,0.06758720930232559
1.5253012681244453,1.4829724860485427,0.9419185190329593,0.3829787234042553,0.0,0.0,0.0,0.0,0.0,0.0,0.0,0.0,0.0,0.0,0.0,0.0,0.0,0.0,0.0,0.0,0.0,1.0,0.0,0.0,0.0,0.0,0.0,0.0,2018,9,0.1587936046511628
0.21054217741291228,0.46003703125547224,0.3650370049812035,0.3191489361702128,0.0,0.0,0.0,0.0,0.0,0.0,0.0,0.0,0.0,0.0,0.0,0.0,0.0,0.0,0.0,0.0,0.0,1.0,0.0,0.0,0.0,0.0,0.0,0.0,2018,10,0.09156976744186046
-1.694905780140034,-1.0612515938214013,-1.9027041192222505,0.425531914893617,0.5263157894736842,0.0,0.0,0.0,0.0,0.0,0.0,0.0,0.0,0.0,0.0,0.0,0.0,0.0,0.0,0.0,0.0,1.0,0.0,0.0,0.0,0.0,0.0,0.0,2018,11,0.056686046511627904
1.5443557476999745,1.5485452716122015,1.1010582470472368,0.34042553191489366,0.0,0.0,0.0,0.0,0.0,0.0,0.0,0.0,0.0,0.0,0.0,0.0,0.0,0.0,0.0,0.0,0.0,0.0,1.0,0.0,0.0,0.0,0.0,0.0,2018,9,0.10901162790697674
0.2677056161395005,0.5518389310445944,0.2456822089704954,0.3191489361702128,0.0,0.0,0.0,0.0,0.0,0.0,0.0,0.0,0.0,0.0,0.0,0.0,0.0,0.0,0.0,0.0,0.0,0.0,1.0,0.0,0.0,0.0,0.0,0.0,2018,10,0.10792151162790697
-1.694905780140034,-1.1268243793850596,-2.002166449231174,0.2553191489361702,0.05263157894736842,0.0,0.0,0.0,0.0,0.0,0.0,0.0,0.0,0.0,0.0,0.0,0.0,0.0,0.0,0.0,0.0,0.0,1.0,0.0,0.0,0.0,0.0,0.0,2018,11,0.010901162790697675
1.5062467885489157,1.391170586259421,0.583854131000835,0.5106382978723404,0.0,0.0,0.0,0.0,0.0,0.0,0.0,0.0,0.0,0.0,0.0,0.0,0.0,0.0,0.0,0.0,0.0,0.0,0.0,1.0,0.0,0.0,0.0,0.0,2018,9,0.09265988372093023
-0.07527501622002966,0.4075788028045458,-0.05270478105627487,0.40425531914893614,0.0,0.0,0.0,0.0,0.0,0.0,0.0,0.0,0.0,0.0,0.0,0.0,0.0,0.0,0.0,0.0,0.0,0.0,0.0,1.0,0.0,0.0,0.0,0.0,2018,10,0.0872093023255814
1.5824647068510338,1.6665762856267863,0.7429938590151125,0.7021276595744681,0.0,0.0,0.0,0.0,0.0,0.0,0.0,0.0,0.0,0.0,0.0,0.0,0.0,0.0,0.0,0.0,0.0,0.0,0.0,0.0,0.0,1.0,0.0,0.0,2018,9,0.09593023255813952
0.1914876978373829,0.3682351314663507,0.3451445389794188,0.6170212765957447,0.0,0.0,0.0,0.0,0.0,0.0,0.0,0.0,0.0,0.0,0.0,0.0,0.0,0.0,0.0,0.0,0.0,0.0,0.0,0.0,0.0,1.0,0.0,0.0,2018,10,0.10864825581395349
-1.8092326575932107,-1.1005952651595963,-2.1414137112436666,0.6808510638297873,0.05263157894736842,0.0,0.0,0.0,0.0,0.0,0.0,0.0,0.0,0.0,0.0,0.0,0.0,0.0,0.0,0.0,0.0,0.0,0.0,0.0,0.0,1.0,0.0,0.0,2018,11,0.008357558139534883
1.5253012681244453,1.312483243583031,0.6634239950079738,0.5319148936170213,0.0,0.0,0.0,0.0,0.0,0.0,0.0,0.0,0.0,0.0,0.0,0.0,0.0,0.0,0.0,0.0,0.0,0.0,0.0,0.0,0.0,0.0,1.0,0.0,2018,9,0.11518895348837209
0.07716082038420584,0.4075788028045458,0.10643494695800265,0.40425531914893614,0.0,0.0,0.0,0.0,0.0,0.0,0.0,0.0,0.0,0.0,0.0,0.0,0.0,0.0,0.0,0.0,0.0,0.0,0.0,0.0,0.0,0.0,1.0,0.0,2018,10,0.041787790697674417
-1.7139602597155634,-1.0743661509341331,-2.320445905259729,0.4680851063829788,0.21052631578947367,0.0,0.0,0.0,0.0,0.0,0.0,0.0,0.0,0.0,0.0,0.0,0.0,0.0,0.0,0.0,0.0,0.0,0.0,0.0,0.0,0.0,1.0,0.0,2018,11,0.02870639534883721
1.4490833498223274,1.2206813437939092,0.3650370049812035,0.2340425531914894,0.0,0.0,0.0,0.0,0.0,0.0,0.0,0.0,0.0,0.0,0.0,0.0,0.0,0.0,0.0,0.0,0.0,0.0,0.0,0.0,0.0,0.0,0.0,1.0,2018,9,0.13699127906976746
0.15337873868632376,0.43380791703000904,0.32525207297763414,0.2127659574468085,0.0,0.0,0.0,0.0,0.0,0.0,0.0,0.0,0.0,0.0,0.0,0.0,0.0,0.0,0.0,0.0,0.0,0.0,0.0,0.0,0.0,0.0,0.0,1.0,2018,10,0.056686046511627904
-1.561524423111328,-0.9301060226940846,-2.1613061772454514,0.2553191489361702,0.15789473684210525,0.0,0.0,0.0,0.0,0.0,0.0,0.0,0.0,0.0,0.0,0.0,0.0,0.0,0.0,0.0,0.0,0.0,0.0,0.0,0.0,0.0,0.0,1.0,2018,11,0.021075581395348836
1.3538109519446802,1.3649414720339579,0.6634239950079738,0.40425531914893614,0.0,0.0,0.0,1.0,0.0,0.0,0.0,0.0,0.0,0.0,0.0,0.0,0.0,0.0,0.0,0.0,0.0,0.0,0.0,0.0,0.0,0.0,0.0,0.0,2019,9,0.01380813953488372
0.4010869731682069,0.49938070259366735,-0.35109177108304507,0.34042553191489366,0.0,0.0,0.0,1.0,0.0,0.0,0.0,0.0,0.0,0.0,0.0,0.0,0.0,0.0,0.0,0.0,0.0,0.0,0.0,0.0,0.0,0.0,0.0,0.0,2019,10,0.03706395348837209
-0.6469094034859136,-0.16946171015564757,-1.3855000031758489,0.574468085106383,0.05263157894736842,0.0,0.0,1.0,0.0,0.0,0.0,0.0,0.0,0.0,0.0,0.0,0.0,0.0,0.0,0.0,0.0,0.0,0.0,0.0,0.0,0.0,0.0,0.0,2019,11,0.07630813953488372
1.315701992793621,1.3780560291466892,0.3650370049812035,0.2553191489361702,0.0,0.0,0.0,0.0,0.0,1.0,0.0,0.0,0.0,0.0,0.0,0.0,0.0,0.0,0.0,0.0,0.0,0.0,0.0,0.0,0.0,0.0,0.0,0.0,2019,9,0.09484011627906977
0.4582504118947951,0.4469224741427409,-0.01291984905270547,0.17021276595744683,0.0,0.0,0.0,0.0,0.0,1.0,0.0,0.0,0.0,0.0,0.0,0.0,0.0,0.0,0.0,0.0,0.0,0.0,0.0,0.0,0.0,0.0,0.0,0.0,2019,10,0.06795058139534883
-0.5706914851837959,-0.3530655097338912,-1.186575343158002,0.4680851063829788,0.05263157894736842,0.0,0.0,0.0,0.0,1.0,0.0,0.0,0.0,0.0,0.0,0.0,0.0,0.0,0.0,0.0,0.0,0.0,0.0,0.0,0.0,0.0,0.0,0.0,2019,11,0.06577034883720931
1.4490833498223274,1.3518269149212259,1.1806281110543755,0.48936170212765956,0.0,0.0,0.0,0.0,0.0,0.0,0.0,1.0,0.0,0.0,0.0,0.0,0.0,0.0,0.0,0.0,0.0,0.0,0.0,0.0,0.0,0.0,0.0,0.0,2019,9,0.08175872093023255
0.5344683301969131,0.47315158836820415,0.16611234496335667,0.4468085106382979,0.0,0.0,0.0,0.0,0.0,0.0,0.0,1.0,0.0,0.0,0.0,0.0,0.0,0.0,0.0,0.0,0.0,0.0,0.0,0.0,0.0,0.0,0.0,0.0,2019,10,0.04941860465116279
-0.7040728422125021,-0.22191993860657452,-1.3656075371740637,0.5106382978723404,0.0,0.0,0.0,0.0,0.0,0.0,0.0,1.0,0.0,0.0,0.0,0.0,0.0,0.0,0.0,0.0,0.0,0.0,0.0,0.0,0.0,0.0,0.0,0.0,2019,11,0.10356104651162791
1.182320635764915,1.1682231153429827,0.38492947098298824,0.3191489361702128,0.0,0.0,0.0,0.0,0.0,0.0,0.0,0.0,1.0,0.0,0.0,0.0,0.0,0.0,0.0,0.0,0.0,0.0,0.0,0.0,0.0,0.0,0.0,0.0,2019,9,0.11300872093023256
0.3439235344416184,0.486266145480936,-0.8484034211276621,0.36170212765957444,0.0,0.0,0.0,0.0,0.0,0.0,0.0,0.0,1.0,0.0,0.0,0.0,0.0,0.0,0.0,0.0,0.0,0.0,0.0,0.0,0.0,0.0,0.0,0.0,2019,10,0.03343023255813953
-0.8946176379677968,-0.6415857662139879,-1.3457150711722792,0.5957446808510638,0.0,0.0,0.0,0.0,0.0,0.0,0.0,0.0,1.0,0.0,0.0,0.0,0.0,0.0,0.0,0.0,0.0,0.0,0.0,0.0,0.0,0.0,0.0,0.0,2019,11,0.15479651162790697
1.430028870246798,1.5354307144994697,0.30535960697584946,0.48936170212765956,0.0,0.0,0.0,0.0,0.0,0.0,0.0,0.0,0.0,0.0,0.0,1.0,0.0,0.0,0.0,0.0,0.0,0.0,0.0,0.0,0.0,0.0,0.0,0.0,2019,9,0.0436046511627907
0.5154138506213837,0.5387243739318625,-0.4903390330955379,0.5106382978723404,0.0,0.0,0.0,0.0,0.0,0.0,0.0,0.0,0.0,0.0,0.0,1.0,0.0,0.0,0.0,0.0,0.0,0.0,0.0,0.0,0.0,0.0,0.0,0.0,2019,10,0.025436046511627907
-0.6659638830614432,0.014142089422595646,-1.3855000031758489,0.574468085106383,0.0,0.0,0.0,0.0,0.0,0.0,0.0,0.0,0.0,0.0,0.0,1.0,0.0,0.0,0.0,0.0,0.0,0.0,0.0,0.0,0.0,0.0,0.0,0.0,2019,11,0.06286337209302326
1.182320635764915,1.312483243583031,-0.05270478105627487,0.425531914893617,0.0,0.0,0.0,0.0,0.0,0.0,0.0,0.0,0.0,0.0,0.0,0.0,1.0,0.0,0.0,0.0,0.0,0.0,0.0,0.0,0.0,0.0,0.0,0.0,2019,9,0.01380813953488372
0.3439235344416184,0.5124952597063992,-0.8086184891240928,0.4468085106382979,0.0,0.0,0.0,0.0,0.0,0.0,0.0,0.0,0.0,0.0,0.0,0.0,1.0,0.0,0.0,0.0,0.0,0.0,0.0,0.0,0.0,0.0,0.0,0.0,2019,10,0.022529069767441862
-0.8374541992412082,-0.3399509526211594,-1.2462527411633557,0.6808510638297873,0.0,0.0,0.0,0.0,0.0,0.0,0.0,0.0,0.0,0.0,0.0,0.0,1.0,0.0,0.0,0.0,0.0,0.0,0.0,0.0,0.0,0.0,0.0,0.0,2019,11,0.10065406976744186
1.2966475132180917,1.3518269149212259,0.7032089270115431,0.3191489361702128,0.0,0.0,0.0,0.0,0.0,0.0,1.0,0.0,0.0,0.0,0.0,0.0,0.0,0.0,0.0,0.0,0.0,0.0,0.0,0.0,0.0,0.0,0.0,0.0,2019,9,0.029796511627906974
0.38203249359267755,0.486266145480936,0.06665001495443325,0.2765957446808511,0.0,0.0,0.0,0.0,0.0,0.0,1.0,0.0,0.0,0.0,0.0,0.0,0.0,0.0,0.0,0.0,0.0,0.0,0.0,0.0,0.0,0.0,0.0,0.0,2019,10,0.03888081395348837
-0.5516370056082662,-0.431752852410281,-0.8086184891240928,0.4680851063829788,0.05263157894736842,0.0,0.0,0.0,0.0,0.0,1.0,0.0,0.0,0.0,0.0,0.0,0.0,0.0,0.0,0.0,0.0,0.0,0.0,0.0,0.0,0.0,0.0,0.0,2019,11,0.07122093023255814
1.2013751153404444,1.1026503297793244,0.5042842669936963,0.2553191489361702,0.0,0.0,0.0,0.0,0.0,0.0,0.0,0.0,0.0,0.0,0.0,0.0,0.0,1.0,0.0,0.0,0.0,0.0,0.0,0.0,0.0,0.0,0.0,0.0,2019,9,0.029069767441860465
0.3058145752905596,0.5256098168191307,-0.03281231505449017,0.2127659574468085,0.0,0.0,0.0,0.0,0.0,0.0,0.0,0.0,0.0,0.0,0.0,0.0,0.0,1.0,0.0,0.0,0.0,0.0,0.0,0.0,0.0,0.0,0.0,0.0,2019,10,0.029433139534883718
-0.6850183626369726,-0.4186382952975496,-1.2263602751615712,0.40425531914893614,0.05263157894736842,0.0,0.0,0.0,0.0,0.0,0.0,0.0,0.0,0.0,0.0,0.0,0.0,1.0,0.0,0.0,0.0,0.0,0.0,0.0,0.0,0.0,0.0,0.0,2019,11,0.06831395348837209
1.0679937583117383,1.194452229568446,0.18600481096514138,0.425531914893617,0.0,0.0,0.0,0.0,0.0,0.0,0.0,0.0,0.0,0.0,0.0,0.0,0.0,0.0,1.0,0.0,0.0,0.0,0.0,0.0,0.0,0.0,0.0,0.0,2019,9,0.054142441860465115
0.3058145752905596,0.47315158836820415,-0.3113068390794758,0.40425531914893614,0.0,0.0,0.0,0.0,0.0,0.0,0.0,0.0,0.0,0.0,0.0,0.0,0.0,0.0,1.0,0.0,0.0,0.0,0.0,0.0,0.0,0.0,0.0,0.0,2019,10,0.04941860465116279
-0.5706914851837959,-0.4710965237484761,-1.0672205471472935,0.6595744680851064,0.0,0.0,0.0,0.0,0.0,0.0,0.0,0.0,0.0,0.0,0.0,0.0,0.0,0.0,1.0,0.0,0.0,0.0,0.0,0.0,0.0,0.0,0.0,0.0,2019,11,0.08648255813953488
1.2966475132180917,1.3255978006957627,0.22578974296871074,0.36170212765957444,0.0,0.0,0.0,0.0,0.0,0.0,0.0,0.0,0.0,0.0,0.0,0.0,0.0,0.0,0.0,0.0,0.0,1.0,0.0,0.0,0.0,0.0,0.0,0.0,2019,9,0.016351744186046513
0.3439235344416184,0.591182602382789,-0.7091561591151695,0.36170212765957444,0.0,0.0,0.0,0.0,0.0,0.0,0.0,0.0,0.0,0.0,0.0,0.0,0.0,0.0,0.0,0.0,0.0,1.0,0.0,0.0,0.0,0.0,0.0,0.0,2019,10,0.041787790697674417
-0.7993452400901494,-0.40552373818481774,-1.3258226051704947,0.574468085106383,0.0,0.0,0.0,0.0,0.0,0.0,0.0,0.0,0.0,0.0,0.0,0.0,0.0,0.0,0.0,0.0,0.0,1.0,0.0,0.0,0.0,0.0,0.0,0.0,2019,11,0.11627906976744186
1.3347564723691507,1.3387123578084945,0.5042842669936963,0.34042553191489366,0.0,0.0,0.0,0.0,0.0,0.0,0.0,0.0,0.0,0.0,0.0,0.0,0.0,0.0,0.0,0.0,0.0,0.0,1.0,0.0,0.0,0.0,0.0,0.0,2019,9,0.06831395348837209
0.3439235344416184,0.5124952597063992,-0.6096938291062461,0.3191489361702128,0.0,0.0,0.0,0.0,0.0,0.0,0.0,0.0,0.0,0.0,0.0,0.0,0.0,0.0,0.0,0.0,0.0,0.0,1.0,0.0,0.0,0.0,0.0,0.0,2019,10,0.0625
-0.9327265971188555,-0.6284712091012563,-1.5048547991865568,0.36170212765957444,0.0,0.0,0.0,0.0,0.0,0.0,0.0,0.0,0.0,0.0,0.0,0.0,0.0,0.0,0.0,0.0,0.0,0.0,1.0,0.0,0.0,0.0,0.0,0.0,2019,11,0.14207848837209303
1.029884799160679,1.194452229568446,-0.01291984905270547,0.4680851063829788,0.0,0.0,0.0,0.0,0.0,0.0,0.0,0.0,0.0,0.0,0.0,0.0,0.0,0.0,0.0,0.0,0.0,0.0,0.0,1.0,0.0,0.0,0.0,0.0,2019,9,0.12063953488372094
0.2295966569884417,0.46003703125547224,-0.9279732851348009,0.574468085106383,0.05263157894736842,0.0,0.0,0.0,0.0,0.0,0.0,0.0,0.0,0.0,0.0,0.0,0.0,0.0,0.0,0.0,0.0,0.0,0.0,1.0,0.0,0.0,0.0,0.0,2019,10,0.03742732558139535
-0.9708355562699145,-0.7596167802285729,-1.3855000031758489,0.6382978723404256,0.0,0.0,0.0,0.0,0.0,0.0,0.0,0.0,0.0,0.0,0.0,0.0,0.0,0.0,0.0,0.0,0.0,0.0,0.0,1.0,0.0,0.0,0.0,0.0,2019,11,0.11228197674418604
1.2013751153404444,1.2993686864702996,0.18600481096514138,0.574468085106383,0.0,0.0,0.0,0.0,0.0,0.0,0.0,0.0,0.0,0.0,0.0,0.0,0.0,0.0,0.0,0.0,0.0,0.0,0.0,0.0,0.0,1.0,0.0,0.0,2019,9,0.15188953488372092
0.2486511365639711,0.43380791703000904,-0.8285109551258775,0.6382978723404256,0.0,0.0,0.0,0.0,0.0,0.0,0.0,0.0,0.0,0.0,0.0,0.0,0.0,0.0,0.0,0.0,0.0,0.0,0.0,0.0,0.0,1.0,0.0,0.0,2019,10,0.11337209302325581
-1.027998994996503,-0.7465022231158414,-1.4053924691776334,1.0,0.0,0.0,0.0,0.0,0.0,0.0,0.0,0.0,0.0,0.0,0.0,0.0,0.0,0.0,0.0,0.0,0.0,0.0,0.0,0.0,0.0,1.0,0.0,0.0,2019,11,0.1446220930232558
1.0489392787362088,1.194452229568446,0.14621987896157196,0.48936170212765956,0.0,0.0,0.0,0.0,0.0,0.0,0.0,0.0,0.0,0.0,0.0,0.0,0.0,0.0,0.0,0.0,0.0,0.0,0.0,0.0,0.0,0.0,1.0,0.0,2019,9,0.140625
0.2486511365639711,0.5518389310445944,-0.7688335571205235,0.4468085106382979,0.0,0.0,0.0,0.0,0.0,0.0,0.0,0.0,0.0,0.0,0.0,0.0,0.0,0.0,0.0,0.0,0.0,0.0,0.0,0.0,0.0,0.0,1.0,0.0,2019,10,0.07921511627906977
-0.8565086788167378,-0.6284712091012563,-1.2462527411633557,0.5319148936170213,0.0,0.0,0.0,0.0,0.0,0.0,0.0,0.0,0.0,0.0,0.0,0.0,0.0,0.0,0.0,0.0,0.0,0.0,0.0,0.0,0.0,0.0,1.0,0.0,2019,11,0.12899709302325582
1.182320635764915,1.2993686864702996,0.006972616949079231,0.2553191489361702,0.0,0.0,0.0,0.0,0.0,0.0,0.0,0.0,0.0,0.0,0.0,0.0,0.0,0.0,0.0,0.0,0.0,0.0,0.0,0.0,0.0,0.0,0.0,1.0,2019,9,0.05268895348837209
0.2677056161395005,0.630526273720984,-0.43066163509018385,0.2340425531914894,0.05263157894736842,0.0,0.0,0.0,0.0,0.0,0.0,0.0,0.0,0.0,0.0,0.0,0.0,0.0,0.0,0.0,0.0,0.0,0.0,0.0,0.0,0.0,0.0,1.0,2019,10,0.09774709302325581
-0.7421818013635609,-0.44486740952301285,-1.1268979451526477,0.3829787234042553,0.05263157894736842,0.0,0.0,0.0,0.0,0.0,0.0,0.0,0.0,0.0,0.0,0.0,0.0,0.0,0.0,0.0,0.0,0.0,0.0,0.0,0.0,0.0,0.0,1.0,2019,11,0.10210755813953488
1.6586826251531515,1.705919956964981,1.3994452370740071,0.3191489361702128,0.0,0.0,0.0,1.0,0.0,0.0,0.0,0.0,0.0,0.0,0.0,0.0,0.0,0.0,0.0,0.0,0.0,0.0,0.0,0.0,0.0,0.0,0.0,0.0,2020,9,0.12354651162790697
0.7631220851032668,0.14528766054991235,1.2204130430579447,0.34042553191489366,0.0,0.0,0.0,1.0,0.0,0.0,0.0,0.0,0.0,0.0,0.0,0.0,0.0,0.0,0.0,0.0,0.0,0.0,0.0,0.0,0.0,0.0,0.0,0.0,2020,10,0.29396802325581395
-0.8946176379677968,-1.389115521639693,-0.3113068390794758,0.36170212765957444,0.0,0.0,0.0,1.0,0.0,0.0,0.0,0.0,0.0,0.0,0.0,0.0,0.0,0.0,0.0,0.0,0.0,0.0,0.0,0.0,0.0,0.0,0.0,0.0,2020,11,0.09375
1.6586826251531515,1.4305142575976162,1.5983698970918538,0.19148936170212766,0.0,0.0,0.0,0.0,0.0,1.0,0.0,0.0,0.0,0.0,0.0,0.0,0.0,0.0,0.0,0.0,0.0,0.0,0.0,0.0,0.0,0.0,0.0,0.0,2020,9,0.1867732558139535
0.7821765646787963,0.10594398921171724,1.2403055090597297,0.2553191489361702,0.0,0.0,0.0,0.0,0.0,1.0,0.0,0.0,0.0,0.0,0.0,0.0,0.0,0.0,0.0,0.0,0.0,0.0,0.0,0.0,0.0,0.0,0.0,0.0,2020,10,0.296875
-0.7802907605146199,-1.3628864074142297,0.026865082950863844,0.2765957446808511,0.0,0.0,0.0,0.0,0.0,1.0,0.0,0.0,0.0,0.0,0.0,0.0,0.0,0.0,0.0,0.0,0.0,0.0,0.0,0.0,0.0,0.0,0.0,0.0,2020,11,0.08938953488372094
1.9254453392105637,1.8239509709795658,1.976326751125763,0.34042553191489366,0.0,0.0,0.0,0.0,0.0,0.0,0.0,1.0,0.0,0.0,0.0,0.0,0.0,0.0,0.0,0.0,0.0,0.0,0.0,0.0,0.0,0.0,0.0,0.0,2020,9,0.11627906976744186
0.8012310442543256,0.10594398921171724,1.1408431790508062,0.2765957446808511,0.0,0.0,0.0,0.0,0.0,0.0,0.0,1.0,0.0,0.0,0.0,0.0,0.0,0.0,0.0,0.0,0.0,0.0,0.0,0.0,0.0,0.0,0.0,0.0,2020,10,0.3706395348837209
-0.8565086788167378,-1.2186262791741815,-0.05270478105627487,0.36170212765957444,0.15789473684210525,0.0,0.0,0.0,0.0,0.0,0.0,1.0,0.0,0.0,0.0,0.0,0.0,0.0,0.0,0.0,0.0,0.0,0.0,0.0,0.0,0.0,0.0,0.0,2020,11,0.10465116279069768
1.6586826251531515,1.7190345140777128,1.1010582470472368,0.3829787234042553,0.0,0.0,0.0,0.0,0.0,0.0,0.0,0.0,1.0,0.0,0.0,0.0,0.0,0.0,0.0,0.0,0.0,0.0,0.0,0.0,0.0,0.0,0.0,0.0,2020,9,0.078125
0.7059586463766783,0.2895477887899609,0.524176732995481,0.40425531914893614,0.0,0.0,0.0,0.0,0.0,0.0,0.0,0.0,1.0,0.0,0.0,0.0,0.0,0.0,0.0,0.0,0.0,0.0,0.0,0.0,0.0,0.0,0.0,0.0,2020,10,0.07521802325581395
-1.0089445154209735,-1.0612515938214013,-0.2516294410741216,0.40425531914893614,0.21052631578947367,0.0,0.0,0.0,0.0,0.0,0.0,0.0,1.0,0.0,0.0,0.0,0.0,0.0,0.0,0.0,0.0,0.0,0.0,0.0,0.0,0.0,0.0,0.0,2020,11,0.23001453488372092
1.9444998187860933,1.8632946423177614,1.280090441063299,0.4468085106382979,0.0,0.0,0.0,0.0,0.0,0.0,0.0,0.0,0.0,0.0,0.0,1.0,0.0,0.0,0.0,0.0,0.0,0.0,0.0,0.0,0.0,0.0,0.0,0.0,2020,9,0.07739825581395349
0.9346124012830317,0.31577690301542416,1.1209507130490215,0.48936170212765956,0.0,0.0,0.0,0.0,0.0,0.0,0.0,0.0,0.0,0.0,0.0,1.0,0.0,0.0,0.0,0.0,0.0,0.0,0.0,0.0,0.0,0.0,0.0,0.0,2020,10,0.13953488372093023
-0.8565086788167378,-1.2841990647378398,0.046757548952648546,0.4468085106382979,0.15789473684210525,0.0,0.0,0.0,0.0,0.0,0.0,0.0,0.0,0.0,0.0,1.0,0.0,0.0,0.0,0.0,0.0,0.0,0.0,0.0,0.0,0.0,0.0,0.0,2020,11,0.09992732558139535
1.5824647068510338,1.705919956964981,1.0612733150436675,0.425531914893617,0.0,0.0,0.0,0.0,0.0,0.0,0.0,0.0,0.0,0.0,0.0,0.0,1.0,0.0,0.0,0.0,0.0,0.0,0.0,0.0,0.0,0.0,0.0,0.0,2020,9,0.06795058139534883
0.7250131259522077,0.21086044611357072,0.48439180099191165,0.4468085106382979,0.0,0.0,0.0,0.0,0.0,0.0,0.0,0.0,0.0,0.0,0.0,0.0,1.0,0.0,0.0,0.0,0.0,0.0,0.0,0.0,0.0,0.0,0.0,0.0,2020,10,0.1322674418604651
-0.9517810766943852,-0.9825642511450112,-0.4505541010919685,0.48936170212765956,0.42105263157894735,0.0,0.0,0.0,0.0,0.0,0.0,0.0,0.0,0.0,0.0,0.0,1.0,0.0,0.0,0.0,0.0,0.0,0.0,0.0,0.0,0.0,0.0,0.0,2020,11,0.14498546511627905
1.5443557476999745,1.0895357726665926,1.3994452370740071,0.2765957446808511,0.0,0.0,0.0,0.0,0.0,0.0,1.0,0.0,0.0,0.0,0.0,0.0,0.0,0.0,0.0,0.0,0.0,0.0,0.0,0.0,0.0,0.0,0.0,0.0,2020,9,0.18059593023255816
0.7250131259522077,0.23708956033903394,1.1010582470472368,0.2978723404255319,0.0,0.0,0.0,0.0,0.0,0.0,1.0,0.0,0.0,0.0,0.0,0.0,0.0,0.0,0.0,0.0,0.0,0.0,0.0,0.0,0.0,0.0,0.0,0.0,2020,10,0.31213662790697677
-0.7612362809390905,-1.0743661509341331,-0.05270478105627487,0.34042553191489366,0.0,0.0,0.0,0.0,0.0,0.0,1.0,0.0,0.0,0.0,0.0,0.0,0.0,0.0,0.0,0.0,0.0,0.0,0.0,0.0,0.0,0.0,0.0,0.0,2020,11,0.05777616279069767
1.4871923089733865,1.4960870431612745,1.3198753730668682,0.2978723404255319,0.0,0.0,0.0,0.0,0.0,0.0,0.0,0.0,0.0,0.0,0.0,0.0,0.0,1.0,0.0,0.0,0.0,0.0,0.0,0.0,0.0,0.0,0.0,0.0,2020,9,0.12972383720930233
0.6297407280745604,0.11905854632444911,0.90213358702939,0.2765957446808511,0.0,0.0,0.0,0.0,0.0,0.0,0.0,0.0,0.0,0.0,0.0,0.0,0.0,1.0,0.0,0.0,0.0,0.0,0.0,0.0,0.0,0.0,0.0,0.0,2020,10,0.2808866279069767
-0.8183997196656788,-1.2186262791741815,0.16611234496335667,0.2978723404255319,0.10526315789473684,0.0,0.0,0.0,0.0,0.0,0.0,0.0,0.0,0.0,0.0,0.0,0.0,1.0,0.0,0.0,0.0,0.0,0.0,0.0,0.0,0.0,0.0,0.0,2020,11,0.047238372093023256
1.3538109519446802,1.0108484299902027,0.9618109850347442,0.4468085106382979,0.0,0.0,0.0,0.0,0.0,0.0,0.0,0.0,0.0,0.0,0.0,0.0,0.0,0.0,1.0,0.0,0.0,0.0,0.0,0.0,0.0,0.0,0.0,0.0,2020,9,0.14716569767441862
0.6678496872256195,0.22397500322630257,0.7628863250168972,0.4468085106382979,0.0,0.0,0.0,0.0,0.0,0.0,0.0,0.0,0.0,0.0,0.0,0.0,0.0,0.0,1.0,0.0,0.0,0.0,0.0,0.0,0.0,0.0,0.0,0.0,2020,10,0.328125
-0.7802907605146199,-1.0481370367086695,-0.15216711106519829,0.48936170212765956,0.0,0.0,0.0,0.0,0.0,0.0,0.0,0.0,0.0,0.0,0.0,0.0,0.0,0.0,1.0,0.0,0.0,0.0,0.0,0.0,0.0,0.0,0.0,0.0,2020,11,0.05632267441860465
1.6586826251531515,1.7452636283031766,0.9419185190329593,0.3829787234042553,0.0,0.0,0.0,0.0,0.0,0.0,0.0,0.0,0.0,0.0,0.0,0.0,0.0,0.0,0.0,0.0,0.0,1.0,0.0,0.0,0.0,0.0,0.0,0.0,2020,9,0.0970203488372093
0.7631220851032668,0.27643323167722905,0.4247144029865576,0.425531914893617,0.0,0.0,0.0,0.0,0.0,0.0,0.0,0.0,0.0,0.0,0.0,0.0,0.0,0.0,0.0,0.0,0.0,1.0,0.0,0.0,0.0,0.0,0.0,0.0,2020,10,0.07703488372093023
-0.9708355562699145,-1.1792826078359864,-0.2516294410741216,0.425531914893617,0.21052631578947367,0.0,0.0,0.0,0.0,0.0,0.0,0.0,0.0,0.0,0.0,0.0,0.0,0.0,0.0,0.0,0.0,1.0,0.0,0.0,0.0,0.0,0.0,0.0,2020,11,0.126453488372093
1.6586826251531515,1.7714927425286393,1.1209507130490215,0.2978723404255319,0.0,0.0,0.0,0.0,0.0,0.0,0.0,0.0,0.0,0.0,0.0,0.0,0.0,0.0,0.0,0.0,0.0,0.0,1.0,0.0,0.0,0.0,0.0,0.0,2020,9,0.06795058139534883
0.6678496872256195,0.39446424569181393,0.4247144029865576,0.3191489361702128,0.0,0.0,0.0,0.0,0.0,0.0,0.0,0.0,0.0,0.0,0.0,0.0,0.0,0.0,0.0,0.0,0.0,0.0,1.0,0.0,0.0,0.0,0.0,0.0,2020,10,0.03706395348837209
-1.027998994996503,-0.9169914655813529,-0.231736975072337,0.2978723404255319,0.05263157894736842,0.0,0.0,0.0,0.0,0.0,0.0,0.0,0.0,0.0,0.0,0.0,0.0,0.0,0.0,0.0,0.0,0.0,1.0,0.0,0.0,0.0,0.0,0.0,2020,11,0.13299418604651164
1.4490833498223274,1.4436288147103475,0.6634239950079738,0.5106382978723404,0.0,0.0,0.0,0.0,0.0,0.0,0.0,0.0,0.0,0.0,0.0,0.0,0.0,0.0,0.0,0.0,0.0,0.0,0.0,1.0,0.0,0.0,0.0,0.0,2020,9,0.09811046511627906
0.5725772893479721,0.27643323167722905,0.48439180099191165,0.48936170212765956,0.0,0.0,0.0,0.0,0.0,0.0,0.0,0.0,0.0,0.0,0.0,0.0,0.0,0.0,0.0,0.0,0.0,0.0,0.0,1.0,0.0,0.0,0.0,0.0,2020,10,0.14607558139534885
-1.0661079541475618,-0.8514186800176946,-0.2715219070759064,0.5531914893617021,0.47368421052631576,0.0,0.0,0.0,0.0,0.0,0.0,0.0,0.0,0.0,0.0,0.0,0.0,0.0,0.0,0.0,0.0,0.0,0.0,1.0,0.0,0.0,0.0,0.0,2020,11,0.18241279069767444
1.6396281455776218,1.7583781854159075,0.9419185190329593,0.7446808510638298,0.0,0.0,0.0,0.0,0.0,0.0,0.0,0.0,0.0,0.0,0.0,0.0,0.0,0.0,0.0,0.0,0.0,0.0,0.0,0.0,0.0,1.0,0.0,0.0,2020,9,0.05959302325581395
0.5916317689235016,0.3026623459026923,0.2854671409740648,0.7659574468085106,0.0,0.0,0.0,0.0,0.0,0.0,0.0,0.0,0.0,0.0,0.0,0.0,0.0,0.0,0.0,0.0,0.0,0.0,0.0,0.0,0.0,1.0,0.0,0.0,2020,10,0.046875
-1.1042169132986208,-1.192397164948718,-0.5301239650991073,0.5957446808510638,0.3684210526315789,0.0,0.0,0.0,0.0,0.0,0.0,0.0,0.0,0.0,0.0,0.0,0.0,0.0,0.0,0.0,0.0,0.0,0.0,0.0,0.0,1.0,0.0,0.0,2020,11,0.21184593023255813
1.5062467885489157,1.4960870431612745,0.7429938590151125,0.4468085106382979,0.0,0.0,0.0,0.0,0.0,0.0,0.0,0.0,0.0,0.0,0.0,0.0,0.0,0.0,0.0,0.0,0.0,0.0,0.0,0.0,0.0,0.0,1.0,0.0,2020,9,0.1333575581395349
0.610686248499031,0.2502041174517658,0.44460686898834223,0.40425531914893614,0.0,0.0,0.0,0.0,0.0,0.0,0.0,0.0,0.0,0.0,0.0,0.0,0.0,0.0,0.0,0.0,0.0,0.0,0.0,0.0,0.0,0.0,1.0,0.0,2020,10,0.2369186046511628
-0.9136721175433261,-0.9169914655813529,-0.33119930508126044,0.5319148936170213,0.10526315789473684,0.0,0.0,0.0,0.0,0.0,0.0,0.0,0.0,0.0,0.0,0.0,0.0,0.0,0.0,0.0,0.0,0.0,0.0,0.0,0.0,0.0,1.0,0.0,2020,11,0.10174418604651163
1.5062467885489157,1.4567433718230793,1.2601979750615144,0.2127659574468085,0.0,0.0,0.0,0.0,0.0,0.0,0.0,0.0,0.0,0.0,0.0,0.0,0.0,0.0,0.0,0.0,0.0,0.0,0.0,0.0,0.0,0.0,0.0,1.0,2020,9,0.13662790697674418
0.610686248499031,-0.05143069614106271,0.3451445389794188,0.2340425531914894,0.0,0.0,0.0,0.0,0.0,0.0,0.0,0.0,0.0,0.0,0.0,0.0,0.0,0.0,0.0,0.0,0.0,0.0,0.0,0.0,0.0,0.0,0.0,1.0,2020,10,0.3473837209302325
-0.8946176379677968,-0.8645332371304262,-0.47044656709375327,0.2553191489361702,0.10526315789473684,0.0,0.0,0.0,0.0,0.0,0.0,0.0,0.0,0.0,0.0,0.0,0.0,0.0,0.0,0.0,0.0,0.0,0.0,0.0,0.0,0.0,0.0,1.0,2020,11,0.08539244186046512
0.324869054866089,-0.9956788082577429,1.976326751125763,0.0,0.0,0.0,1.0,0.0,0.0,0.0,0.0,0.0,0.0,0.0,0.0,0.0,0.0,0.0,0.0,0.0,0.0,0.0,0.0,0.0,0.0,0.0,0.0,0.0,2020,9,0.0
0.2677056161395005,-0.9038769084686213,1.737617159104347,0.10638297872340426,0.0,0.0,0.0,0.0,1.0,0.0,0.0,0.0,0.0,0.0,0.0,0.0,0.0,0.0,0.0,0.0,0.0,0.0,0.0,0.0,0.0,0.0,0.0,0.0,2020,9,0.0
0.058106340808676445,-1.0481370367086695,1.4989075670829304,0.10638297872340426,0.0,0.0,0.0,0.0,0.0,0.0,0.0,0.0,0.0,1.0,0.0,0.0,0.0,0.0,0.0,0.0,0.0,0.0,0.0,0.0,0.0,0.0,0.0,0.0,2020,9,0.0
0.17243321826185315,-1.0087933653704748,1.6978322271007773,0.2127659574468085,0.0,0.0,0.0,0.0,0.0,0.0,0.0,0.0,0.0,0.0,1.0,0.0,0.0,0.0,0.0,0.0,0.0,0.0,0.0,0.0,0.0,0.0,0.0,0.0,2020,9,0.0
0.5154138506213837,-0.8514186800176946,2.1553589451418254,0.0,0.0,0.0,0.0,0.0,0.0,0.0,0.0,0.0,0.0,0.0,0.0,0.0,0.0,0.0,0.0,0.0,0.0,0.0,0.0,0.0,1.0,0.0,0.0,0.0,2020,9,0.0
0.8393400034053844,0.8797028588628861,1.0413808490418828,0.34042553191489366,0.0,0.0,0.0,1.0,0.0,0.0,0.0,0.0,0.0,0.0,0.0,0.0,0.0,0.0,0.0,0.0,0.0,0.0,0.0,0.0,0.0,0.0,0.0,0.0,2021,9,0.061409883720930224
-0.18960189367320657,-0.32683639550842797,-0.19195204306876762,0.36170212765957444,0.0,0.0,0.0,1.0,0.0,0.0,0.0,0.0,0.0,0.0,0.0,0.0,0.0,0.0,0.0,0.0,0.0,0.0,0.0,0.0,0.0,0.0,0.0,0.0,2021,10,0.0
-0.7421818013635609,-0.5366693093121344,-0.9080808191330163,0.48936170212765956,0.0,0.0,0.0,1.0,0.0,0.0,0.0,0.0,0.0,0.0,0.0,0.0,0.0,0.0,0.0,0.0,0.0,0.0,0.0,0.0,0.0,0.0,0.0,0.0,2021,11,0.06649709302325582
0.8393400034053844,0.5518389310445944,1.2005205770561602,0.19148936170212766,0.0,0.0,0.0,0.0,0.0,1.0,0.0,0.0,0.0,0.0,0.0,0.0,0.0,0.0,0.0,0.0,0.0,0.0,0.0,0.0,0.0,0.0,0.0,0.0,2021,9,0.15479651162790697
-0.07527501622002966,-0.44486740952301285,0.14621987896157196,0.3191489361702128,0.0,0.0,0.0,0.0,0.0,1.0,0.0,0.0,0.0,0.0,0.0,0.0,0.0,0.0,0.0,0.0,0.0,0.0,0.0,0.0,0.0,0.0,0.0,0.0,2021,10,0.0025436046511627904
-0.6278549239103842,-0.4973256379739393,-0.4107691690883992,0.40425531914893614,0.0,0.0,0.0,0.0,0.0,1.0,0.0,0.0,0.0,0.0,0.0,0.0,0.0,0.0,0.0,0.0,0.0,0.0,0.0,0.0,0.0,0.0,0.0,0.0,2021,11,0.056686046511627904
1.0108303195851496,0.8141300732992277,1.4790151010811459,0.34042553191489366,0.0,0.0,0.0,0.0,0.0,0.0,0.0,1.0,0.0,0.0,0.0,0.0,0.0,0.0,0.0,0.0,0.0,0.0,0.0,0.0,0.0,0.0,0.0,0.0,2021,9,0.08321220930232558
0.019997381657617653,-0.44486740952301285,0.30535960697584946,0.3191489361702128,0.0,0.0,0.0,0.0,0.0,0.0,0.0,1.0,0.0,0.0,0.0,0.0,0.0,0.0,0.0,0.0,0.0,0.0,0.0,0.0,0.0,0.0,0.0,0.0,2021,10,0.005813953488372093
-0.6659638830614432,-0.6284712091012563,-0.8285109551258775,0.4468085106382979,0.21052631578947367,0.0,0.0,0.0,0.0,0.0,0.0,1.0,0.0,0.0,0.0,0.0,0.0,0.0,0.0,0.0,0.0,0.0,0.0,0.0,0.0,0.0,0.0,0.0,2021,11,0.11300872093023256
0.6869041668011489,0.7354427306228375,0.7628863250168972,0.3191489361702128,0.0,0.0,0.0,0.0,0.0,0.0,0.0,0.0,1.0,0.0,0.0,0.0,0.0,0.0,0.0,0.0,0.0,0.0,0.0,0.0,0.0,0.0,0.0,0.0,2021,9,0.3012354651162791
-0.2658198119753243,-0.3792946239593545,0.06665001495443325,0.40425531914893614,0.0,0.0,0.0,0.0,0.0,0.0,0.0,0.0,1.0,0.0,0.0,0.0,0.0,0.0,0.0,0.0,0.0,0.0,0.0,0.0,0.0,0.0,0.0,0.0,2021,10,0.11773255813953487
-0.9327265971188555,-0.9038769084686213,-1.2064678091597865,0.5531914893617021,0.03684210526315789,0.0,0.0,0.0,0.0,0.0,0.0,0.0,1.0,0.0,0.0,0.0,0.0,0.0,0.0,0.0,0.0,0.0,0.0,0.0,0.0,0.0,0.0,0.0,2021,11,0.14207848837209303
0.9346124012830317,0.7616718448483007,1.0015959170383133,0.425531914893617,0.0,0.0,0.0,0.0,0.0,0.0,0.0,0.0,0.0,0.0,0.0,1.0,0.0,0.0,0.0,0.0,0.0,0.0,0.0,0.0,0.0,0.0,0.0,0.0,2021,9,0.06795058139534883
-0.13243845494661818,-0.30060728128296427,0.32525207297763414,0.40425531914893614,0.0,0.0,0.0,0.0,0.0,0.0,0.0,0.0,0.0,0.0,0.0,1.0,0.0,0.0,0.0,0.0,0.0,0.0,0.0,0.0,0.0,0.0,0.0,0.0,2021,10,0.06468023255813954
-0.6659638830614432,-0.680929437552183,-0.8881883531312317,0.5531914893617021,0.2631578947368421,0.0,0.0,0.0,0.0,0.0,0.0,0.0,0.0,0.0,0.0,1.0,0.0,0.0,0.0,0.0,0.0,0.0,0.0,0.0,0.0,0.0,0.0,0.0,2021,11,0.09265988372093023
0.7250131259522077,0.787900959073764,1.0612733150436675,0.3829787234042553,0.0,0.0,0.0,0.0,0.0,0.0,0.0,0.0,0.0,0.0,0.0,0.0,1.0,0.0,0.0,0.0,0.0,0.0,0.0,0.0,0.0,0.0,0.0,0.0,2021,9,0.2416424418604651
-0.2658198119753243,-0.5497838664248663,0.10643494695800265,0.40425531914893614,0.0,0.0,0.0,0.0,0.0,0.0,0.0,0.0,0.0,0.0,0.0,0.0,1.0,0.0,0.0,0.0,0.0,0.0,0.0,0.0,0.0,0.0,0.0,0.0,2021,10,0.08757267441860465
-0.8946176379677968,-0.8907623513558897,-1.1268979451526477,0.574468085106383,0.0,0.0,0.0,0.0,0.0,0.0,0.0,0.0,0.0,0.0,0.0,0.0,1.0,0.0,0.0,0.0,0.0,0.0,0.0,0.0,0.0,0.0,0.0,0.0,2021,11,0.12863372093023256
0.7821765646787963,0.6174117166082527,1.1408431790508062,0.2553191489361702,0.0,0.0,0.0,0.0,0.0,0.0,1.0,0.0,0.0,0.0,0.0,0.0,0.0,0.0,0.0,0.0,0.0,0.0,0.0,0.0,0.0,0.0,0.0,0.0,2021,9,0.19113372093023256
-0.11338397537108863,-0.1038889245919892,0.08654248095621796,0.3191489361702128,0.0,0.0,0.0,0.0,0.0,0.0,1.0,0.0,0.0,0.0,0.0,0.0,0.0,0.0,0.0,0.0,0.0,0.0,0.0,0.0,0.0,0.0,0.0,0.0,2021,10,0.009811046511627907
-0.6850183626369726,-0.7071585517776462,-0.4903390330955379,0.3829787234042553,0.0,0.0,0.0,0.0,0.0,0.0,1.0,0.0,0.0,0.0,0.0,0.0,0.0,0.0,0.0,0.0,0.0,0.0,0.0,0.0,0.0,0.0,0.0,0.0,2021,11,0.07194767441860465
0.7059586463766783,0.5649534881573257,1.2601979750615144,0.2553191489361702,0.0,0.0,0.0,0.0,0.0,0.0,0.0,0.0,0.0,0.0,0.0,0.0,0.0,1.0,0.0,0.0,0.0,0.0,0.0,0.0,0.0,0.0,0.0,0.0,2021,9,0.16424418604651164
-0.18960189367320657,-0.15634715304291616,-0.03281231505449017,0.2765957446808511,0.0,0.0,0.0,0.0,0.0,0.0,0.0,0.0,0.0,0.0,0.0,0.0,0.0,1.0,0.0,0.0,0.0,0.0,0.0,0.0,0.0,0.0,0.0,0.0,2021,10,0.010901162790697675
-0.8374541992412082,-0.8383041229049629,-0.4107691690883992,0.34042553191489366,0.0,0.0,0.0,0.0,0.0,0.0,0.0,0.0,0.0,0.0,0.0,0.0,0.0,1.0,0.0,0.0,0.0,0.0,0.0,0.0,0.0,0.0,0.0,0.0,2021,11,0.08066860465116278
0.6487952076500898,0.5780680452700576,0.6236390630044044,0.425531914893617,0.0,0.0,0.0,0.0,0.0,0.0,0.0,0.0,0.0,0.0,0.0,0.0,0.0,0.0,1.0,0.0,0.0,0.0,0.0,0.0,0.0,0.0,0.0,0.0,2021,9,0.18931686046511628
-0.18960189367320657,0.06660031787352214,-0.4903390330955379,0.5106382978723404,0.0,0.0,0.0,0.0,0.0,0.0,0.0,0.0,0.0,0.0,0.0,0.0,0.0,0.0,1.0,0.0,0.0,0.0,0.0,0.0,0.0,0.0,0.0,0.0,2021,10,0.0188953488372093
-0.7612362809390905,-0.8907623513558897,-0.7887260231223081,0.574468085106383,0.0,0.0,0.0,0.0,0.0,0.0,0.0,0.0,0.0,0.0,0.0,0.0,0.0,0.0,1.0,0.0,0.0,0.0,0.0,0.0,0.0,0.0,0.0,0.0,2021,11,0.126453488372093
0.7631220851032668,0.7747864019610327,1.2204130430579447,0.36170212765957444,0.0,0.0,0.0,0.0,0.0,0.0,0.0,0.0,0.0,0.0,0.0,0.0,0.0,0.0,0.0,0.0,0.0,1.0,0.0,0.0,0.0,0.0,0.0,0.0,2021,9,0.29069767441860467
-0.2277108528242655,-0.28749272417023286,-0.21184450907055233,0.34042553191489366,0.0,0.0,0.0,0.0,0.0,0.0,0.0,0.0,0.0,0.0,0.0,0.0,0.0,0.0,0.0,0.0,0.0,1.0,0.0,0.0,0.0,0.0,0.0,0.0,2021,10,0.140625
-0.8374541992412082,-0.8907623513558897,-0.9478657511365854,0.48936170212765956,0.0,0.0,0.0,0.0,0.0,0.0,0.0,0.0,0.0,0.0,0.0,0.0,0.0,0.0,0.0,0.0,0.0,1.0,0.0,0.0,0.0,0.0,0.0,0.0,2021,11,0.14825581395348836
0.7440676055277371,0.8797028588628861,1.021488383040098,0.34042553191489366,0.0,0.0,0.0,0.0,0.0,0.0,0.0,0.0,0.0,0.0,0.0,0.0,0.0,0.0,0.0,0.0,0.0,0.0,1.0,0.0,0.0,0.0,0.0,0.0,2021,9,0.2892441860465116
-0.2658198119753243,-0.3137218383956961,0.14621987896157196,0.2978723404255319,0.0,0.0,0.0,0.0,0.0,0.0,0.0,0.0,0.0,0.0,0.0,0.0,0.0,0.0,0.0,0.0,0.0,0.0,1.0,0.0,0.0,0.0,0.0,0.0,2021,10,0.10646802325581395
-0.9327265971188555,-0.8383041229049629,-1.2263602751615712,0.425531914893617,0.0,0.0,0.0,0.0,0.0,0.0,0.0,0.0,0.0,0.0,0.0,0.0,0.0,0.0,0.0,0.0,0.0,0.0,1.0,0.0,0.0,0.0,0.0,0.0,2021,11,0.15625
0.47730489147032484,0.6829845021719111,0.30535960697584946,0.5106382978723404,0.0,0.0,0.0,0.0,0.0,0.0,0.0,0.0,0.0,0.0,0.0,0.0,0.0,0.0,0.0,0.0,0.0,0.0,0.0,1.0,0.0,0.0,0.0,0.0,2021,9,0.30050872093023256
-0.36109220985297164,-0.28749272417023286,-0.1322746450634136,0.5319148936170213,0.0,0.0,0.0,0.0,0.0,0.0,0.0,0.0,0.0,0.0,0.0,0.0,0.0,0.0,0.0,0.0,0.0,0.0,0.0,1.0,0.0,0.0,0.0,0.0,2021,10,0.12827034883720928
-1.0661079541475618,-0.9956788082577429,-1.7037794592044035,0.7234042553191489,0.0,0.0,0.0,0.0,0.0,0.0,0.0,0.0,0.0,0.0,0.0,0.0,0.0,0.0,0.0,0.0,0.0,0.0,0.0,1.0,0.0,0.0,0.0,0.0,2021,11,0.12318313953488372
0.7059586463766783,0.8272446304119592,0.583854131000835,0.48936170212765956,0.0,0.0,0.0,0.0,0.0,0.0,0.0,0.0,0.0,0.0,0.0,0.0,0.0,0.0,0.0,0.0,0.0,0.0,0.0,0.0,0.0,1.0,0.0,0.0,2021,9,0.1515261627906977
-0.32298325070191286,-0.3530655097338912,-0.4505541010919685,0.5957446808510638,0.0,0.0,0.0,0.0,0.0,0.0,0.0,0.0,0.0,0.0,0.0,0.0,0.0,0.0,0.0,0.0,0.0,0.0,0.0,0.0,0.0,1.0,0.0,0.0,2021,10,0.022529069767441862
-1.0089445154209735,-0.7465022231158414,-1.484962333184772,0.8297872340425532,0.05263157894736842,0.0,0.0,0.0,0.0,0.0,0.0,0.0,0.0,0.0,0.0,0.0,0.0,0.0,0.0,0.0,0.0,0.0,0.0,0.0,0.0,1.0,0.0,0.0,2021,11,0.1802325581395349
0.6297407280745604,0.787900959073764,0.8623486550258207,0.48936170212765956,0.0,0.0,0.0,0.0,0.0,0.0,0.0,0.0,0.0,0.0,0.0,0.0,0.0,0.0,0.0,0.0,0.0,0.0,0.0,0.0,0.0,0.0,1.0,0.0,2021,9,0.2376453488372093
-0.2277108528242655,-0.19569082438111127,-0.172059577066983,0.4468085106382979,0.0,0.0,0.0,0.0,0.0,0.0,0.0,0.0,0.0,0.0,0.0,0.0,0.0,0.0,0.0,0.0,0.0,0.0,0.0,0.0,0.0,0.0,1.0,0.0,2021,10,0.00690406976744186
-0.9327265971188555,-0.7596167802285729,-1.107005479150863,0.6382978723404256,0.0,0.0,0.0,0.0,0.0,0.0,0.0,0.0,0.0,0.0,0.0,0.0,0.0,0.0,0.0,0.0,0.0,0.0,0.0,0.0,0.0,0.0,1.0,0.0,2021,11,0.08248546511627906
0.6678496872256195,0.6960990592846424,0.643531529006189,0.19148936170212766,0.0,0.0,0.0,0.0,0.0,0.0,0.0,0.0,0.0,0.0,0.0,0.0,0.0,0.0,0.0,0.0,0.0,0.0,0.0,0.0,0.0,0.0,0.0,1.0,2021,9,0.23800872093023256
-0.20865637324873595,-0.30060728128296427,-0.15216711106519829,0.2553191489361702,0.0,0.0,0.0,0.0,0.0,0.0,0.0,0.0,0.0,0.0,0.0,0.0,0.0,0.0,0.0,0.0,0.0,0.0,0.0,0.0,0.0,0.0,0.0,1.0,2021,10,0.012354651162790697
-0.8565086788167378,-0.5891275377630611,-0.8285109551258775,0.34042553191489366,0.05263157894736842,0.0,0.0,0.0,0.0,0.0,0.0,0.0,0.0,0.0,0.0,0.0,0.0,0.0,0.0,0.0,0.0,0.0,0.0,0.0,0.0,0.0,0.0,1.0,2021,11,0.07049418604651163
-1.694905780140034,-2.6087693331237385,-0.1123821790616289,0.2765957446808511,0.0,0.0,0.0,1.0,0.0,0.0,0.0,0.0,0.0,0.0,0.0,0.0,0.0,0.0,0.0,0.0,0.0,0.0,0.0,0.0,0.0,0.0,0.0,0.0,2022,11,0.0
0.7631220851032668,0.014142089422595646,0.9220260530311747,0.2127659574468085,0.0,0.0,0.0,0.0,0.0,1.0,0.0,0.0,0.0,0.0,0.0,0.0,0.0,0.0,0.0,0.0,0.0,0.0,0.0,0.0,0.0,0.0,0.0,0.0,2022,9,0.4767441860465116
0.4582504118947951,0.1584022176626442,0.6634239950079738,0.2765957446808511,0.0,0.0,0.0,0.0,0.0,1.0,0.0,0.0,0.0,0.0,0.0,0.0,0.0,0.0,0.0,0.0,0.0,0.0,0.0,0.0,0.0,0.0,0.0,0.0,2022,10,0.17005813953488372
-1.6567968209889754,-2.5956547760110067,-0.07259724705805957,0.2127659574468085,0.0,0.0,0.0,0.0,0.0,1.0,0.0,0.0,0.0,0.0,0.0,0.0,0.0,0.0,0.0,0.0,0.0,0.0,0.0,0.0,0.0,0.0,0.0,0.0,2022,11,0.0
0.8583944829809141,0.014142089422595646,1.737617159104347,0.2765957446808511,0.0,0.0,0.0,0.0,0.0,0.0,0.0,1.0,0.0,0.0,0.0,0.0,0.0,0.0,0.0,0.0,0.0,0.0,0.0,0.0,0.0,0.0,0.0,0.0,2022,9,0.23292151162790695
0.5154138506213837,0.19774588900083884,1.0015959170383133,0.34042553191489366,0.0,0.0,0.0,0.0,0.0,0.0,0.0,1.0,0.0,0.0,0.0,0.0,0.0,0.0,0.0,0.0,0.0,0.0,0.0,0.0,0.0,0.0,0.0,0.0,2022,10,0.07630813953488372
-1.6186878618379161,-2.516967433334617,0.026865082950863844,0.2978723404255319,0.0,0.0,0.0,0.0,0.0,0.0,0.0,1.0,0.0,0.0,0.0,0.0,0.0,0.0,0.0,0.0,0.0,0.0,0.0,0.0,0.0,0.0,0.0,0.0,2022,11,0.0
0.6487952076500898,-0.1038889245919892,1.1209507130490215,0.3829787234042553,0.0,0.0,0.0,0.0,0.0,0.0,0.0,0.0,1.0,0.0,0.0,0.0,0.0,0.0,0.0,0.0,0.0,0.0,0.0,0.0,0.0,0.0,0.0,0.0,2022,9,0.38263081395348836
0.21054217741291228,0.04037120364805889,0.3650370049812035,0.3829787234042553,0.0,0.0,0.0,0.0,0.0,0.0,0.0,0.0,1.0,0.0,0.0,0.0,0.0,0.0,0.0,0.0,0.0,0.0,0.0,0.0,0.0,0.0,0.0,0.0,2022,10,0.2507267441860465
-1.5805789026868573,-2.4513946477709587,-0.291414373077691,0.574468085106383,0.0,0.0,0.0,0.0,0.0,0.0,0.0,0.0,1.0,0.0,0.0,0.0,0.0,0.0,0.0,0.0,0.0,0.0,0.0,0.0,0.0,0.0,0.0,0.0,2022,11,0.0
0.896503442131973,0.14528766054991235,1.1209507130490215,0.3829787234042553,0.0,0.0,0.0,0.0,0.0,0.0,0.0,0.0,0.0,0.0,0.0,1.0,0.0,0.0,0.0,0.0,0.0,0.0,0.0,0.0,0.0,0.0,0.0,0.0,2022,9,0.4269622093023256
0.4201414527437363,0.31577690301542416,0.32525207297763414,0.3829787234042553,0.0,0.0,0.0,0.0,0.0,0.0,0.0,0.0,0.0,0.0,0.0,1.0,0.0,0.0,0.0,0.0,0.0,0.0,0.0,0.0,0.0,0.0,0.0,0.0,2022,10,0.050872093023255814
-1.48530650480921,-2.123530719952667,-0.01291984905270547,0.34042553191489366,0.0,0.0,0.0,0.0,0.0,0.0,0.0,0.0,0.0,0.0,0.0,1.0,0.0,0.0,0.0,0.0,0.0,0.0,0.0,0.0,0.0,0.0,0.0,0.0,2022,11,0.0
-1.523415463960269,-2.4382800906582265,-0.05270478105627487,0.3829787234042553,0.0,0.0,0.0,0.0,0.0,0.0,0.0,0.0,0.0,0.0,0.0,0.0,1.0,0.0,0.0,0.0,0.0,0.0,0.0,0.0,0.0,0.0,0.0,0.0,2022,11,0.0
-1.6567968209889754,-2.556311104672812,-0.15216711106519829,0.2127659574468085,0.0,0.0,0.0,0.0,0.0,0.0,1.0,0.0,0.0,0.0,0.0,0.0,0.0,0.0,0.0,0.0,0.0,0.0,0.0,0.0,0.0,0.0,0.0,0.0,2022,11,0.0
-1.7330147392910933,-2.5825402188982753,-0.6892636931133848,0.14893617021276595,0.0,0.0,0.0,0.0,0.0,0.0,0.0,0.0,0.0,0.0,0.0,0.0,0.0,1.0,0.0,0.0,0.0,0.0,0.0,0.0,0.0,0.0,0.0,0.0,2022,11,0.0
-1.7139602597155634,-2.556311104672812,0.026865082950863844,0.2553191489361702,0.0,0.0,0.0,0.0,0.0,0.0,0.0,0.0,0.0,0.0,0.0,0.0,0.0,0.0,1.0,0.0,0.0,0.0,0.0,0.0,0.0,0.0,0.0,0.0,2022,11,0.0
-1.4662520252336806,-2.267790848192715,-0.09248971305984419,0.36170212765957444,0.0,0.0,0.0,0.0,0.0,0.0,0.0,0.0,0.0,0.0,0.0,0.0,0.0,0.0,0.0,0.0,0.0,1.0,0.0,0.0,0.0,0.0,0.0,0.0,2022,11,0.0
-1.561524423111328,-2.3727073050945684,-0.35109177108304507,0.2340425531914894,0.0,0.0,0.0,0.0,0.0,0.0,0.0,0.0,0.0,0.0,0.0,0.0,0.0,0.0,0.0,0.0,0.0,0.0,1.0,0.0,0.0,0.0,0.0,0.0,2022,11,0.0
-1.6758513005645048,-2.503852876221885,-0.4107691690883992,0.4468085106382979,0.0,0.0,0.0,0.0,0.0,0.0,0.0,0.0,0.0,0.0,0.0,0.0,0.0,0.0,0.0,0.0,0.0,0.0,0.0,1.0,0.0,0.0,0.0,0.0,2022,11,0.0
0.6678496872256195,0.079714874986254,0.842456189024036,0.5957446808510638,0.0,0.0,0.0,0.0,0.0,0.0,0.0,0.0,0.0,0.0,0.0,0.0,0.0,0.0,0.0,0.0,0.0,0.0,0.0,0.0,0.0,1.0,0.0,0.0,2022,9,0.3815406976744186
0.1914876978373829,-0.1038889245919892,0.08654248095621796,0.6382978723404256,0.0,0.0,0.0,0.0,0.0,0.0,0.0,0.0,0.0,0.0,0.0,0.0,0.0,0.0,0.0,0.0,0.0,0.0,0.0,0.0,0.0,1.0,0.0,0.0,2022,10,0.1431686046511628
-1.6567968209889754,-2.4120509764327633,-0.6693712271116001,0.851063829787234,0.0,0.0,0.0,0.0,0.0,0.0,0.0,0.0,0.0,0.0,0.0,0.0,0.0,0.0,0.0,0.0,0.0,0.0,0.0,0.0,0.0,1.0,0.0,0.0,2022,11,0.0
0.5725772893479721,-0.11700348170472107,0.7827787910186819,0.4468085106382979,0.0,0.0,0.0,0.0,0.0,0.0,0.0,0.0,0.0,0.0,0.0,0.0,0.0,0.0,0.0,0.0,0.0,0.0,0.0,0.0,0.0,0.0,1.0,0.0,2022,9,0.32994186046511625
0.21054217741291228,0.486266145480936,0.4048219369847728,0.5106382978723404,0.0,0.0,0.0,0.0,0.0,0.0,0.0,0.0,0.0,0.0,0.0,0.0,0.0,0.0,0.0,0.0,0.0,0.0,0.0,0.0,0.0,0.0,1.0,0.0,2022,10,0.21984011627906977
-1.561524423111328,-2.46450920488369,0.026865082950863844,0.2978723404255319,0.0,0.0,0.0,0.0,0.0,0.0,0.0,0.0,0.0,0.0,0.0,0.0,0.0,0.0,0.0,0.0,0.0,0.0,0.0,0.0,0.0,0.0,1.0,0.0,2022,11,0.0
-1.637742341413446,-2.54319654756008,-0.6494787611098153,0.19148936170212766,0.0,0.0,0.0,0.0,0.0,0.0,0.0,0.0,0.0,0.0,0.0,0.0,0.0,0.0,0.0,0.0,0.0,0.0,0.0,0.0,0.0,0.0,0.0,1.0,2022,11,0.0
-1.523415463960269,-2.3727073050945684,0.14621987896157196,0.3191489361702128,0.0,1.0,0.0,0.0,0.0,0.0,0.0,0.0,0.0,0.0,0.0,0.0,0.0,0.0,0.0,0.0,0.0,0.0,0.0,0.0,0.0,0.0,0.0,0.0,2022,11,0.0
-1.561524423111328,-2.4907383191091537,0.12632741295978728,0.2553191489361702,0.0,0.0,1.0,0.0,0.0,0.0,0.0,0.0,0.0,0.0,0.0,0.0,0.0,0.0,0.0,0.0,0.0,0.0,0.0,0.0,0.0,0.0,0.0,0.0,2022,11,0.0
-1.6758513005645048,-2.46450920488369,-0.5699088971026767,0.36170212765957444,0.0,0.0,0.0,0.0,1.0,0.0,0.0,0.0,0.0,0.0,0.0,0.0,0.0,0.0,0.0,0.0,0.0,0.0,0.0,0.0,0.0,0.0,0.0,0.0,2022,11,0.0
-1.7139602597155634,-2.6218838902364703,-0.172059577066983,0.425531914893617,0.0,0.0,0.0,0.0,0.0,0.0,0.0,0.0,0.0,1.0,0.0,0.0,0.0,0.0,0.0,0.0,0.0,0.0,0.0,0.0,0.0,0.0,0.0,0.0,2022,11,0.0
-1.5043609843847394,-2.3202490766436417,-0.35109177108304507,0.574468085106383,0.0,0.0,0.0,0.0,0.0,0.0,0.0,0.0,0.0,0.0,1.0,0.0,0.0,0.0,0.0,0.0,0.0,0.0,0.0,0.0,0.0,0.0,0.0,0.0,2022,11,0.0
-1.561524423111328,-2.4907383191091537,0.14621987896157196,0.36170212765957444,0.0,0.0,0.0,0.0,0.0,0.0,0.0,0.0,0.0,0.0,0.0,0.0,0.0,0.0,0.0,1.0,0.0,0.0,0.0,0.0,0.0,0.0,0.0,0.0,2022,11,0.0
-1.7139602597155634,-2.516967433334617,-0.4505541010919685,0.2978723404255319,0.0,0.0,0.0,0.0,0.0,0.0,0.0,0.0,0.0,0.0,0.0,0.0,0.0,0.0,0.0,0.0,1.0,0.0,0.0,0.0,0.0,0.0,0.0,0.0,2022,11,0.0
-1.5996333822623867,-2.4907383191091537,-0.15216711106519829,0.06382978723404255,0.0,0.0,0.0,0.0,0.0,0.0,0.0,0.0,0.0,0.0,0.0,0.0,0.0,0.0,0.0,0.0,0.0,0.0,0.0,0.0,1.0,0.0,0.0,0.0,2022,11,0.0
