City,Year,Month,Predicted Precipitation (mm)
Євпаторія,2025,1,20.948900000000002
Євпаторія,2025,2,21.097600000000003
Євпаторія,2025,3,11.591000000000042
Євпаторія,2025,4,34.81139999999999
Євпаторія,2025,5,81.24780000000024
Євпаторія,2025,6,161.85517000000027
Євпаторія,2025,7,125.84026999999992
Євпаторія,2025,8,36.624299999999984
Євпаторія,2025,9,32.365199999999724
Євпаторія,2025,10,21.73170000000001
Євпаторія,2025,11,22.024300000000014
Євпаторія,2025,12,21.829500000000014
Івано-Франківськ,2025,1,96.07120000000033
Івано-Франківськ,2025,2,95.84910000000033
Івано-Франківськ,2025,3,28.896600000000028
Івано-Франківськ,2025,4,106.80490000000046
Івано-Франківськ,2025,5,110.3488600000003
Івано-Франківськ,2025,6,160.94177999999977
Івано-Франківськ,2025,7,134.86242000000001
Івано-Франківськ,2025,8,106.53830000000042
Івано-Франківськ,2025,9,90.04680000000019
Івано-Франківськ,2025,10,95.12360000000031
Івано-Франківськ,2025,11,96.40580000000034
Івано-Франківськ,2025,12,96.07520000000032
Ізмаїл,2025,1,65.93939999999974
Ізмаїл,2025,2,65.95109999999973 

Ізмаїл,2025,3,50.899499999999925
Ізмаїл,2025,4,83.20230000000015
Ізмаїл,2025,5,79.79585999999986
Ізмаїл,2025,6,142.09877999999958
Ізмаїл,2025,7,111.42231999999962
Ізмаїл,2025,8,82.76120000000022
Ізмаїл,2025,9,58.42650000000035
Ізмаїл,2025,10,63.797599999999754
Ізмаїл,2025,11,66.26549999999975
Ізмаїл,2025,12,66.23799999999976
Ізюм,2025,1,91.84030000000031
Ізюм,2025,2,91.68390000000028
Ізюм,2025,3,25.076700000000084
Ізюм,2025,4,102.27540000000047
Ізюм,2025,5,113.56020000000017
Ізюм,2025,6,163.70358
Ізюм,2025,7,137.79631999999998
Ізюм,2025,8,101.98620000000045
Ізюм,2025,9,86.51360000000017
Ізюм,2025,10,90.91000000000031
Ізюм,2025,11,92.11670000000031
Ізюм,2025,12,91.78710000000031
Ай-Петрі,2025,1,100.52380000000036
Ай-Петрі,2025,2,100.4879000000004
Ай-Петрі,2025,3,28.969300000000135
Ай-Петрі,2025,4,105.49770000000059
Ай-Петрі,2025,5,58.610799999999934
Ай-Петрі,2025,6,114.99756999999958
Ай-Петрі,2025,7,86.02546999999984
Ай-Петрі,2025,8,105.24050000000058
Ай-Петрі,2025,9,92.00930000000021
Ай-Петрі,2025,10,99.73540000000035
Ай-Петрі,2025,11,100.52180000000037
Ай-Петрі,2025,12,100.52180000000037
Алушта,2025,1,13.223899999999917
Алушта,2025,2,13.351499999999918
Алушта,2025,3,21.79509999999997
Алушта,2025,4,32.18819999999989
Алушта,2025,5,98.04833999999978
Алушта,2025,6,92.85103000000055
Алушта,2025,7,93.83412000000064
Алушта,2025,8,35.266699999999894
Алушта,2025,9,48.707600000000006
Алушта,2025,10,14.45629999999988
Алушта,2025,11,14.45479999999989
Алушта,2025,12,14.288199999999895
Асканія Нова,2025,1,64.51019999999966
Асканія Нова,2025,2,64.46519999999967
Асканія Нова,2025,3,35.06119999999991
Асканія Нова,2025,4,81.73530000000005
Асканія Нова,2025,5,65.21833999999988
Асканія Нова,2025,6,132.3893299999994
Асканія Нова,2025,7,98.08430999999972
Асканія Нова,2025,8,81.17460000000008
Асканія Нова,2025,9,62.520000000000266
Асканія Нова,2025,10,62.13389999999969
Асканія Нова,2025,11,64.62469999999963
Асканія Нова,2025,12,64.58049999999963
Баришівка,2025,1,0.0
Баришівка,2025,2,0.010199999999999999
Баришівка,2025,3,0.0
Баришівка,2025,4,0.056100000000000066
Баришівка,2025,5,89.69362000000059
Баришівка,2025,6,127.01064000000032
Баришівка,2025,7,107.86492000000047
Баришівка,2025,8,8.925100000000015
Баришівка,2025,9,26.04699999999994
Баришівка,2025,10,8.217300000000009
Баришівка,2025,11,0.0
Баришівка,2025,12,0.0
Бахмут,2025,1,92.29250000000027
Бахмут,2025,2,92.15030000000026
Бахмут,2025,3,21.893499999999932
Бахмут,2025,4,99.26640000000047
Бахмут,2025,5,113.55454000000015
Бахмут,2025,6,163.73602000000002
Бахмут,2025,7,137.94695999999996
Бахмут,2025,8,98.84850000000044
Бахмут,2025,9,81.06900000000002
Бахмут,2025,10,91.30640000000025
Бахмут,2025,11,92.53400000000026
Бахмут,2025,12,92.20440000000028
Баштанка,2025,1,7.2559666666666764
Баштанка,2025,2,7.277666666666677
Баштанка,2025,3,0.41990000000000005
Баштанка,2025,4,6.987883333333345
Баштанка,2025,5,79.91526000000047
Баштанка,2025,6,119.82742000000032
Баштанка,2025,7,99.72576000000042
Баштанка,2025,8,15.101683333333305
Баштанка,2025,9,51.08299999999979
Баштанка,2025,10,14.671966666666641
Баштанка,2025,11,7.256066666666676
Баштанка,2025,12,7.228766666666677
Берегове,2025,1,98.30680000000052
Берегове,2025,2,97.85960000000048
Берегове,2025,3,1.1159166666666664
Берегове,2025,4,106.41280000000069
Берегове,2025,5,110.11422000000006
Берегове,2025,6,152.98459
Берегове,2025,7,130.04835999999997
Берегове,2025,8,106.08020000000069
Берегове,2025,9,45.881699999999924
Берегове,2025,10,96.68120000000049
Берегове,2025,11,98.51740000000055
Берегове,2025,12,98.47990000000054
Бережани,2025,1,96.7117000000003
Бережани,2025,2,96.33480000000027
Бережани,2025,3,27.926999999999843
Бережани,2025,4,102.74230000000041
Бережани,2025,5,92.79648000000016
Бережани,2025,6,133.32911999999985
Бережани,2025,7,112.14746000000004
Бережани,2025,8,102.5928000000004
Бережани,2025,9,87.55860000000025
Бережани,2025,10,95.82360000000028
Бережани,2025,11,97.02520000000031
Бережани,2025,12,96.7167000000003
Бехтери,2025,1,13.9679
Бехтери,2025,2,14.016899999999998
Бехтери,2025,3,15.067100000000002
Бехтери,2025,4,15.82910000000001
Бехтери,2025,5,103.82149999999992
Бехтери,2025,6,150.95111999999975
Бехтери,2025,7,125.64518999999972
Бехтери,2025,8,26.299399999999913
Бехтери,2025,9,50.241399999999786
Бехтери,2025,10,23.055199999999886
Бехтери,2025,11,15.970399999999994
Бехтери,2025,12,15.755199999999991
Бобринець,2025,1,90.78390000000041
Бобринець,2025,2,90.44900000000041
Бобринець,2025,3,35.022299999999916
Бобринець,2025,4,101.94310000000041
Бобринець,2025,5,84.27666000000015
Бобринець,2025,6,128.7773199999997
Бобринець,2025,7,105.29539999999994
Бобринець,2025,8,101.29390000000042
Бобринець,2025,9,67.49099999999993
Бобринець,2025,10,88.59130000000037
Бобринець,2025,11,90.81300000000044
Бобринець,2025,12,90.6655000000004
Богодухів,2025,1,94.75710000000028
Богодухів,2025,2,94.6889000000003
Богодухів,2025,3,26.64940000000003
Богодухів,2025,4,103.64030000000058
Богодухів,2025,5,66.23003999999997
Богодухів,2025,6,117.08686999999964
Богодухів,2025,7,90.52740999999982
Богодухів,2025,8,103.72070000000055
Богодухів,2025,9,77.86620000000005
Богодухів,2025,10,94.44870000000031
Богодухів,2025,11,95.0688000000003
Богодухів,2025,12,94.7490000000003
Болград,2025,1,0.0205
Болград,2025,2,0.0645
Болград,2025,3,0.4051999999999999
Болград,2025,4,0.1466999999999995
Болград,2025,5,78.05322000000035
Болград,2025,6,120.93544000000018
Болград,2025,7,98.70922000000036
Болград,2025,8,9.371200000000036
Болград,2025,9,27.850999999999953
Болград,2025,10,8.449500000000006
Болград,2025,11,0.0205
Болград,2025,12,0.0205
Бориспіль,2025,1,4.235366666666664
Бориспіль,2025,2,4.257766666666664
Бориспіль,2025,3,0.0
Бориспіль,2025,4,3.923099999999996
Бориспіль,2025,5,73.74048000000046
Бориспіль,2025,6,117.82864000000028
Бориспіль,2025,7,95.2843400000004
Бориспіль,2025,8,12.345499999999996
Бориспіль,2025,9,47.71216666666668
Бориспіль,2025,10,11.921766666666665
Бориспіль,2025,11,4.2389666666666646
Бориспіль,2025,12,4.211666666666665
Ботієве,2025,1,14.853200000000012
Ботієве,2025,2,14.90220000000001
Ботієве,2025,3,15.971100000000014
Ботієве,2025,4,16.603666666666697
Ботієве,2025,5,106.79350000000001
Ботієве,2025,6,150.81899999999987
Ботієве,2025,7,126.31179999999988
Ботієве,2025,8,27.321099999999944
Ботієве,2025,9,50.23489999999978
Ботієве,2025,10,24.142599999999934
Ботієве,2025,11,17.08990000000001
Ботієве,2025,12,16.846500000000013
Броди,2025,1,87.35650000000015
Броди,2025,2,87.18750000000014
Броди,2025,3,29.23839999999991
Броди,2025,4,94.1721000000003
Броди,2025,5,94.03786000000021
Броди,2025,6,134.28797999999998
Броди,2025,7,113.30862000000013
Броди,2025,8,94.29750000000027
Броди,2025,9,95.79430000000004
Броди,2025,10,86.88330000000018
Броди,2025,11,87.69480000000016
Броди,2025,12,87.35320000000016
Біла Церква,2025,1,95.32410000000026
Біла Церква,2025,2,95.26020000000024
Біла Церква,2025,3,41.83730000000003
Біла Церква,2025,4,103.14280000000025
Біла Церква,2025,5,68.23771999999997
Біла Церква,2025,6,119.0383499999997
Біла Церква,2025,7,92.47278999999989
Біла Церква,2025,8,102.95400000000022
Біла Церква,2025,9,91.46340000000028
Біла Церква,2025,10,94.63600000000027
Біла Церква,2025,11,95.63260000000027
Біла Церква,2025,12,95.31660000000024
Білгород-Дністровський,2025,1,0.1032
Білгород-Дністровський,2025,2,0.1306
Білгород-Дністровський,2025,3,3.5569999999999986
Білгород-Дністровський,2025,4,0.19259999999999933
Білгород-Дністровський,2025,5,66.42058000000019
Білгород-Дністровський,2025,6,110.73196999999996
Білгород-Дністровський,2025,7,87.63015000000007
Білгород-Дністровський,2025,8,9.261700000000037
Білгород-Дністровський,2025,9,24.684199999999954
Білгород-Дністровський,2025,10,8.339900000000005
Білгород-Дністровський,2025,11,0.04909999999999999
Білгород-Дністровський,2025,12,0.04909999999999999
Біловодськ,2025,1,13.985666666666678
Біловодськ,2025,2,14.034666666666675
Біловодськ,2025,3,14.152466666666687
Біловодськ,2025,4,14.576466666666688
Біловодськ,2025,5,65.56299999999997
Біловодськ,2025,6,102.17724999999984
Біловодськ,2025,7,88.47961999999994
Біловодськ,2025,8,24.259866666666554
Біловодськ,2025,9,27.277199999999937
Біловодськ,2025,10,22.651466666666508
Біловодськ,2025,11,15.775566666666672
Біловодськ,2025,12,15.52746666666667
Білопілля,2025,1,95.24420000000033
Білопілля,2025,2,94.95050000000032
Білопілля,2025,3,17.217099999999792
Білопілля,2025,4,100.78940000000047
Білопілля,2025,5,91.35666000000015
Білопілля,2025,6,131.93907999999982
Білопілля,2025,7,110.33712000000003
Білопілля,2025,8,100.62410000000048
Білопілля,2025,9,94.08650000000023
Білопілля,2025,10,94.57480000000034
Білопілля,2025,11,95.60290000000036
Білопілля,2025,12,95.29170000000033
Велика Олександрівка,2025,1,89.67910000000028
Велика Олександрівка,2025,2,89.40240000000026
Велика Олександрівка,2025,3,43.73439999999997
Велика Олександрівка,2025,4,101.07320000000045
Велика Олександрівка,2025,5,102.55038000000032
Велика Олександрівка,2025,6,154.81195999999989
Велика Олександрівка,2025,7,128.29616000000016
Велика Олександрівка,2025,8,100.04910000000044
Велика Олександрівка,2025,9,68.47939999999983
Велика Олександрівка,2025,10,86.8361000000002
Велика Олександрівка,2025,11,89.50250000000028
Велика Олександрівка,2025,12,89.43780000000027
Великий Березний,2025,1,7.107483333333336
Великий Березний,2025,2,7.129183333333337
Великий Березний,2025,3,0.014899999999999998
Великий Березний,2025,4,6.854633333333339
Великий Березний,2025,5,84.21368000000041
Великий Березний,2025,6,124.35936000000025
Великий Березний,2025,7,104.20002000000038
Великий Березний,2025,8,15.031266666666646
Великий Березний,2025,9,50.21289999999978
Великий Березний,2025,10,14.632416666666654
Великий Березний,2025,11,7.098883333333337
Великий Березний,2025,12,7.071583333333336
Великий Бурлук,2025,1,90.17350000000029
Великий Бурлук,2025,2,90.13940000000028
Великий Бурлук,2025,3,24.37850000000004
Великий Бурлук,2025,4,99.39710000000032
Великий Бурлук,2025,5,69.55463999999995
Великий Бурлук,2025,6,118.36126999999966
Великий Бурлук,2025,7,92.99130999999986
Великий Бурлук,2025,8,99.4003000000003
Великий Бурлук,2025,9,90.04680000000025
Великий Бурлук,2025,10,89.65730000000028
Великий Бурлук,2025,11,90.4298000000003
Великий Бурлук,2025,12,90.12580000000028
Веселий Поділ,2025,1,90.26390000000032
Веселий Поділ,2025,2,89.89240000000028
Веселий Поділ,2025,3,40.56800000000014
Веселий Поділ,2025,4,101.59710000000037
Веселий Поділ,2025,5,88.41958000000025
Веселий Поділ,2025,6,131.3378599999998
Веселий Поділ,2025,7,108.85000000000004
Веселий Поділ,2025,8,100.99920000000036
Веселий Поділ,2025,9,80.96970000000007
Веселий Поділ,2025,10,88.15230000000031
Веселий Поділ,2025,11,90.30110000000033
Веселий Поділ,2025,12,90.11670000000031
Вилкове,2025,1,0.0741
Вилкове,2025,2,0.0741
Вилкове,2025,3,1.9575999999999998
Вилкове,2025,4,0.1532999999999996
Вилкове,2025,5,71.08782000000025
Вилкове,2025,6,115.56941000000006
Вилкове,2025,7,92.40839000000024
Вилкове,2025,8,9.253400000000028
Вилкове,2025,9,27.68029999999995
Вилкове,2025,10,8.348700000000008
Вилкове,2025,11,0.0741
Вилкове,2025,12,0.0741
Вознесенськ,2025,1,72.36929999999995
Вознесенськ,2025,2,72.24819999999994
Вознесенськ,2025,3,38.99609999999993
Вознесенськ,2025,4,89.47000000000028
Вознесенськ,2025,5,87.14428000000002
Вознесенськ,2025,6,145.9253799999996
Вознесенськ,2025,7,116.11295999999969
Вознесенськ,2025,8,88.39290000000034
Вознесенськ,2025,9,64.74169999999975
Вознесенськ,2025,10,69.5001999999999
Вознесенськ,2025,11,72.31119999999997
Вознесенськ,2025,12,72.26599999999998
Волноваха,2025,1,13.304299999999998
Волноваха,2025,2,13.353299999999996
Волноваха,2025,3,13.853600000000002
Волноваха,2025,4,14.400100000000002
Волноваха,2025,5,34.60308000000008
Волноваха,2025,6,50.63146
Волноваха,2025,7,52.79800999999993
Волноваха,2025,8,24.088899999999917
Волноваха,2025,9,52.630999999999766
Волноваха,2025,10,21.750899999999884
Волноваха,2025,11,15.06299999999999
Волноваха,2025,12,14.858199999999991
Володимир,2025,1,96.92370000000034
Володимир,2025,2,96.64110000000032
Володимир,2025,3,25.998000000000083
Володимир,2025,4,108.55500000000042
Володимир,2025,5,92.59044000000016
Володимир,2025,6,133.05741999999995
Володимир,2025,7,112.00556000000009
Володимир,2025,8,108.2332000000004
Володимир,2025,9,100.08019999999989
Володимир,2025,10,96.05960000000034
Володимир,2025,11,97.24850000000035
Володимир,2025,12,96.96470000000032
Вінниця,2025,1,97.84160000000031
Вінниця,2025,2,97.82710000000033
Вінниця,2025,3,27.60820000000018
Вінниця,2025,4,109.4423000000004
Вінниця,2025,5,66.06969999999988
Вінниця,2025,6,116.2381899999996
Вінниця,2025,7,90.3745699999998
Вінниця,2025,8,108.98130000000035
Вінниця,2025,9,83.8871000000002
Вінниця,2025,10,96.9750000000003
Вінниця,2025,11,98.12540000000033
Вінниця,2025,12,97.8470000000003
Гадяч,2025,1,97.85530000000034
Гадяч,2025,2,97.57540000000033
Гадяч,2025,3,31.250399999999907
Гадяч,2025,4,106.02640000000034
Гадяч,2025,5,89.65924000000024
Гадяч,2025,6,131.0404599999999
Гадяч,2025,7,109.45310000000008
Гадяч,2025,8,105.58810000000031
Гадяч,2025,9,84.66150000000003
Гадяч,2025,10,96.91400000000031
Гадяч,2025,11,98.17630000000034
Гадяч,2025,12,97.89250000000034
Гайворон,2025,1,93.97690000000041
Гайворон,2025,2,93.54430000000039
Гайворон,2025,3,42.08419999999989
Гайворон,2025,4,105.0822000000005
Гайворон,2025,5,102.94788000000015
Гайворон,2025,6,155.5314399999999
Гайворон,2025,7,128.51493999999994
Гайворон,2025,8,104.24780000000048
Гайворон,2025,9,72.22599999999976
Гайворон,2025,10,91.56530000000039
Гайворон,2025,11,94.01370000000041
Гайворон,2025,12,93.87070000000043
Гайсин,2025,1,95.73270000000034
Гайсин,2025,2,95.43300000000032
Гайсин,2025,3,35.20999999999992
Гайсин,2025,4,101.54240000000041
Гайсин,2025,5,92.41932000000023
Гайсин,2025,6,132.93279999999996
Гайсин,2025,7,111.4728400000001
Гайсин,2025,8,101.20380000000038
Гайсин,2025,9,83.71400000000003
Гайсин,2025,10,94.76040000000033
Гайсин,2025,11,96.04890000000034
Гайсин,2025,12,95.72750000000033
Генічеськ,2025,1,70.85639999999984
Генічеськ,2025,2,70.95399999999984
Генічеськ,2025,3,47.77119999999995
Генічеськ,2025,4,86.63140000000011
Генічеськ,2025,5,51.2425999999999
Генічеськ,2025,6,112.17836999999963
Генічеськ,2025,7,81.5241699999998
Генічеськ,2025,8,87.49010000000023
Генічеськ,2025,9,57.65650000000032
Генічеськ,2025,10,69.98179999999982
Генічеськ,2025,11,71.87029999999986
Генічеськ,2025,12,71.78049999999983
Глухів,2025,1,0.2949999999999999
Глухів,2025,2,0.4897999999999998
Глухів,2025,3,0.016
Глухів,2025,4,0.5280000000000022
Глухів,2025,5,92.43466000000056
Глухів,2025,6,128.1944400000003
Глухів,2025,7,109.70772000000045
Глухів,2025,8,9.427100000000037
Глухів,2025,9,49.901966666666674
Глухів,2025,10,8.647500000000004
Глухів,2025,11,0.27999999999999986
Глухів,2025,12,0.27999999999999986
Губиниха,2025,1,96.11650000000034
Губиниха,2025,2,95.88580000000034
Губиниха,2025,3,24.829800000000013
Губиниха,2025,4,103.60380000000045
Губиниха,2025,5,82.26334000000016
Губиниха,2025,6,129.0466599999998
Губиниха,2025,7,103.63460000000005
Губиниха,2025,8,103.2414000000004
Губиниха,2025,9,67.93240000000002
Губиниха,2025,10,95.14240000000036
Губиниха,2025,11,96.39450000000036
Губиниха,2025,12,96.07380000000033
Гуляй Поле,2025,1,20.46659999999989
Гуляй Поле,2025,2,20.58329999999989
Гуляй Поле,2025,3,22.10969999999991
Гуляй Поле,2025,4,28.986699999999903
Гуляй Поле,2025,5,36.17253000000011
Гуляй Поле,2025,6,60.35114999999998
Гуляй Поле,2025,7,60.630549999999886
Гуляй Поле,2025,8,32.72409999999983
Гуляй Поле,2025,9,69.3839000000002
Гуляй Поле,2025,10,23.85429999999981
Гуляй Поле,2025,11,22.459199999999836
Гуляй Поле,2025,12,22.067099999999858
Гурзуф,2025,1,13.900999999999911
Гурзуф,2025,2,14.046499999999908
Гурзуф,2025,3,9.600200000000012
Гурзуф,2025,4,33.37489999999992
Гурзуф,2025,5,107.52300999999957
Гурзуф,2025,6,98.56583000000033
Гурзуф,2025,7,98.09982000000039
Гурзуф,2025,8,36.78269999999995
Гурзуф,2025,9,44.171500000000165
Гурзуф,2025,10,15.505399999999874
Гурзуф,2025,11,15.334799999999888
Гурзуф,2025,12,15.108999999999893
Дебальцеве,2025,1,83.89670000000011
Дебальцеве,2025,2,82.89660000000015
Дебальцеве,2025,3,0.0174
Дебальцеве,2025,4,84.73570000000026
Дебальцеве,2025,5,82.18778000000036
Дебальцеве,2025,6,125.62924000000011
Дебальцеве,2025,7,102.36978000000029
Дебальцеве,2025,8,85.55470000000028
Дебальцеве,2025,9,90.4205999999999
Дебальцеве,2025,10,83.11790000000015
Дебальцеве,2025,11,83.89670000000011
Дебальцеве,2025,12,83.89670000000011
Дніпро,2025,1,83.90050000000014
Дніпро,2025,2,83.85070000000013
Дніпро,2025,3,40.48619999999983
Дніпро,2025,4,101.44790000000063
Дніпро,2025,5,60.02319999999987
Дніпро,2025,6,128.45228999999935
Дніпро,2025,7,93.94926999999969
Дніпро,2025,8,99.94000000000061
Дніпро,2025,9,46.69650000000005
Дніпро,2025,10,81.10500000000012
Дніпро,2025,11,83.68020000000016
Дніпро,2025,12,83.63930000000015
Долина,2025,1,7.7844000000000015
Долина,2025,2,7.806100000000002
Долина,2025,3,0.0208
Долина,2025,4,7.509183333333337
Долина,2025,5,70.07134000000043
Долина,2025,6,115.65394000000019
Долина,2025,7,92.20394000000036
Долина,2025,8,15.92318333333332
Долина,2025,9,39.7200999999999
Долина,2025,10,15.270899999999989
Долина,2025,11,7.790000000000002
Долина,2025,12,7.7627000000000015
Долинська,2025,1,0.0
Долинська,2025,2,0.0
Долинська,2025,3,0.0
Долинська,2025,4,0.03090000000000003
Долинська,2025,5,70.92832000000026
Долинська,2025,6,115.33111000000005
Долинська,2025,7,92.30129000000022
Долинська,2025,8,9.12530000000001
Долинська,2025,9,27.66039999999995
Долинська,2025,10,8.274600000000008
Долинська,2025,11,0.0
Долинська,2025,12,0.0
Донецьк,2025,1,90.84900000000032
Донецьк,2025,2,90.75370000000034
Донецьк,2025,3,29.933999999999994
Донецьк,2025,4,107.14240000000062
Донецьк,2025,5,62.35485999999985
Донецьк,2025,6,132.40434999999934
Донецьк,2025,7,96.84572999999966
Донецьк,2025,8,106.12020000000061
Донецьк,2025,9,66.98669999999997
Донецьк,2025,10,88.18970000000029
Донецьк,2025,11,90.77820000000034
Донецьк,2025,12,90.73130000000035
Дрогобич,2025,1,94.36400000000039
Дрогобич,2025,2,94.14960000000039
Дрогобич,2025,3,30.11039999999992
Дрогобич,2025,4,99.94100000000044
Дрогобич,2025,5,107.1119400000003
Дрогобич,2025,6,158.03331999999983
Дрогобич,2025,7,131.89176000000006
Дрогобич,2025,8,99.6507000000004
Дрогобич,2025,9,96.80160000000024
Дрогобич,2025,10,93.51190000000038
Дрогобич,2025,11,94.72010000000039
Дрогобич,2025,12,94.40640000000037
Дружба,2025,1,86.40170000000018
Дружба,2025,2,86.07630000000013
Дружба,2025,3,25.39060000000003
Дружба,2025,4,87.35430000000018
Дружба,2025,5,97.80962000000042
Дружба,2025,6,136.48524
Дружба,2025,7,116.47068000000024
Дружба,2025,8,87.81860000000023
Дружба,2025,9,93.35029999999992
Дружба,2025,10,86.11250000000014
Дружба,2025,11,86.40170000000018
Дружба,2025,12,86.40170000000018
Дубно,2025,1,0.0
Дубно,2025,2,0.0
Дубно,2025,3,0.0087
Дубно,2025,4,0.04650000000000006
Дубно,2025,5,91.4350200000006
Дубно,2025,6,128.01294000000036
Дубно,2025,7,109.23672000000052
Дубно,2025,8,8.873100000000015
Дубно,2025,9,25.77439999999994
Дубно,2025,10,8.210400000000007
Дубно,2025,11,0.0
Дубно,2025,12,0.0
Жашків,2025,1,97.54250000000039
Жашків,2025,2,97.14150000000036
Жашків,2025,3,50.329700000000216
Жашків,2025,4,108.15460000000056
Жашків,2025,5,84.01467000000022
Жашків,2025,6,131.89348999999987
Жашків,2025,7,107.65642000000008
Жашків,2025,8,107.58110000000053
Жашків,2025,9,72.92729999999972
Жашків,2025,10,95.62050000000036
Жашків,2025,11,97.5894000000004
Жашків,2025,12,97.52700000000041
Житомир,2025,1,97.63800000000042
Житомир,2025,2,97.2832000000004
Житомир,2025,3,35.73419999999997
Житомир,2025,4,112.11770000000048
Житомир,2025,5,89.47840000000018
Житомир,2025,6,130.89345999999983
Житомир,2025,7,109.62068000000004
Житомир,2025,8,111.32770000000046
Житомир,2025,9,87.83420000000032
Житомир,2025,10,95.3940000000004
Житомир,2025,11,97.69250000000045
Житомир,2025,12,97.58050000000044
Жмеринка,2025,1,99.71980000000045
Жмеринка,2025,2,99.62870000000045
Жмеринка,2025,3,37.50119999999993
Жмеринка,2025,4,105.86080000000074
Жмеринка,2025,5,87.75564000000043
Жмеринка,2025,6,131.39363999999998
Жмеринка,2025,7,108.6521400000002
Жмеринка,2025,8,106.1660000000007
Жмеринка,2025,9,79.37029999999992
Жмеринка,2025,10,99.43810000000045
Жмеринка,2025,11,100.02810000000046
Жмеринка,2025,12,99.73560000000045
Запоріжжя,2025,1,88.79370000000026
Запоріжжя,2025,2,88.62340000000027
Запоріжжя,2025,3,25.306500000000064
Запоріжжя,2025,4,105.55980000000042
Запоріжжя,2025,5,80.69118000000005
Запоріжжя,2025,6,141.55412999999973
Запоріжжя,2025,7,110.72700999999998
Запоріжжя,2025,8,104.62770000000042
Запоріжжя,2025,9,61.83390000000028
Запоріжжя,2025,10,86.2348000000002
Запоріжжя,2025,11,88.71990000000025
Запоріжжя,2025,12,88.61450000000026
Затишшя,2025,1,0.29760000000000014
Затишшя,2025,2,0.5106000000000002
Затишшя,2025,3,5.506
Затишшя,2025,4,0.526600000000001
Затишшя,2025,5,68.34058000000019
Затишшя,2025,6,112.69987
Затишшя,2025,7,89.85695000000015
Затишшя,2025,8,9.42410000000001
Затишшя,2025,9,27.561299999999942
Затишшя,2025,10,8.592000000000008
Затишшя,2025,11,0.2712000000000001
Затишшя,2025,12,0.2712000000000001
Звенигородка,2025,1,94.25070000000044
Звенигородка,2025,2,94.04620000000044
Звенигородка,2025,3,40.11590000000008
Звенигородка,2025,4,105.2018000000005
Звенигородка,2025,5,80.61304000000015
Звенигородка,2025,6,126.3725999999999
Звенигородка,2025,7,102.20920000000005
Звенигородка,2025,8,104.5716000000005
Звенигородка,2025,9,71.12329999999982
Звенигородка,2025,10,92.29230000000044
Звенигородка,2025,11,94.30590000000046
Звенигородка,2025,12,94.18210000000045
Звягель,2025,1,100.3464000000004
Звягель,2025,2,99.71640000000038
Звягель,2025,3,28.050399999999946
Звягель,2025,4,102.56090000000056
Звягель,2025,5,88.87088000000013
Звягель,2025,6,129.84027999999978
Звягель,2025,7,108.30765999999996
Звягель,2025,8,102.59260000000057
Звягель,2025,9,88.72090000000013
Звягель,2025,10,99.32150000000037
Звягель,2025,11,100.3748000000004
Звягель,2025,12,100.34750000000041
Знам’янка,2025,1,94.16650000000043
Знам’янка,2025,2,93.95760000000041
Знам’янка,2025,3,45.00260000000032
Знам’янка,2025,4,104.0497000000004
Знам’янка,2025,5,86.13462000000023
Знам’янка,2025,6,128.25237999999993
Знам’янка,2025,7,106.43946000000007
Знам’янка,2025,8,103.52920000000039
Знам’янка,2025,9,74.98679999999982
Знам’янка,2025,10,92.25900000000043
Знам’янка,2025,11,94.24780000000044
Знам’янка,2025,12,94.11780000000043
Золотоноша,2025,1,7.37271666666667
Золотоноша,2025,2,7.395116666666668
Золотоноша,2025,3,0.016
Золотоноша,2025,4,7.067100000000004
Золотоноша,2025,5,72.7829600000005
Золотоноша,2025,6,116.83728000000029
Золотоноша,2025,7,94.00318000000046
Золотоноша,2025,8,15.239899999999986
Золотоноша,2025,9,50.85156666666668
Золотоноша,2025,10,14.843916666666653
Золотоноша,2025,11,7.376916666666669
Золотоноша,2025,12,7.34961666666667
Золочів,2025,1,0.0181
Золочів,2025,2,0.0181
Золочів,2025,3,2.2726999999999995
Золочів,2025,4,0.07179999999999999
Золочів,2025,5,93.03962000000062
Золочів,2025,6,129.19704000000038
Золочів,2025,7,110.44772000000053
Золочів,2025,8,8.92390000000002
Золочів,2025,9,25.89769999999994
Золочів,2025,10,8.271000000000008
Золочів,2025,11,0.0181
Золочів,2025,12,0.0181
Кам’янець-Подільський,2025,1,93.78040000000031
Кам’янець-Подільський,2025,2,93.46130000000029
Кам’янець-Подільський,2025,3,47.8833999999998
Кам’янець-Подільський,2025,4,100.35520000000034
Кам’янець-Подільський,2025,5,89.26014000000023
Кам’янець-Подільський,2025,6,131.09141999999986
Кам’янець-Подільський,2025,7,109.14236000000005
Кам’янець-Подільський,2025,8,100.22220000000029
Кам’янець-Подільський,2025,9,83.93960000000014
Кам’янець-Подільський,2025,10,92.99520000000031
Кам’янець-Подільський,2025,11,94.10760000000033
Кам’янець-Подільський,2025,12,93.76880000000031
Канів,2025,1,0.0
Канів,2025,2,0.0
Канів,2025,3,0.2532
Канів,2025,4,0.03030000000000003
Канів,2025,5,89.14482000000059
Канів,2025,6,126.54554000000024
Канів,2025,7,107.13622000000045
Канів,2025,8,9.236600000000008
Канів,2025,9,27.28019999999995
Канів,2025,10,8.411400000000008
Канів,2025,11,0.0
Канів,2025,12,0.0
Керч,2025,1,64.04339999999968
Керч,2025,2,64.09199999999969
Керч,2025,3,41.05699999999983
Керч,2025,4,78.25930000000008
Керч,2025,5,86.74140000000041
Керч,2025,6,149.56037000000023
Керч,2025,7,117.99077000000032
Керч,2025,8,77.8074000000001
Керч,2025,9,34.67969999999973
Керч,2025,10,62.2941999999997
Керч,2025,11,64.80459999999965
Керч,2025,12,64.76429999999965
Кирилівка,2025,1,93.41460000000043
Кирилівка,2025,2,92.93100000000042
Кирилівка,2025,3,23.040599999999962
Кирилівка,2025,4,104.0997000000005
Кирилівка,2025,5,88.33854000000008
Кирилівка,2025,6,130.5827399999997
Кирилівка,2025,7,109.2443999999999
Кирилівка,2025,8,103.36390000000046
Кирилівка,2025,9,63.63319999999965
Кирилівка,2025,10,91.0850000000004
Кирилівка,2025,11,93.46450000000044
Кирилівка,2025,12,93.32150000000043
Київ,2025,1,94.02120000000049
Київ,2025,2,93.8684000000005
Київ,2025,3,37.7974
Київ,2025,4,107.07030000000063
Київ,2025,5,82.19191999999995
Київ,2025,6,143.38345999999964
Київ,2025,7,112.29877999999974
Київ,2025,8,106.06890000000064
Київ,2025,9,83.96389999999953
Київ,2025,10,91.5001000000005
Київ,2025,11,94.03810000000051
Київ,2025,12,93.9873000000005
Клепиніне,2025,1,81.47630000000008
Клепиніне,2025,2,81.30790000000005
Клепиніне,2025,3,46.691900000000075
Клепиніне,2025,4,96.38700000000038
Клепиніне,2025,5,85.56428000000028
Клепиніне,2025,6,145.74641999999972
Клепиніне,2025,7,115.23468000000008
Клепиніне,2025,8,95.26230000000048
Клепиніне,2025,9,65.3246000000001
Клепиніне,2025,10,78.44910000000007
Клепиніне,2025,11,81.12750000000005
Клепиніне,2025,12,81.08330000000007
Кобеляки,2025,1,92.67670000000035
Кобеляки,2025,2,92.49110000000034
Кобеляки,2025,3,26.50170000000001
Кобеляки,2025,4,104.60160000000042
Кобеляки,2025,5,77.14774000000011
Кобеляки,2025,6,124.08983999999978
Кобеляки,2025,7,98.85482000000002
Кобеляки,2025,8,104.02330000000039
Кобеляки,2025,9,67.78890000000001
Кобеляки,2025,10,90.46410000000034
Кобеляки,2025,11,92.72110000000038
Кобеляки,2025,12,92.56960000000034
Ковель,2025,1,94.96810000000038
Ковель,2025,2,94.68150000000037
Ковель,2025,3,34.70009999999992
Ковель,2025,4,101.52700000000048
Ковель,2025,5,90.12306000000014
Ковель,2025,6,131.15417999999985
Ковель,2025,7,109.57782
Ковель,2025,8,101.34360000000044
Ковель,2025,9,96.29709999999986
Ковель,2025,10,94.25130000000038
Ковель,2025,11,95.32360000000038
Ковель,2025,12,95.01250000000036
Коломак,2025,1,98.00266666666693
Коломак,2025,2,97.59696666666689
Коломак,2025,3,0.16549999999999998
Коломак,2025,4,97.29496666666697
Коломак,2025,5,82.1634000000004
Коломак,2025,6,127.06250000000006
Коломак,2025,7,102.98500000000035
Коломак,2025,8,96.96066666666701
Коломак,2025,9,61.00679999999985
Коломак,2025,10,97.13376666666692
Коломак,2025,11,98.22166666666692
Коломак,2025,12,98.21146666666692
Коломия,2025,1,91.62690000000028
Коломия,2025,2,91.30970000000023
Коломия,2025,3,31.25079999999986
Коломия,2025,4,97.99750000000051
Коломия,2025,5,113.46840000000024
Коломия,2025,6,163.42274000000006
Коломия,2025,7,137.5576800000001
Коломия,2025,8,97.83210000000051
Коломия,2025,9,91.2950000000002
Коломия,2025,10,90.66780000000026
Коломия,2025,11,91.90650000000028
Коломия,2025,12,91.57690000000026
Комісарівка,2025,1,91.60950000000037
Комісарівка,2025,2,91.17680000000036
Комісарівка,2025,3,24.56559999999997
Комісарівка,2025,4,100.14170000000045
Комісарівка,2025,5,97.9027600000002
Комісарівка,2025,6,137.13687999999993
Комісарівка,2025,7,116.33432000000006
Комісарівка,2025,8,99.57130000000042
Комісарівка,2025,9,84.39160000000005
Комісарівка,2025,10,89.69490000000037
Комісарівка,2025,11,91.70120000000037
Комісарівка,2025,12,91.51290000000037
Конотоп,2025,1,98.19190000000025
Конотоп,2025,2,97.93480000000025
Конотоп,2025,3,26.88150000000021
Конотоп,2025,4,108.99090000000041
Конотоп,2025,5,96.32500000000009
Конотоп,2025,6,136.1572199999999
Конотоп,2025,7,115.14106000000001
Конотоп,2025,8,108.75350000000036
Конотоп,2025,9,97.21330000000006
Конотоп,2025,10,97.45750000000025
Конотоп,2025,11,98.45140000000028
Конотоп,2025,12,98.20230000000026
Коростень,2025,1,0.0772
Коростень,2025,2,0.23879999999999996
Коростень,2025,3,0.08639999999999999
Коростень,2025,4,0.3166000000000004
Коростень,2025,5,91.99542000000064
Коростень,2025,6,128.57334000000037
Коростень,2025,7,109.79712000000053
Коростень,2025,8,9.035500000000036
Коростень,2025,9,49.26795000000006
Коростень,2025,10,8.302600000000005
Коростень,2025,11,0.0772
Коростень,2025,12,0.0772
Красноград,2025,1,94.82290000000046
Красноград,2025,2,94.62370000000044
Красноград,2025,3,34.47349999999987
Красноград,2025,4,104.83420000000045
Красноград,2025,5,85.89706000000025
Красноград,2025,6,128.03705999999994
Красноград,2025,7,106.25184000000009
Красноград,2025,8,104.05340000000042
Красноград,2025,9,73.27949999999979
Красноград,2025,10,92.95040000000047
Красноград,2025,11,94.91490000000047
Красноград,2025,12,94.74300000000045
Крем’янець,2025,1,94.93050000000032
Крем’янець,2025,2,94.70780000000032
Крем’янець,2025,3,46.426200000000385
Крем’янець,2025,4,104.92500000000044
Крем’янець,2025,5,76.05974000000023
Крем’янець,2025,6,125.21923999999989
Крем’янець,2025,7,99.23714000000007
Крем’янець,2025,8,104.45730000000043
Крем’янець,2025,9,77.7666999999999
Крем’янець,2025,10,92.97470000000031
Крем’янець,2025,11,94.99890000000035
Крем’янець,2025,12,94.88040000000034
Кривий Ріг,2025,1,90.85910000000028
Кривий Ріг,2025,2,90.80020000000029
Кривий Ріг,2025,3,28.252900000000015
Кривий Ріг,2025,4,102.7761000000005
Кривий Ріг,2025,5,72.39654000000012
Кривий Ріг,2025,6,133.62468999999967
Кривий Ріг,2025,7,102.36436999999992
Кривий Ріг,2025,8,101.51240000000047
Кривий Ріг,2025,9,48.53170000000013
Кривий Ріг,2025,10,88.46240000000024
Кривий Ріг,2025,11,90.8642000000003
Кривий Ріг,2025,12,90.7783000000003
Кропивницький,2025,1,89.06680000000028
Кропивницький,2025,2,88.8872000000003
Кропивницький,2025,3,27.89920000000007
Кропивницький,2025,4,105.29300000000039
Кропивницький,2025,5,81.51957999999986
Кропивницький,2025,6,142.79236999999972
Кропивницький,2025,7,111.35200999999977
Кропивницький,2025,8,104.6063000000004
Кропивницький,2025,9,61.80530000000008
Кропивницький,2025,10,86.9162000000003
Кропивницький,2025,11,89.0408000000003
Кропивницький,2025,12,88.92160000000031
Куп’янськ,2025,1,92.04950000000035
Куп’янськ,2025,2,91.56730000000034
Куп’янськ,2025,3,23.70899999999986
Куп’янськ,2025,4,102.1103000000005
Куп’янськ,2025,5,106.06192000000019
Куп’янськ,2025,6,156.48223999999985
Куп’янськ,2025,7,130.56401999999997
Куп’янськ,2025,8,101.2900000000005
Куп’янськ,2025,9,83.76510000000009
Куп’янськ,2025,10,89.42580000000031
Куп’янськ,2025,11,92.02650000000037
Куп’янськ,2025,12,91.89420000000037
Лебедин,2025,1,0.4199999999999997
Лебедин,2025,2,0.6268
Лебедин,2025,3,0.0
Лебедин,2025,4,0.6848000000000029
Лебедин,2025,5,89.21662000000057
Лебедин,2025,6,126.43164000000026
Лебедин,2025,7,107.26122000000045
Лебедин,2025,8,9.406900000000043
Лебедин,2025,9,49.400900000000014
Лебедин,2025,10,8.630500000000005
Лебедин,2025,11,0.4199999999999997
Лебедин,2025,12,0.39359999999999973
Лозова,2025,1,98.91440000000036
Лозова,2025,2,98.72420000000038
Лозова,2025,3,28.941599999999962
Лозова,2025,4,106.32860000000048
Лозова,2025,5,75.8796400000001
Лозова,2025,6,124.91635999999984
Лозова,2025,7,99.40234000000001
Лозова,2025,8,105.88960000000043
Лозова,2025,9,68.83129999999996
Лозова,2025,10,97.92140000000036
Лозова,2025,11,99.22760000000038
Лозова,2025,12,98.90690000000036
Лубни,2025,1,96.52410000000042
Лубни,2025,2,96.3533000000004
Лубни,2025,3,27.0070000000002
Лубни,2025,4,112.0595000000005
Лубни,2025,5,88.14650000000016
Лубни,2025,6,128.65541999999985
Лубни,2025,7,107.42222000000002
Лубни,2025,8,111.37150000000048
Лубни,2025,9,84.2993
Лубни,2025,10,94.35540000000042
Лубни,2025,11,96.58470000000044
Лубни,2025,12,96.49820000000042
Луганськ,2025,1,89.00740000000036
Луганськ,2025,2,88.62140000000035
Луганськ,2025,3,30.353400000000146
Луганськ,2025,4,104.71840000000044
Луганськ,2025,5,102.72892000000006
Луганськ,2025,6,152.8050799999999
Луганськ,2025,7,127.48745999999984
Луганськ,2025,8,104.03070000000045
Луганськ,2025,9,85.9043000000001
Луганськ,2025,10,86.49690000000031
Луганськ,2025,11,88.98180000000035
Луганськ,2025,12,88.85370000000036
Луцьк,2025,1,98.61940000000033
Луцьк,2025,2,98.54710000000033
Луцьк,2025,3,36.114200000000004
Луцьк,2025,4,104.73290000000044
Луцьк,2025,5,86.73074000000031
Луцьк,2025,6,130.13143999999988
Луцьк,2025,7,107.62902000000011
Луцьк,2025,8,104.66450000000042
Луцьк,2025,9,91.79620000000025
Луцьк,2025,10,97.88990000000031
Луцьк,2025,11,98.93940000000035
Луцьк,2025,12,98.62080000000034
Львів,2025,1,96.98580000000032
Львів,2025,2,96.70630000000033
Львів,2025,3,25.889300000000034
Львів,2025,4,109.17110000000045
Львів,2025,5,89.74256000000017
Львів,2025,6,130.7104799999998
Львів,2025,7,108.91772
Львів,2025,8,108.95620000000041
Львів,2025,9,97.87159999999996
Львів,2025,10,96.17270000000035
Львів,2025,11,97.31280000000034
Львів,2025,12,97.02160000000032
Любашівка,2025,1,93.02500000000038
Любашівка,2025,2,92.77860000000038
Любашівка,2025,3,31.206500000000172
Любашівка,2025,4,110.03750000000042
Любашівка,2025,5,85.8797800000002
Любашівка,2025,6,145.70791999999977
Любашівка,2025,7,115.44614000000006
Любашівка,2025,8,109.04050000000043
Любашівка,2025,9,68.53010000000002
Любашівка,2025,10,90.37000000000035
Любашівка,2025,11,92.97410000000035
Любашівка,2025,12,92.88350000000037
Любешів,2025,1,5.509783333333332
Любешів,2025,2,5.540283333333332
Любешів,2025,3,0.0
Любешів,2025,4,5.2304499999999985
Любешів,2025,5,83.57480000000051
Любешів,2025,6,122.29960000000037
Любешів,2025,7,102.52452000000046
Любешів,2025,8,13.480549999999996
Любешів,2025,9,52.54669999999977
Любешів,2025,10,13.13418333333333
Любешів,2025,11,5.494883333333332
Любешів,2025,12,5.467583333333331
Маневичі,2025,1,0.0
Маневичі,2025,2,0.0
Маневичі,2025,3,0.016
Маневичі,2025,4,0.045900000000000066
Маневичі,2025,5,93.03962000000062
Маневичі,2025,6,129.19704000000038
Маневичі,2025,7,110.44772000000053
Маневичі,2025,8,8.898000000000014
Маневичі,2025,9,25.87959999999994
Маневичі,2025,10,8.252900000000007
Маневичі,2025,11,0.0
Маневичі,2025,12,0.0
Маріуполь,2025,1,73.90979999999982
Маріуполь,2025,2,74.00889999999983
Маріуполь,2025,3,26.745700000000028
Маріуполь,2025,4,84.10889999999999
Маріуполь,2025,5,45.01460000000003
Маріуполь,2025,6,102.77866999999956
Маріуполь,2025,7,72.9691699999998
Маріуполь,2025,8,83.96539999999999
Маріуполь,2025,9,43.16389999999996
Маріуполь,2025,10,72.74639999999981
Маріуполь,2025,11,74.76299999999982
Маріуполь,2025,12,74.67129999999982
Мелітополь,2025,1,19.37959999999992
Мелітополь,2025,2,19.496299999999916
Мелітополь,2025,3,20.439399999999935
Мелітополь,2025,4,25.742199999999926
Мелітополь,2025,5,39.695969999999875
Мелітополь,2025,6,56.158199999999944
Мелітополь,2025,7,57.28169999999988
Мелітополь,2025,8,29.46819999999986
Мелітополь,2025,9,52.10639999999976
Мелітополь,2025,10,22.73199999999984
Мелітополь,2025,11,21.08589999999987
Мелітополь,2025,12,20.738499999999885
Миколаїв,2025,1,87.88310000000025
Миколаїв,2025,2,87.85030000000026
Миколаїв,2025,3,38.855999999999845
Миколаїв,2025,4,98.73970000000044
Миколаїв,2025,5,58.615159999999904
Миколаїв,2025,6,129.06494999999947
Миколаїв,2025,7,93.28078999999981
Миколаїв,2025,8,97.63880000000044
Миколаїв,2025,9,47.25020000000009
Миколаїв,2025,10,85.46950000000024
Миколаїв,2025,11,87.78230000000026
Миколаїв,2025,12,87.73810000000027
Миронівка,2025,1,95.88040000000044
Миронівка,2025,2,95.67690000000042
Миронівка,2025,3,30.2115000000002
Миронівка,2025,4,111.14860000000044
Миронівка,2025,5,82.38100000000011
Миронівка,2025,6,125.5767599999997
Миронівка,2025,7,103.19633999999989
Миронівка,2025,8,110.48930000000045
Миронівка,2025,9,94.81960000000014
Миронівка,2025,10,93.77120000000043
Миронівка,2025,11,95.96410000000044
Миронівка,2025,12,95.81260000000043
Могилів-Подільський,2025,1,91.55120000000036
Могилів-Подільський,2025,2,91.08440000000036
Могилів-Подільський,2025,3,38.18569999999989
Могилів-Подільський,2025,4,103.37450000000054
Могилів-Подільський,2025,5,100.24085999999993
Могилів-Подільський,2025,6,151.56111999999962
Могилів-Подільський,2025,7,125.51881999999972
Могилів-Подільський,2025,8,102.35730000000054
Могилів-Подільський,2025,9,69.20869999999967
Могилів-Подільський,2025,10,88.67440000000032
Могилів-Подільський,2025,11,91.52690000000034
Могилів-Подільський,2025,12,91.42740000000036
Мостиська,2025,1,7.110433333333352
Мостиська,2025,2,7.1329333333333516
Мостиська,2025,3,1.8254333333333337
Мостиська,2025,4,6.889916666666688
Мостиська,2025,5,75.68412000000048
Мостиська,2025,6,120.30634000000035
Мостиська,2025,7,98.10864000000049
Мостиська,2025,8,15.00441666666661
Мостиська,2025,9,39.339099999999895
Мостиська,2025,10,14.55153333333329
Мостиська,2025,11,7.098800000000018
Мостиська,2025,12,7.075500000000019
Міжгір’я,2025,1,0.0
Міжгір’я,2025,2,0.0
Міжгір’я,2025,3,0.10700000000000003
Міжгір’я,2025,4,0.04530000000000006
Міжгір’я,2025,5,90.24458000000043
Міжгір’я,2025,6,128.73288000000008
Міжгір’я,2025,7,109.41140000000027
Міжгір’я,2025,8,8.994900000000014
Міжгір’я,2025,9,25.450699999999955
Міжгір’я,2025,10,8.334400000000008
Міжгір’я,2025,11,0.0
Міжгір’я,2025,12,0.0
Нижні Ворота,2025,1,0.1134
Нижні Ворота,2025,2,0.3117999999999999
Нижні Ворота,2025,3,0.06980000000000001
Нижні Ворота,2025,4,0.36010000000000086
Нижні Ворота,2025,5,88.96120000000052
Нижні Ворота,2025,6,126.17844000000022
Нижні Ворота,2025,7,107.01462000000039
Нижні Ворота,2025,8,9.166200000000027
Нижні Ворота,2025,9,53.73819999999973
Нижні Ворота,2025,10,8.443300000000004
Нижні Ворота,2025,11,0.1134
Нижні Ворота,2025,12,0.1134
Нижні Сірогози,2025,1,10.808100000000023
Нижні Сірогози,2025,2,10.85710000000002
Нижні Сірогози,2025,3,12.315800000000028
Нижні Сірогози,2025,4,12.949966666666707
Нижні Сірогози,2025,5,96.05900000000003
Нижні Сірогози,2025,6,148.66779999999991
Нижні Сірогози,2025,7,120.8304999999999
Нижні Сірогози,2025,8,22.77179999999999
Нижні Сірогози,2025,9,53.70779999999972
Нижні Сірогози,2025,10,19.562499999999993
Нижні Сірогози,2025,11,12.69480000000003
Нижні Сірогози,2025,12,12.455100000000028
Нижній Студений,2025,1,0.0
Нижній Студений,2025,2,0.0
Нижній Студений,2025,3,0.0348
Нижній Студений,2025,4,0.05370000000000008
Нижній Студений,2025,5,92.04626000000057
Нижній Студений,2025,6,128.18294000000031
Нижній Студений,2025,7,109.70472000000046
Нижній Студений,2025,8,9.002500000000019
Нижній Студений,2025,9,25.992499999999954
Нижній Студений,2025,10,8.306100000000006
Нижній Студений,2025,11,0.0
Нижній Студений,2025,12,0.0
Нова Каховка,2025,1,60.74519999999974
Нова Каховка,2025,2,60.76499999999974
Нова Каховка,2025,3,47.59600000000009
Нова Каховка,2025,4,78.48040000000002
Нова Каховка,2025,5,82.00260000000011
Нова Каховка,2025,6,144.70941999999994
Нова Каховка,2025,7,113.35346
Нова Каховка,2025,8,78.7641000000001
Нова Каховка,2025,9,67.8236
Нова Каховка,2025,10,59.10649999999976
Нова Каховка,2025,11,60.99979999999975
Нова Каховка,2025,12,60.95309999999974
Нова Ушиця,2025,1,98.5585000000004
Нова Ушиця,2025,2,98.30390000000037
Нова Ушиця,2025,3,34.93829999999989
Нова Ушиця,2025,4,105.39640000000064
Нова Ушиця,2025,5,89.9224000000002
Нова Ушиця,2025,6,130.9625799999999
Нова Ушиця,2025,7,109.33346000000006
Нова Ушиця,2025,8,105.38680000000063
Нова Ушиця,2025,9,92.9399000000001
Нова Ушиця,2025,10,98.02810000000039
Нова Ушиця,2025,11,98.86840000000042
Нова Ушиця,2025,12,98.55720000000039
Новодністровськ,2025,1,0.0
Новодністровськ,2025,2,0.019
Новодністровськ,2025,3,2.4498999999999995
Новодністровськ,2025,4,0.04930000000000003
Новодністровськ,2025,5,89.58392000000059
Новодністровськ,2025,6,126.90094000000029
Новодністровськ,2025,7,107.73052000000045
Новодністровськ,2025,8,8.92190000000001
Новодністровськ,2025,9,26.05579999999994
Новодністровськ,2025,10,8.226100000000008
Новодністровськ,2025,11,0.0
Новодністровськ,2025,12,0.0
Новомиргород,2025,1,95.3654000000003
Новомиргород,2025,2,95.05860000000028
Новомиргород,2025,3,46.791000000000096
Новомиргород,2025,4,101.82520000000048
Новомиргород,2025,5,96.40316000000024
Новомиргород,2025,6,135.96638000000002
Новомиргород,2025,7,115.15802000000015
Новомиргород,2025,8,101.58260000000044
Новомиргород,2025,9,93.09660000000027
Новомиргород,2025,10,94.6462000000003
Новомиргород,2025,11,95.72610000000032
Новомиргород,2025,12,95.39700000000029
Ніжин,2025,1,95.20850000000037
Ніжин,2025,2,94.90230000000037
Ніжин,2025,3,34.0986999999999
Ніжин,2025,4,102.87430000000062
Ніжин,2025,5,93.9330600000001
Ніжин,2025,6,133.28447999999983
Ніжин,2025,7,112.53702
Ніжин,2025,8,103.02720000000059
Ніжин,2025,9,89.64600000000004
Ніжин,2025,10,94.82000000000038
Ніжин,2025,11,95.52360000000039
Ніжин,2025,12,95.21240000000036
Нікополь,2025,1,6.690233333333344
Нікополь,2025,2,6.711933333333344
Нікополь,2025,3,0.47750000000000004
Нікополь,2025,4,6.456450000000014
Нікополь,2025,5,66.39722000000029
Нікополь,2025,6,111.80582000000004
Нікополь,2025,7,88.3532200000002
Нікополь,2025,8,14.528249999999975
Нікополь,2025,9,60.84950000000014
Нікополь,2025,10,13.950633333333318
Нікополь,2025,11,6.6954333333333445
Нікополь,2025,12,6.668133333333344
Овруч,2025,1,101.41570000000038
Овруч,2025,2,100.72200000000039
Овруч,2025,3,28.24349999999985
Овруч,2025,4,103.91610000000051
Овруч,2025,5,92.15656000000016
Овруч,2025,6,133.26335999999986
Овруч,2025,7,112.41724000000004
Овруч,2025,8,104.13950000000051
Овруч,2025,9,92.45450000000002
Овруч,2025,10,100.54050000000036
Овруч,2025,11,101.4545000000004
Овруч,2025,12,101.4272000000004
Одеса,2025,1,72.60409999999992
Одеса,2025,2,72.61249999999993
Одеса,2025,3,54.92130000000029
Одеса,2025,4,89.81360000000022
Одеса,2025,5,84.51234000000005
Одеса,2025,6,135.76915999999974
Одеса,2025,7,108.90869999999988
Одеса,2025,8,89.81120000000031
Одеса,2025,9,52.88010000000054
Одеса,2025,10,71.03199999999988
Одеса,2025,11,73.37489999999994
Одеса,2025,12,73.32989999999994
Олевськ,2025,1,90.26130000000029
Олевськ,2025,2,90.09920000000028
Олевськ,2025,3,29.989199999999954
Олевськ,2025,4,96.90100000000037
Олевськ,2025,5,95.65818000000026
Олевськ,2025,6,135.22314
Олевськ,2025,7,114.51198000000015
Олевськ,2025,8,96.87510000000036
Олевськ,2025,9,96.2523999999999
Олевськ,2025,10,89.67690000000027
Олевськ,2025,11,90.59100000000029
Олевськ,2025,12,90.26190000000028
Остер,2025,1,0.0
Остер,2025,2,0.0
Остер,2025,3,0.016
Остер,2025,4,0.04530000000000006
Остер,2025,5,89.74052000000061
Остер,2025,6,127.33974000000028
Остер,2025,7,108.13562000000047
Остер,2025,8,9.337400000000013
Остер,2025,9,27.823599999999953
Остер,2025,10,8.411400000000008
Остер,2025,11,0.0
Остер,2025,12,0.0
Очаків,2025,1,5.543833333333341
Очаків,2025,2,5.586333333333341
Очаків,2025,3,14.059099999999914
Очаків,2025,4,5.545666666666676
Очаків,2025,5,63.09080000000023
Очаків,2025,6,110.86287000000013
Очаків,2025,7,86.20257000000018
Очаків,2025,8,13.915266666666653
Очаків,2025,9,31.470133333333226
Очаків,2025,10,13.082033333333326
Очаків,2025,11,5.4707333333333406
Очаків,2025,12,5.44343333333334
Павлоград,2025,1,0.0205
Павлоград,2025,2,0.0205
Павлоград,2025,3,1.7555666666666672
Павлоград,2025,4,0.09789999999999974
Павлоград,2025,5,91.04692000000063
Павлоград,2025,6,127.69604000000037
Павлоград,2025,7,108.73162000000052
Павлоград,2025,8,8.933800000000028
Павлоград,2025,9,47.65246666666668
Павлоград,2025,10,8.230900000000007
Павлоград,2025,11,0.0205
Павлоград,2025,12,0.0205
Первомайськ,2025,1,11.39983333333335
Первомайськ,2025,2,11.48203333333335
Первомайськ,2025,3,0.1311
Первомайськ,2025,4,11.373350000000016
Первомайськ,2025,5,68.13116000000025
Первомайськ,2025,6,113.52675999999992
Первомайськ,2025,7,90.2306600000001
Первомайськ,2025,8,19.958949999999938
Первомайськ,2025,9,55.08449999999972
Первомайськ,2025,10,19.082233333333285
Первомайськ,2025,11,11.492533333333348
Первомайськ,2025,12,11.465233333333348
Плай,2025,1,0.0
Плай,2025,2,0.0
Плай,2025,3,0.0087
Плай,2025,4,0.04680000000000007
Плай,2025,5,67.14758000000018
Плай,2025,6,111.54696999999996
Плай,2025,7,88.5953500000001
Плай,2025,8,9.146300000000018
Плай,2025,9,24.640599999999953
Плай,2025,10,8.274600000000008
Плай,2025,11,0.0
Плай,2025,12,0.0
Пожижевська,2025,1,0.17799999999999996
Пожижевська,2025,2,0.09390000000000001
Пожижевська,2025,3,0.13660000000000003
Пожижевська,2025,4,0.1130999999999999
Пожижевська,2025,5,66.71068000000027
Пожижевська,2025,6,108.73897000000001
Пожижевська,2025,7,86.48015000000011
Пожижевська,2025,8,8.959800000000016
Пожижевська,2025,9,23.331099999999964
Пожижевська,2025,10,8.368500000000008
Пожижевська,2025,11,0.112
Пожижевська,2025,12,0.112
Покошичі,2025,1,0.0
Покошичі,2025,2,0.0
Покошичі,2025,3,3.058499999999999
Покошичі,2025,4,0.03030000000000003
Покошичі,2025,5,89.76302000000061
Покошичі,2025,6,127.37414000000028
Покошичі,2025,7,108.13562000000047
Покошичі,2025,8,9.26130000000001
Покошичі,2025,9,27.343899999999948
Покошичі,2025,10,8.411400000000008
Покошичі,2025,11,0.0
Покошичі,2025,12,0.0
Покровськ,2025,1,14.48010000000009
Покровськ,2025,2,14.501800000000092
Покровськ,2025,3,1.2865
Покровськ,2025,4,15.120000000000092
Покровськ,2025,5,85.49240000000049
Покровськ,2025,6,124.34328000000029
Покровськ,2025,7,104.40496000000043
Покровськ,2025,8,22.646299999999943
Покровськ,2025,9,49.43559999999973
Покровськ,2025,10,21.36170000000002
Покровськ,2025,11,14.45840000000009
Покровськ,2025,12,14.45840000000009
Полтава,2025,1,95.19100000000034
Полтава,2025,2,95.02110000000036
Полтава,2025,3,25.65630000000004
Полтава,2025,4,108.31420000000044
Полтава,2025,5,62.99168000000012
Полтава,2025,6,117.47713999999979
Полтава,2025,7,87.86234000000003
Полтава,2025,8,107.56340000000041
Полтава,2025,9,76.77909999999993
Полтава,2025,10,92.82180000000032
Полтава,2025,11,95.19980000000037
Полтава,2025,12,95.12260000000036
Помічна,2025,1,7.817233333333347
Помічна,2025,2,7.838933333333346
Помічна,2025,3,0.0
Помічна,2025,4,7.521416666666682
Помічна,2025,5,66.29034000000027
Помічна,2025,6,111.81864000000009
Помічна,2025,7,88.2683400000002
Помічна,2025,8,15.89951666666664
Помічна,2025,9,45.68249999999995
Помічна,2025,10,15.152433333333311
Помічна,2025,11,7.818733333333347
Помічна,2025,12,7.791433333333346
Прилуки,2025,1,96.39780000000032
Прилуки,2025,2,96.10100000000031
Прилуки,2025,3,25.419599999999903
Прилуки,2025,4,101.92600000000046
Прилуки,2025,5,94.45200000000017
Прилуки,2025,6,134.18661999999992
Прилуки,2025,7,113.08126000000009
Прилуки,2025,8,101.72880000000046
Прилуки,2025,9,88.63790000000013
Прилуки,2025,10,95.79520000000032
Прилуки,2025,11,96.76170000000033
Прилуки,2025,12,96.45050000000032
Пришиб,2025,1,83.76940000000018
Пришиб,2025,2,83.65070000000014
Пришиб,2025,3,27.339399999999976
Пришиб,2025,4,95.22150000000022
Пришиб,2025,5,78.83580000000016
Пришиб,2025,6,139.87025999999977
Пришиб,2025,7,109.12982000000004
Пришиб,2025,8,94.6925000000003
Пришиб,2025,9,67.88919999999997
Пришиб,2025,10,81.54660000000017
Пришиб,2025,11,83.61160000000017
Пришиб,2025,12,83.51310000000016
Рава Руська,2025,1,95.18880000000028
Рава Руська,2025,2,94.88130000000025
Рава Руська,2025,3,36.000999999999955
Рава Руська,2025,4,101.8847000000004
Рава Руська,2025,5,88.17804000000018
Рава Руська,2025,6,130.4015599999998
Рава Руська,2025,7,108.1297
Рава Руська,2025,8,101.85750000000039
Рава Руська,2025,9,94.95610000000015
Рава Руська,2025,10,94.39810000000028
Рава Руська,2025,11,95.5101000000003
Рава Руська,2025,12,95.18340000000028
Рахів,2025,1,98.89350000000036
Рахів,2025,2,98.49030000000035
Рахів,2025,3,32.14769999999981
Рахів,2025,4,106.32450000000053
Рахів,2025,5,92.03400000000006
Рахів,2025,6,134.1281999999999
Рахів,2025,7,112.57385999999998
Рахів,2025,8,105.9633000000005
Рахів,2025,9,79.16709999999996
Рахів,2025,10,97.53150000000036
Рахів,2025,11,99.13080000000039
Рахів,2025,12,98.87480000000038
Роздільна,2025,1,11.463199999999997
Роздільна,2025,2,11.564099999999998
Роздільна,2025,3,0.0745
Роздільна,2025,4,11.463883333333333
Роздільна,2025,5,63.97914000000034
Роздільна,2025,6,111.65404000000008
Роздільна,2025,7,86.72984000000021
Роздільна,2025,8,20.35578333333326
Роздільна,2025,9,52.71649999999978
Роздільна,2025,10,19.232599999999945
Роздільна,2025,11,11.624799999999997
Роздільна,2025,12,11.575799999999997
Ромни,2025,1,100.09530000000036
Ромни,2025,2,99.67920000000035
Ромни,2025,3,26.068899999999925
Ромни,2025,4,107.0253000000005
Ромни,2025,5,89.53866000000019
Ромни,2025,6,130.93901999999983
Ромни,2025,7,109.44334000000002
Ромни,2025,8,106.7306000000005
Ромни,2025,9,87.44470000000027
Ромни,2025,10,99.05550000000035
Ромни,2025,11,100.29520000000038
Ромни,2025,12,100.04770000000038
Рівне,2025,1,93.56500000000031
Рівне,2025,2,93.50220000000031
Рівне,2025,3,28.442700000000066
Рівне,2025,4,102.35900000000039
Рівне,2025,5,64.90297999999991
Рівне,2025,6,114.44276999999957
Рівне,2025,7,88.42140999999975
Рівне,2025,8,102.05450000000039
Рівне,2025,9,88.91400000000013
Рівне,2025,10,92.80630000000033
Рівне,2025,11,93.85190000000031
Рівне,2025,12,93.56320000000031
Сарата,2025,1,23.969099999999944
Сарата,2025,2,24.051299999999944
Сарата,2025,3,13.518400000000096
Сарата,2025,4,22.258283333333303
Сарата,2025,5,70.90218000000026
Сарата,2025,6,119.05817999999987
Сарата,2025,7,93.8053800000001
Сарата,2025,8,30.764883333333216
Сарата,2025,9,55.3158000000001
Сарата,2025,10,31.371899999999894
Сарата,2025,11,24.260299999999948
Сарата,2025,12,24.232999999999944
Сарни,2025,1,96.78740000000032
Сарни,2025,2,96.49820000000032
Сарни,2025,3,25.545400000000093
Сарни,2025,4,108.9038000000005
Сарни,2025,5,96.80486000000019
Сарни,2025,6,136.26528
Сарни,2025,7,115.50652000000012
Сарни,2025,8,108.62000000000045
Сарни,2025,9,99.49619999999983
Сарни,2025,10,95.97310000000033
Сарни,2025,11,97.12080000000033
Сарни,2025,12,96.81440000000032
Сватове,2025,1,13.534166666666675
Сватове,2025,2,13.583166666666674
Сватове,2025,3,13.58736666666667
Сватове,2025,4,13.195833333333342
Сватове,2025,5,107.01851000000003
Сватове,2025,6,149.43102000000002
Сватове,2025,7,126.83198999999993
Сватове,2025,8,22.532366666666626
Сватове,2025,9,49.732800000000005
Сватове,2025,10,21.8236666666666
Сватове,2025,11,14.741866666666667
Сватове,2025,12,14.59216666666667
Світловодськ,2025,1,95.06360000000042
Світловодськ,2025,2,94.81320000000042
Світловодськ,2025,3,26.306800000000102
Світловодськ,2025,4,107.76150000000042
Світловодськ,2025,5,72.38096000000016
Світловодськ,2025,6,120.90345999999971
Світловодськ,2025,7,95.27395999999992
Світловодськ,2025,8,107.10650000000044
Світловодськ,2025,9,64.07360000000011
Світловодськ,2025,10,92.74700000000044
Світловодськ,2025,11,95.12010000000043
Світловодськ,2025,12,95.01400000000042
Світязь,2025,1,40.611633333333295
Світязь,2025,2,40.628733333333294
Світязь,2025,3,0.05220000000000001
Світязь,2025,4,38.215899999999976
Світязь,2025,5,91.37028000000046
Світязь,2025,6,134.29848000000013
Світязь,2025,7,111.2150800000003
Світязь,2025,8,45.66113333333331
Світязь,2025,9,52.374999999999766
Світязь,2025,10,47.76863333333333
Світязь,2025,11,40.97563333333329
Світязь,2025,12,40.942133333333295
Севастополь,2025,1,21.015800000000063
Севастополь,2025,2,21.124900000000064
Севастополь,2025,3,38.88939999999991
Севастополь,2025,4,38.35120000000002
Севастополь,2025,5,73.57750000000036
Севастополь,2025,6,119.20692999999994
Севастополь,2025,7,100.09863000000018
Севастополь,2025,8,40.80259999999998
Севастополь,2025,9,53.802900000000044
Севастополь,2025,10,22.039200000000076
Севастополь,2025,11,22.436900000000094
Севастополь,2025,12,22.220700000000093
Селятин,2025,1,78.62690000000026
Селятин,2025,2,78.23670000000025
Селятин,2025,3,35.304500000000026
Селятин,2025,4,82.99950000000035
Селятин,2025,5,96.19794000000012
Селятин,2025,6,137.0584599999998
Селятин,2025,7,116.50147999999994
Селятин,2025,8,83.55430000000035
Селятин,2025,9,96.02199999999979
Селятин,2025,10,78.17570000000026
Селятин,2025,11,78.85740000000025
Селятин,2025,12,78.60140000000025
Семенівка,2025,1,85.05490000000017
Семенівка,2025,2,84.55460000000012
Семенівка,2025,3,24.225800000000014
Семенівка,2025,4,86.7553000000002
Семенівка,2025,5,94.80448000000047
Семенівка,2025,6,135.22534000000002
Семенівка,2025,7,114.47688000000026
Семенівка,2025,8,87.68620000000023
Семенівка,2025,9,98.99579999999985
Семенівка,2025,10,84.76020000000014
Семенівка,2025,11,85.05490000000017
Семенівка,2025,12,85.05490000000017
Сербка,2025,1,8.580600000000022
Сербка,2025,2,8.623100000000024
Сербка,2025,3,0.9514000000000002
Сербка,2025,4,8.68748333333336
Сербка,2025,5,49.7182
Сербка,2025,6,103.5238699999998
Сербка,2025,7,75.73376999999995
Сербка,2025,8,16.85728333333327
Сербка,2025,9,56.543299999999725
Сербка,2025,10,15.818799999999952
Сербка,2025,11,8.536600000000023
Сербка,2025,12,8.521900000000024
Синельникове,2025,1,0.0
Синельникове,2025,2,0.0
Синельникове,2025,3,0.13240000000000002
Синельникове,2025,4,0.04650000000000006
Синельникове,2025,5,66.5062800000002
Синельникове,2025,6,110.63966999999997
Синельникове,2025,7,87.7412500000001
Синельникове,2025,8,9.137300000000014
Синельникове,2025,9,24.640599999999953
Синельникове,2025,10,8.274600000000008
Синельникове,2025,11,0.0
Синельникове,2025,12,0.0
Славське,2025,1,61.36350000000007
Славське,2025,2,59.17710000000005
Славське,2025,3,33.714300000000065
Славське,2025,4,60.21570000000015
Славське,2025,5,93.32840000000034
Славське,2025,6,131.98636000000005
Славське,2025,7,112.80318000000021
Славське,2025,8,61.91840000000019
Славське,2025,9,70.18969999999968
Славське,2025,10,60.29030000000007
Славське,2025,11,61.36350000000007
Славське,2025,12,61.36350000000007
Слобожанське,2025,1,0.0
Слобожанське,2025,2,0.010199999999999999
Слобожанське,2025,3,0.0
Слобожанське,2025,4,0.056100000000000066
Слобожанське,2025,5,90.42052000000061
Слобожанське,2025,6,127.53304000000036
Слобожанське,2025,7,108.68232000000049
Слобожанське,2025,8,8.872500000000015
Слобожанське,2025,9,25.77129999999994
Слобожанське,2025,10,8.164700000000009
Слобожанське,2025,11,0.0
Слобожанське,2025,12,0.0
Сміла,2025,1,0.0536
Сміла,2025,2,0.0536
Сміла,2025,3,0.0
Сміла,2025,4,0.13099999999999962
Сміла,2025,5,90.86412000000061
Сміла,2025,6,127.60224000000035
Сміла,2025,7,108.6378200000005
Сміла,2025,8,8.96690000000003
Сміла,2025,9,54.314400000000106
Сміла,2025,10,8.264000000000006
Сміла,2025,11,0.0536
Сміла,2025,12,0.0536
Сновськ,2025,1,0.3720999999999998
Сновськ,2025,2,0.5090999999999997
Сновськ,2025,3,0.0
Сновськ,2025,4,0.5911000000000021
Сновськ,2025,5,90.17288000000043
Сновськ,2025,6,128.80838000000014
Сновськ,2025,7,109.3139000000003
Сновськ,2025,8,9.41680000000004
Сновськ,2025,9,52.4942333333334
Сновськ,2025,10,8.680700000000007
Сновськ,2025,11,0.3720999999999998
Сновськ,2025,12,0.34569999999999984
Стрий,2025,1,0.15
Стрий,2025,2,0.34319999999999984
Стрий,2025,3,0.1744
Стрий,2025,4,0.38840000000000025
Стрий,2025,5,89.74052000000061
Стрий,2025,6,127.33974000000028
Стрий,2025,7,108.13562000000047
Стрий,2025,8,9.54250000000001
Стрий,2025,9,28.008599999999955
Стрий,2025,10,8.619800000000005
Стрий,2025,11,0.08880000000000002
Стрий,2025,12,0.08880000000000002
Суми,2025,1,95.4780000000003
Суми,2025,2,95.3502000000003
Суми,2025,3,28.436900000000126
Суми,2025,4,109.74830000000055
Суми,2025,5,69.64043999999986
Суми,2025,6,118.4296699999996
Суми,2025,7,92.86890999999977
Суми,2025,8,109.74100000000053
Суми,2025,9,94.37070000000013
Суми,2025,10,94.95350000000029
Суми,2025,11,95.64380000000031
Суми,2025,12,95.40180000000029
Сімферополь,2025,1,64.55829999999976
Сімферополь,2025,2,64.63059999999976
Сімферополь,2025,3,36.06559999999989
Сімферополь,2025,4,78.73800000000004
Сімферополь,2025,5,78.08356000000012
Сімферополь,2025,6,139.99932999999993
Сімферополь,2025,7,109.18153
Сімферополь,2025,8,77.71120000000008
Сімферополь,2025,9,36.96210000000001
Сімферополь,2025,10,62.63429999999979
Сімферополь,2025,11,65.04719999999976
Сімферополь,2025,12,64.99489999999976
Тернопіль,2025,1,93.50830000000025
Тернопіль,2025,2,93.46660000000027
Тернопіль,2025,3,27.031700000000047
Тернопіль,2025,4,101.97730000000034
Тернопіль,2025,5,63.59423999999991
Тернопіль,2025,6,113.74416999999953
Тернопіль,2025,7,87.34090999999972
Тернопіль,2025,8,101.84850000000031
Тернопіль,2025,9,89.9187000000002
Тернопіль,2025,10,92.95010000000028
Тернопіль,2025,11,93.79520000000028
Тернопіль,2025,12,93.50650000000026
Тетерів (Пісківка),2025,1,90.75930000000022
Тетерів (Пісківка),2025,2,90.3335000000002
Тетерів (Пісківка),2025,3,33.74799999999985
Тетерів (Пісківка),2025,4,97.00700000000037
Тетерів (Пісківка),2025,5,95.42184000000009
Тетерів (Пісківка),2025,6,135.29727999999977
Тетерів (Пісківка),2025,7,114.53755999999991
Тетерів (Пісківка),2025,8,96.9424000000004
Тетерів (Пісківка),2025,9,86.76310000000015
Тетерів (Пісківка),2025,10,90.0018000000002
Тетерів (Пісківка),2025,11,91.00390000000024
Тетерів (Пісківка),2025,12,90.73630000000024
Турка,2025,1,81.89570000000026
Турка,2025,2,81.69840000000025
Турка,2025,3,25.834599999999973
Турка,2025,4,84.78320000000035
Турка,2025,5,95.63646000000034
Турка,2025,6,134.7313399999999
Турка,2025,7,114.40548000000018
Турка,2025,8,85.44090000000034
Турка,2025,9,97.02439999999973
Турка,2025,10,81.91550000000025
Турка,2025,11,81.91150000000026
Турка,2025,12,81.88420000000026
Ужгород,2025,1,90.43200000000041
Ужгород,2025,2,90.2371000000004
Ужгород,2025,3,40.53139999999998
Ужгород,2025,4,103.31390000000052
Ужгород,2025,5,90.87882000000016
Ужгород,2025,6,149.07947999999996
Ужгород,2025,7,119.47544
Ужгород,2025,8,102.47120000000054
Ужгород,2025,9,71.91129999999977
Ужгород,2025,10,87.85160000000036
Ужгород,2025,11,90.33420000000041
Ужгород,2025,12,90.27410000000042
Умань,2025,1,94.80790000000033
Умань,2025,2,94.51100000000032
Умань,2025,3,26.1475
Умань,2025,4,106.68750000000044
Умань,2025,5,95.39476000000015
Умань,2025,6,148.20567999999983
Умань,2025,7,121.1728
Умань,2025,8,105.66230000000041
Умань,2025,9,86.37040000000027
Умань,2025,10,92.1442000000003
Умань,2025,11,94.79640000000032
Умань,2025,12,94.70790000000032
Фастів,2025,1,0.3618999999999999
Фастів,2025,2,0.5552999999999999
Фастів,2025,3,0.0
Фастів,2025,4,0.6161000000000025
Фастів,2025,5,85.3223800000005
Фастів,2025,6,123.52026000000032
Фастів,2025,7,103.89564000000045
Фастів,2025,8,9.303800000000038
Фастів,2025,9,56.488499999999725
Фастів,2025,10,8.596100000000003
Фастів,2025,11,0.3456999999999999
Фастів,2025,12,0.3456999999999999
Феодосія,2025,1,62.27799999999985
Феодосія,2025,2,62.311499999999846
Феодосія,2025,3,18.66049999999993
Феодосія,2025,4,78.72030000000005
Феодосія,2025,5,97.42590000000027
Феодосія,2025,6,169.39770000000027
Феодосія,2025,7,136.16449999999995
Феодосія,2025,8,78.47130000000007
Феодосія,2025,9,47.96990000000016
Феодосія,2025,10,60.66389999999985
Феодосія,2025,11,63.012699999999846
Феодосія,2025,12,62.97039999999984
Харків,2025,1,97.99560000000035
Харків,2025,2,97.93280000000038
Харків,2025,3,26.48280000000008
Харків,2025,4,109.93000000000045
Харків,2025,5,65.8649399999999
Харків,2025,6,115.98768999999965
Харків,2025,7,90.0844699999998
Харків,2025,8,109.37670000000038
Харків,2025,9,62.7661000000001
Харків,2025,10,96.95300000000034
Харків,2025,11,98.27260000000037
Харків,2025,12,97.96460000000036
Херсон,2025,1,68.7603999999999
Херсон,2025,2,68.64789999999992
Херсон,2025,3,42.517699999999955
Херсон,2025,4,88.2933000000002
Херсон,2025,5,72.22745999999985
Херсон,2025,6,137.9618799999995
Херсон,2025,7,103.93835999999952
Херсон,2025,8,87.45360000000032
Херсон,2025,9,62.19270000000025
Херсон,2025,10,65.92769999999983
Херсон,2025,11,68.7920999999999
Херсон,2025,12,68.74049999999991
Хмельницький,2025,1,99.04180000000031
Хмельницький,2025,2,99.1123000000003
Хмельницький,2025,3,30.328700000000183
Хмельницький,2025,4,110.56260000000044
Хмельницький,2025,5,65.93463999999987
Хмельницький,2025,6,116.11898999999963
Хмельницький,2025,7,90.25536999999981
Хмельницький,2025,8,110.16280000000042
Хмельницький,2025,9,76.23700000000005
Хмельницький,2025,10,98.32510000000029
Хмельницький,2025,11,99.32560000000032
Хмельницький,2025,12,99.0472000000003
Хмільник,2025,1,99.86750000000032
Хмільник,2025,2,99.39740000000032
Хмільник,2025,3,25.932999999999943
Хмільник,2025,4,106.30800000000043
Хмільник,2025,5,91.99004000000025
Хмільник,2025,6,132.0341799999999
Хмільник,2025,7,111.16942000000012
Хмільник,2025,8,106.21620000000044
Хмільник,2025,9,78.64180000000002
Хмільник,2025,10,98.96650000000032
Хмільник,2025,11,100.08160000000035
Хмільник,2025,12,99.83410000000035
Хорли,2025,1,13.80839999999999
Хорли,2025,2,13.857399999999991
Хорли,2025,3,13.430000000000001
Хорли,2025,4,15.364400000000003
Хорли,2025,5,31.395349999999965
Хорли,2025,6,52.78149999999982
Хорли,2025,7,52.78969999999974
Хорли,2025,8,25.451599999999917
Хорли,2025,9,46.07800000000003
Хорли,2025,10,22.947399999999885
Хорли,2025,11,16.360399999999974
Хорли,2025,12,16.114599999999975
Хуст,2025,1,91.43410000000053
Хуст,2025,2,91.13480000000052
Хуст,2025,3,41.08469999999999
Хуст,2025,4,102.73640000000061
Хуст,2025,5,94.66757999999993
Хуст,2025,6,154.38247999999987
Хуст,2025,7,125.09315999999974
Хуст,2025,8,101.82500000000059
Хуст,2025,9,65.61949999999955
Хуст,2025,10,88.75800000000045
Хуст,2025,11,91.41660000000054
Хуст,2025,12,91.37840000000054
Чаплине,2025,1,96.62880000000038
Чаплине,2025,2,96.33590000000038
Чаплине,2025,3,27.486099999999986
Чаплине,2025,4,102.74920000000047
Чаплине,2025,5,92.65272000000017
Чаплине,2025,6,133.20979999999997
Чаплине,2025,7,111.73074000000005
Чаплине,2025,8,102.27710000000043
Чаплине,2025,9,76.95910000000005
Чаплине,2025,10,95.61130000000038
Чаплине,2025,11,96.94400000000037
Чаплине,2025,12,96.63110000000037
Черкаси,2025,1,90.90060000000031
Черкаси,2025,2,90.62600000000032
Черкаси,2025,3,27.432000000000105
Черкаси,2025,4,102.58110000000035
Черкаси,2025,5,69.35326000000003
Черкаси,2025,6,119.94544999999972
Черкаси,2025,7,93.56768999999994
Черкаси,2025,8,101.90860000000032
Черкаси,2025,9,91.63200000000016
Черкаси,2025,10,88.74410000000032
Черкаси,2025,11,90.95870000000035
Черкаси,2025,12,90.8016000000003
Чернівці,2025,1,93.19560000000033
Чернівці,2025,2,93.01860000000032
Чернівці,2025,3,31.331400000000052
Чернівці,2025,4,109.70520000000042
Чернівці,2025,5,65.25215999999993
Чернівці,2025,6,135.75431999999967
Чернівці,2025,7,100.08495999999975
Чернівці,2025,8,108.76730000000045
Чернівці,2025,9,66.79689999999994
Чернівці,2025,10,90.48440000000032
Чернівці,2025,11,93.1345000000003
Чернівці,2025,12,93.08760000000032
Чернігів,2025,1,96.84490000000031
Чернігів,2025,2,96.56760000000033
Чернігів,2025,3,27.591700000000053
Чернігів,2025,4,109.73500000000041
Чернігів,2025,5,89.43770000000025
Чернігів,2025,6,132.12817999999982
Чернігів,2025,7,109.78102000000008
Чернігів,2025,8,109.42130000000039
Чернігів,2025,9,92.827
Чернігів,2025,10,95.83870000000033
Чернігів,2025,11,97.13080000000032
Чернігів,2025,12,96.83740000000032
Чигирин,2025,1,92.26140000000049
Чигирин,2025,2,92.05250000000048
Чигирин,2025,3,44.73580000000012
Чигирин,2025,4,103.10690000000048
Чигирин,2025,5,81.94096000000016
Чигирин,2025,6,124.1616399999998
Чигирин,2025,7,101.99407999999997
Чигирин,2025,8,102.47930000000044
Чигирин,2025,9,76.40059999999983
Чигирин,2025,10,90.2111000000005
Чигирин,2025,11,92.32280000000048
Чигирин,2025,12,92.18510000000049
Чорнобиль,2025,1,91.78250000000023
Чорнобиль,2025,2,91.39780000000019
Чорнобиль,2025,3,33.61249999999985
Чорнобиль,2025,4,97.4158000000004
Чорнобиль,2025,5,98.15074000000011
Чорнобиль,2025,6,138.25607999999986
Чорнобиль,2025,7,117.60665999999996
Чорнобиль,2025,8,97.40660000000038
Чорнобиль,2025,9,88.81780000000006
Чорнобиль,2025,10,91.06550000000021
Чорнобиль,2025,11,92.02650000000023
Чорнобиль,2025,12,91.77690000000023
Чорноморськ,2025,1,0.7446000000000004
Чорноморськ,2025,2,1.373600000000002
Чорноморськ,2025,3,4.275099999999999
Чорноморськ,2025,4,1.4073999999999989
Чорноморськ,2025,5,65.68808000000021
Чорноморськ,2025,6,110.11796999999997
Чорноморськ,2025,7,86.9540500000001
Чорноморськ,2025,8,9.697300000000025
Чорноморськ,2025,9,23.97719999999997
Чорноморськ,2025,10,9.064000000000005
Чорноморськ,2025,11,0.5754
Чорноморськ,2025,12,0.45479999999999976
Чорноморське,2025,1,61.55719999999968
Чорноморське,2025,2,61.58989999999969
Чорноморське,2025,3,39.156499999999795
Чорноморське,2025,4,75.98550000000002
Чорноморське,2025,5,87.12860000000042
Чорноморське,2025,6,151.66677000000027
Чорноморське,2025,7,119.76097000000034
Чорноморське,2025,8,75.77050000000004
Чорноморське,2025,9,35.68129999999973
Чорноморське,2025,10,60.01759999999968
Чорноморське,2025,11,62.36339999999966
Чорноморське,2025,12,62.323099999999656
Чортків,2025,1,100.8346000000004
Чортків,2025,2,100.66940000000042
Чортків,2025,3,35.52949999999993
Чортків,2025,4,109.25360000000065
Чортків,2025,5,88.82162000000015
Чортків,2025,6,129.42271999999983
Чортків,2025,7,108.19390000000003
Чортків,2025,8,109.31400000000065
Чортків,2025,9,84.41399999999997
Чортків,2025,10,100.35100000000044
Чортків,2025,11,101.09090000000043
Чортків,2025,12,100.84360000000041
Шепетівка,2025,1,98.2705000000003
Шепетівка,2025,2,98.00270000000029
Шепетівка,2025,3,27.094700000000202
Шепетівка,2025,4,110.24160000000043
Шепетівка,2025,5,91.93784000000015
Шепетівка,2025,6,133.3469199999998
Шепетівка,2025,7,111.60415999999998
Шепетівка,2025,8,109.80580000000042
Шепетівка,2025,9,92.43730000000018
Шепетівка,2025,10,97.1169000000003
Шепетівка,2025,11,98.4966000000003
Шепетівка,2025,12,98.22270000000029
Яворів,2025,1,6.739533333333343
Яворів,2025,2,6.761233333333343
Яворів,2025,3,0.0208
Яворів,2025,4,6.507216666666677
Яворів,2025,5,67.52344000000039
Яворів,2025,6,113.92394000000016
Яворів,2025,7,89.9118400000003
Яворів,2025,8,15.110716666666644
Яворів,2025,9,39.7131999999999
Яворів,2025,10,14.300533333333314
Яворів,2025,11,6.740033333333343
Яворів,2025,12,6.712733333333342
Яготин,2025,1,98.4399000000004
Яготин,2025,2,98.2640000000004
Яготин,2025,3,40.18990000000017
Яготин,2025,4,104.68860000000043
Яготин,2025,5,86.96086000000021
Яготин,2025,6,128.9774999999998
Яготин,2025,7,106.96548000000001
Яготин,2025,8,104.1682000000004
Яготин,2025,9,91.49240000000026
Яготин,2025,10,97.50670000000042
Яготин,2025,11,98.75460000000042
Яготин,2025,12,98.4464000000004
Ялта,2025,1,20.329899999999817
Ялта,2025,2,20.482799999999806
Ялта,2025,3,23.45493333333331
Ялта,2025,4,37.582399999999865
Ялта,2025,5,127.26022999999925
Ялта,2025,6,156.62641999999994
Ялта,2025,7,139.8913199999997
Ялта,2025,8,41.145899999999834
Ялта,2025,9,50.17709999999995
Ялта,2025,10,22.101599999999745
Ялта,2025,11,21.760299999999766
Ялта,2025,12,21.52949999999978
Ямпіль,2025,1,6.023499999999999
Ямпіль,2025,2,6.023499999999999
Ямпіль,2025,3,0.18719999999999998
Ямпіль,2025,4,6.417300000000019
Ямпіль,2025,5,79.80978000000052
Ямпіль,2025,6,120.86504000000032
Ямпіль,2025,7,99.88128000000043
Ямпіль,2025,8,15.253700000000027
Ямпіль,2025,9,56.654199999999726
Ямпіль,2025,10,13.978900000000014
Ямпіль,2025,11,6.001799999999999
Ямпіль,2025,12,6.001799999999999
Яремча,2025,1,5.47358333333333
Яремча,2025,2,5.50408333333333
Яремча,2025,3,0.016
Яремча,2025,4,5.304783333333333
Яремча,2025,5,84.02022000000045
Яремча,2025,6,122.41782000000026
Яремча,2025,7,102.90034000000041
Яремча,2025,8,13.70578333333334
Яремча,2025,9,59.29479999999986
Яремча,2025,10,13.195683333333342
Яремча,2025,11,5.47718333333333
Яремча,2025,12,5.44988333333333
